"project_id.x","deployment_id","image_id","filename","location","is_blank","identified_by","wi_taxon_id","class","order","family","genus","species","common_name","uncertainty","timestamp","number_of_objects","age","sex","animal_recognizable","individual_id","individual_animal_notes","behavior","highlighted","markings","cv_confidence","license","project_id.y","placename","longitude","latitude","start_date","end_date","bait_type","bait_description","feature_type","feature_type_methodology","camera_id","camera_name","quiet_period","camera_functioning","sensor_height","height_other","sensor_orientation","orientation_other","plot_treatment","plot_treatment_description","detection_distance","subproject_name","subproject_design","event_name","event_description","event_type","recorded_by","DateTimeOriginal","delta.time.secs","delta.time.mins","delta.time.hours","delta.time.days"
2004409,"S01_T02_2023","b7a4e988-5766-42ee-898a-82174b66f595","site_01__trap_02__2023-07-26__22-55-20(4).JPG","gs://145625598251_2004409_606_usyd_tfe_2022__main/deployment/2244924/prod/directUpload/b7a4e988-5766-42ee-898a-82174b66f595.JPG",0,"Gloria Chan","00049ff0-2ffa-4d82-8cf3-c861fbbfa9d5","Mammalia","Rodentia","Muridae","Rattus","","Rattus Species",NA,"2023-07-26 22:55:20",1,NA,NA,NA,NA,NA,NA,"false",NA,NA,"CC-BY-NC",2004409,"S01_T02",151.7346333,-32.2382,"2023-07-24 00:00:00","2023-07-27 00:00:00","Other","Universal mammal bait","None",NA,2085457,"S01_T02",0,"Camera Functioning","Knee height",NA,"Parallel",NA,NA,NA,NA,"Site_01",NA,NA,NA,NA,NA,2023-07-26 22:55:20,0,0,0,0
2004409,"S01_T02_2023","df60d445-2b1a-4827-b78b-55d6c0b09372","site_01__trap_02__2023-07-27__03-05-05(4).JPG","gs://145625598251_2004409_606_usyd_tfe_2022__main/deployment/2244924/prod/directUpload/df60d445-2b1a-4827-b78b-55d6c0b09372.JPG",0,"Gloria Chan","00049ff0-2ffa-4d82-8cf3-c861fbbfa9d5","Mammalia","Rodentia","Muridae","Rattus","","Rattus Species",NA,"2023-07-27 03:05:05",1,NA,NA,NA,NA,NA,NA,"false",NA,NA,"CC-BY-NC",2004409,"S01_T02",151.7346333,-32.2382,"2023-07-24 00:00:00","2023-07-27 00:00:00","Other","Universal mammal bait","None",NA,2085457,"S01_T02",0,"Camera Functioning","Knee height",NA,"Parallel",NA,NA,NA,NA,"Site_01",NA,NA,NA,NA,NA,2023-07-27 03:05:05,14985,250,4.2,0.2
2004409,"S01_T04_2023","c278297e-124c-4b9a-aaed-2b667a6a1c11","site_01__trap_04__2023-07-24__17-08-27(4).JPG","gs://145625598251_2004409_606_usyd_tfe_2022__main/deployment/2244925/prod/directUpload/c278297e-124c-4b9a-aaed-2b667a6a1c11.JPG",0,"Sylvia Griffin","1f689929-883d-4dae-958c-3d57ab5b6c16","","","","","","Animal",NA,"2023-07-24 17:08:27",1,NA,NA,NA,NA,NA,NA,"false",NA,NA,"CC-BY-NC",2004409,"S01_T04",151.7345333,-32.23855,"2023-07-24 00:00:00","2023-07-27 00:00:00","Other","Universal mammal bait","None",NA,2085458,"S01_T04",0,"Camera Functioning","Knee height",NA,"Parallel",NA,NA,NA,NA,"Site_01",NA,NA,NA,NA,NA,2023-07-24 17:08:27,0,0,0,0
2004409,"S01_T04_2023","d1ded62c-4a4b-457b-98e0-df6aef6d9819","site_01__trap_04__2023-07-24__17-08-24(2).JPG","gs://145625598251_2004409_606_usyd_tfe_2022__main/deployment/2244925/prod/directUpload/d1ded62c-4a4b-457b-98e0-df6aef6d9819.JPG",0,"Aaron Greenville","6e975946-43db-40cf-a4bb-2977319097a1","Mammalia","Dasyuromorphia","Dasyuridae","Antechinus","","Antechinus Species",NA,"2023-07-24 17:08:24",1,NA,NA,NA,NA,NA,NA,"false",NA,NA,"CC-BY-NC",2004409,"S01_T04",151.7345333,-32.23855,"2023-07-24 00:00:00","2023-07-27 00:00:00","Other","Universal mammal bait","None",NA,2085458,"S01_T04",0,"Camera Functioning","Knee height",NA,"Parallel",NA,NA,NA,NA,"Site_01",NA,NA,NA,NA,NA,2023-07-24 17:08:24,0,0,0,0
2004409,"S01_T04_2023","c7844f3e-7816-448c-ade7-3006afccf5d3","site_01__trap_04__2023-07-24__17-08-23(1).JPG","gs://145625598251_2004409_606_usyd_tfe_2022__main/deployment/2244925/prod/directUpload/c7844f3e-7816-448c-ade7-3006afccf5d3.JPG",0,"Sylvia Griffin","f97e5485-9bda-4eeb-83a3-d65ba57f410c","Mammalia","Rodentia","Muridae","Rattus","fuscipes","Bush Rat",NA,"2023-07-24 17:08:23",1,NA,NA,NA,NA,NA,NA,"false",NA,NA,"CC-BY-NC",2004409,"S01_T04",151.7345333,-32.23855,"2023-07-24 00:00:00","2023-07-27 00:00:00","Other","Universal mammal bait","None",NA,2085458,"S01_T04",0,"Camera Functioning","Knee height",NA,"Parallel",NA,NA,NA,NA,"Site_01",NA,NA,NA,NA,NA,2023-07-24 17:08:23,0,0,0,0
2004409,"S01_T04_2023","e1a32e06-9dee-431f-b26f-bc3268fcc64f","site_01__trap_04__2023-07-26__20-47-53(1).JPG","gs://145625598251_2004409_606_usyd_tfe_2022__main/deployment/2244925/prod/directUpload/e1a32e06-9dee-431f-b26f-bc3268fcc64f.JPG",0,"Sylvia Griffin","f97e5485-9bda-4eeb-83a3-d65ba57f410c","Mammalia","Rodentia","Muridae","Rattus","fuscipes","Bush Rat",NA,"2023-07-26 20:47:53",1,NA,NA,NA,NA,NA,NA,"false",NA,NA,"CC-BY-NC",2004409,"S01_T04",151.7345333,-32.23855,"2023-07-24 00:00:00","2023-07-27 00:00:00","Other","Universal mammal bait","None",NA,2085458,"S01_T04",0,"Camera Functioning","Knee height",NA,"Parallel",NA,NA,NA,NA,"Site_01",NA,NA,NA,NA,NA,2023-07-26 20:47:53,185970,3100,51.7,2.2
2004409,"S01_T04_2023","398dc460-e5f4-47cc-8add-7d9d06a27612","site_01__trap_04__2023-07-27__04-50-19(1).JPG","gs://145625598251_2004409_606_usyd_tfe_2022__main/deployment/2244925/prod/directUpload/398dc460-e5f4-47cc-8add-7d9d06a27612.JPG",0,"Sylvia Griffin","f97e5485-9bda-4eeb-83a3-d65ba57f410c","Mammalia","Rodentia","Muridae","Rattus","fuscipes","Bush Rat",NA,"2023-07-27 04:50:19",1,NA,NA,NA,NA,NA,NA,"false",NA,NA,"CC-BY-NC",2004409,"S01_T04",151.7345333,-32.23855,"2023-07-24 00:00:00","2023-07-27 00:00:00","Other","Universal mammal bait","None",NA,2085458,"S01_T04",0,"Camera Functioning","Knee height",NA,"Parallel",NA,NA,NA,NA,"Site_01",NA,NA,NA,NA,NA,2023-07-27 04:50:19,28946,482,8,0.3
2004409,"S01_T04_2023","637cc544-d95e-4abb-9589-4d838a49c88d","site_01__trap_04__2023-07-26__20-47-54(2).JPG","gs://145625598251_2004409_606_usyd_tfe_2022__main/deployment/2244925/prod/directUpload/637cc544-d95e-4abb-9589-4d838a49c88d.JPG",0,"Aaron Greenville","00049ff0-2ffa-4d82-8cf3-c861fbbfa9d5","Mammalia","Rodentia","Muridae","Rattus","","Rattus Species",NA,"2023-07-26 20:47:54",1,NA,NA,NA,NA,NA,NA,"false",NA,NA,"CC-BY-NC",2004409,"S01_T04",151.7345333,-32.23855,"2023-07-24 00:00:00","2023-07-27 00:00:00","Other","Universal mammal bait","None",NA,2085458,"S01_T04",0,"Camera Functioning","Knee height",NA,"Parallel",NA,NA,NA,NA,"Site_01",NA,NA,NA,NA,NA,2023-07-26 20:47:54,0,0,0,0
2004409,"S01_T04_2023","2b47bf84-33cc-4fd8-a77a-a472cccc45c3","site_01__trap_04__2023-07-24__13-55-09(1).JPG","gs://145625598251_2004409_606_usyd_tfe_2022__main/deployment/2244925/prod/directUpload/2b47bf84-33cc-4fd8-a77a-a472cccc45c3.JPG",0,"Aaron Greenville","3450b781-acf9-4bdf-af8f-c555034e0271","Aves","Passeriformes","Acanthizidae","Sericornis","citreogularis","Yellow-throated Scrubwren",NA,"2023-07-24 13:55:09",1,NA,NA,NA,NA,NA,NA,"false",NA,NA,"CC-BY-NC",2004409,"S01_T04",151.7345333,-32.23855,"2023-07-24 00:00:00","2023-07-27 00:00:00","Other","Universal mammal bait","None",NA,2085458,"S01_T04",0,"Camera Functioning","Knee height",NA,"Parallel",NA,NA,NA,NA,"Site_01",NA,NA,NA,NA,NA,2023-07-24 13:55:09,0,0,0,0
2004409,"S01_T04_2023","f54743af-9534-44b6-a87d-49c0fab6923c","site_01__trap_04__2023-07-27__07-18-03(2).JPG","gs://145625598251_2004409_606_usyd_tfe_2022__main/deployment/2244925/prod/directUpload/f54743af-9534-44b6-a87d-49c0fab6923c.JPG",0,"Sylvia Griffin","3450b781-acf9-4bdf-af8f-c555034e0271","Aves","Passeriformes","Acanthizidae","Sericornis","citreogularis","Yellow-throated Scrubwren",NA,"2023-07-27 07:18:03",1,NA,NA,NA,NA,NA,NA,"false",NA,NA,"CC-BY-NC",2004409,"S01_T04",151.7345333,-32.23855,"2023-07-24 00:00:00","2023-07-27 00:00:00","Other","Universal mammal bait","None",NA,2085458,"S01_T04",0,"Camera Functioning","Knee height",NA,"Parallel",NA,NA,NA,NA,"Site_01",NA,NA,NA,NA,NA,2023-07-27 07:18:03,235374,3923,65.4,2.7
2004409,"S01_T08_2023","efeb8629-410b-43f0-99c3-faa0940c0353","site_01__trap_08__2023-07-26__05-14-37(1).JPG","gs://145625598251_2004409_606_usyd_tfe_2022__main/deployment/2244927/prod/directUpload/efeb8629-410b-43f0-99c3-faa0940c0353.JPG",0,"Rhiannon Humphrey","6e975946-43db-40cf-a4bb-2977319097a1","Mammalia","Dasyuromorphia","Dasyuridae","Antechinus","","Antechinus Species",NA,"2023-07-26 05:14:37",1,NA,NA,NA,NA,NA,NA,"false",NA,NA,"CC-BY-NC",2004409,"S01_T08",151.7343167,-32.23871667,"2023-07-24 00:00:00","2023-07-27 00:00:00","Other","Universal mammal bait","None",NA,2085460,"S01_T08",0,"Camera Functioning","Knee height",NA,"Parallel",NA,NA,NA,NA,"Site_01",NA,NA,NA,NA,NA,2023-07-26 05:14:37,0,0,0,0
2004409,"S01_T08_2023","88b4f787-14c6-4387-b2b4-28af511bec6a","site_01__trap_08__2023-07-26__11-58-58(5).JPG","gs://145625598251_2004409_606_usyd_tfe_2022__main/deployment/2244927/prod/directUpload/88b4f787-14c6-4387-b2b4-28af511bec6a.JPG",0,"Rhiannon Humphrey","6e975946-43db-40cf-a4bb-2977319097a1","Mammalia","Dasyuromorphia","Dasyuridae","Antechinus","","Antechinus Species",NA,"2023-07-26 11:58:58",1,NA,NA,NA,NA,NA,NA,"false",NA,NA,"CC-BY-NC",2004409,"S01_T08",151.7343167,-32.23871667,"2023-07-24 00:00:00","2023-07-27 00:00:00","Other","Universal mammal bait","None",NA,2085460,"S01_T08",0,"Camera Functioning","Knee height",NA,"Parallel",NA,NA,NA,NA,"Site_01",NA,NA,NA,NA,NA,2023-07-26 11:58:58,24261,404,6.7,0.3
2004409,"S01_T08_2023","7c9c06d9-61ac-4155-a278-ccc071ccd779","site_01__trap_08__2023-07-26__13-02-26(4).JPG","gs://145625598251_2004409_606_usyd_tfe_2022__main/deployment/2244927/prod/directUpload/7c9c06d9-61ac-4155-a278-ccc071ccd779.JPG",0,"Rhiannon Humphrey","6e975946-43db-40cf-a4bb-2977319097a1","Mammalia","Dasyuromorphia","Dasyuridae","Antechinus","","Antechinus Species",NA,"2023-07-26 13:02:26",1,NA,NA,NA,NA,NA,NA,"false",NA,NA,"CC-BY-NC",2004409,"S01_T08",151.7343167,-32.23871667,"2023-07-24 00:00:00","2023-07-27 00:00:00","Other","Universal mammal bait","None",NA,2085460,"S01_T08",0,"Camera Functioning","Knee height",NA,"Parallel",NA,NA,NA,NA,"Site_01",NA,NA,NA,NA,NA,2023-07-26 13:02:26,3808,63,1,0
2004409,"S01_T08_2023","67595d92-3aa1-467c-bd17-54d4599e1dd8","site_01__trap_08__2023-07-26__16-49-32(1).JPG","gs://145625598251_2004409_606_usyd_tfe_2022__main/deployment/2244927/prod/directUpload/67595d92-3aa1-467c-bd17-54d4599e1dd8.JPG",0,"Rhiannon Humphrey","6e975946-43db-40cf-a4bb-2977319097a1","Mammalia","Dasyuromorphia","Dasyuridae","Antechinus","","Antechinus Species",NA,"2023-07-26 16:49:32",1,NA,NA,NA,NA,NA,NA,"false",NA,NA,"CC-BY-NC",2004409,"S01_T08",151.7343167,-32.23871667,"2023-07-24 00:00:00","2023-07-27 00:00:00","Other","Universal mammal bait","None",NA,2085460,"S01_T08",0,"Camera Functioning","Knee height",NA,"Parallel",NA,NA,NA,NA,"Site_01",NA,NA,NA,NA,NA,2023-07-26 16:49:32,13626,227,3.8,0.2
2004409,"S01_T08_2023","81624273-2677-490a-86f8-94178ac650ea","site_01__trap_08__2023-07-26__17-17-34(1).JPG","gs://145625598251_2004409_606_usyd_tfe_2022__main/deployment/2244927/prod/directUpload/81624273-2677-490a-86f8-94178ac650ea.JPG",0,"Rhiannon Humphrey","6e975946-43db-40cf-a4bb-2977319097a1","Mammalia","Dasyuromorphia","Dasyuridae","Antechinus","","Antechinus Species",NA,"2023-07-26 17:17:34",1,NA,NA,NA,NA,NA,NA,"false",NA,NA,"CC-BY-NC",2004409,"S01_T08",151.7343167,-32.23871667,"2023-07-24 00:00:00","2023-07-27 00:00:00","Other","Universal mammal bait","None",NA,2085460,"S01_T08",0,"Camera Functioning","Knee height",NA,"Parallel",NA,NA,NA,NA,"Site_01",NA,NA,NA,NA,NA,2023-07-26 17:17:34,1682,28,0.5,0
2004409,"S01_T08_2023","1fad3e01-724f-4b6e-842d-036add6d6dc8","site_01__trap_08__2023-07-26__17-22-57(1).JPG","gs://145625598251_2004409_606_usyd_tfe_2022__main/deployment/2244927/prod/directUpload/1fad3e01-724f-4b6e-842d-036add6d6dc8.JPG",0,"Rhiannon Humphrey","6e975946-43db-40cf-a4bb-2977319097a1","Mammalia","Dasyuromorphia","Dasyuridae","Antechinus","","Antechinus Species",NA,"2023-07-26 17:22:57",1,NA,NA,NA,NA,NA,NA,"false",NA,NA,"CC-BY-NC",2004409,"S01_T08",151.7343167,-32.23871667,"2023-07-24 00:00:00","2023-07-27 00:00:00","Other","Universal mammal bait","None",NA,2085460,"S01_T08",0,"Camera Functioning","Knee height",NA,"Parallel",NA,NA,NA,NA,"Site_01",NA,NA,NA,NA,NA,2023-07-26 17:22:57,323,5,0.1,0
2004409,"S01_T08_2023","d4871144-3fa1-4907-9240-90c866d3e252","site_01__trap_08__2023-07-26__17-29-41(1).JPG","gs://145625598251_2004409_606_usyd_tfe_2022__main/deployment/2244927/prod/directUpload/d4871144-3fa1-4907-9240-90c866d3e252.JPG",0,"Rhiannon Humphrey","6e975946-43db-40cf-a4bb-2977319097a1","Mammalia","Dasyuromorphia","Dasyuridae","Antechinus","","Antechinus Species",NA,"2023-07-26 17:29:41",1,NA,NA,NA,NA,NA,NA,"false",NA,NA,"CC-BY-NC",2004409,"S01_T08",151.7343167,-32.23871667,"2023-07-24 00:00:00","2023-07-27 00:00:00","Other","Universal mammal bait","None",NA,2085460,"S01_T08",0,"Camera Functioning","Knee height",NA,"Parallel",NA,NA,NA,NA,"Site_01",NA,NA,NA,NA,NA,2023-07-26 17:29:41,404,7,0.1,0
2004409,"S01_T08_2023","160e243c-2827-4fdb-8842-29f45ad3d38a","site_01__trap_08__2023-07-26__17-45-46(1).JPG","gs://145625598251_2004409_606_usyd_tfe_2022__main/deployment/2244927/prod/directUpload/160e243c-2827-4fdb-8842-29f45ad3d38a.JPG",0,"Rhiannon Humphrey","6e975946-43db-40cf-a4bb-2977319097a1","Mammalia","Dasyuromorphia","Dasyuridae","Antechinus","","Antechinus Species",NA,"2023-07-26 17:45:46",1,NA,NA,NA,NA,NA,NA,"false",NA,NA,"CC-BY-NC",2004409,"S01_T08",151.7343167,-32.23871667,"2023-07-24 00:00:00","2023-07-27 00:00:00","Other","Universal mammal bait","None",NA,2085460,"S01_T08",0,"Camera Functioning","Knee height",NA,"Parallel",NA,NA,NA,NA,"Site_01",NA,NA,NA,NA,NA,2023-07-26 17:45:46,965,16,0.3,0
2004409,"S01_T08_2023","823e2ec6-f95a-4955-a5cc-771ade272f33","site_01__trap_08__2023-07-26__17-51-38(4).JPG","gs://145625598251_2004409_606_usyd_tfe_2022__main/deployment/2244927/prod/directUpload/823e2ec6-f95a-4955-a5cc-771ade272f33.JPG",0,"Rhiannon Humphrey","6e975946-43db-40cf-a4bb-2977319097a1","Mammalia","Dasyuromorphia","Dasyuridae","Antechinus","","Antechinus Species",NA,"2023-07-26 17:51:38",1,NA,NA,NA,NA,NA,NA,"false",NA,NA,"CC-BY-NC",2004409,"S01_T08",151.7343167,-32.23871667,"2023-07-24 00:00:00","2023-07-27 00:00:00","Other","Universal mammal bait","None",NA,2085460,"S01_T08",0,"Camera Functioning","Knee height",NA,"Parallel",NA,NA,NA,NA,"Site_01",NA,NA,NA,NA,NA,2023-07-26 17:51:38,352,6,0.1,0
2004409,"S01_T08_2023","c7c4ed10-a6bd-4000-a594-be891bb45fcd","site_01__trap_08__2023-07-26__18-24-16(1).JPG","gs://145625598251_2004409_606_usyd_tfe_2022__main/deployment/2244927/prod/directUpload/c7c4ed10-a6bd-4000-a594-be891bb45fcd.JPG",0,"Aaron Greenville","6e975946-43db-40cf-a4bb-2977319097a1","Mammalia","Dasyuromorphia","Dasyuridae","Antechinus","","Antechinus Species",NA,"2023-07-26 18:24:16",1,NA,NA,NA,NA,NA,NA,"false",NA,NA,"CC-BY-NC",2004409,"S01_T08",151.7343167,-32.23871667,"2023-07-24 00:00:00","2023-07-27 00:00:00","Other","Universal mammal bait","None",NA,2085460,"S01_T08",0,"Camera Functioning","Knee height",NA,"Parallel",NA,NA,NA,NA,"Site_01",NA,NA,NA,NA,NA,2023-07-26 18:24:16,1958,33,0.6,0
2004409,"S01_T08_2023","003b45b8-b253-4918-8772-0a9210c6f1f8","site_01__trap_08__2023-07-26__18-32-07(1).JPG","gs://145625598251_2004409_606_usyd_tfe_2022__main/deployment/2244927/prod/directUpload/003b45b8-b253-4918-8772-0a9210c6f1f8.JPG",0,"Aaron Greenville","6e975946-43db-40cf-a4bb-2977319097a1","Mammalia","Dasyuromorphia","Dasyuridae","Antechinus","","Antechinus Species",NA,"2023-07-26 18:32:07",1,NA,NA,NA,NA,NA,NA,"false",NA,NA,"CC-BY-NC",2004409,"S01_T08",151.7343167,-32.23871667,"2023-07-24 00:00:00","2023-07-27 00:00:00","Other","Universal mammal bait","None",NA,2085460,"S01_T08",0,"Camera Functioning","Knee height",NA,"Parallel",NA,NA,NA,NA,"Site_01",NA,NA,NA,NA,NA,2023-07-26 18:32:07,471,8,0.1,0
2004409,"S01_T08_2023","867e2d97-d926-4fb1-98ed-02a3105e47b0","site_01__trap_08__2023-07-26__21-28-15(2).JPG","gs://145625598251_2004409_606_usyd_tfe_2022__main/deployment/2244927/prod/directUpload/867e2d97-d926-4fb1-98ed-02a3105e47b0.JPG",0,"Aaron Greenville","6e975946-43db-40cf-a4bb-2977319097a1","Mammalia","Dasyuromorphia","Dasyuridae","Antechinus","","Antechinus Species",NA,"2023-07-26 21:28:15",1,NA,NA,NA,NA,NA,NA,"false",NA,NA,"CC-BY-NC",2004409,"S01_T08",151.7343167,-32.23871667,"2023-07-24 00:00:00","2023-07-27 00:00:00","Other","Universal mammal bait","None",NA,2085460,"S01_T08",0,"Camera Functioning","Knee height",NA,"Parallel",NA,NA,NA,NA,"Site_01",NA,NA,NA,NA,NA,2023-07-26 21:28:15,10568,176,2.9,0.1
2004409,"S01_T08_2023","f82f04ae-8189-43e3-bdd8-455bffacbc66","site_01__trap_08__2023-07-26__22-24-57(1).JPG","gs://145625598251_2004409_606_usyd_tfe_2022__main/deployment/2244927/prod/directUpload/f82f04ae-8189-43e3-bdd8-455bffacbc66.JPG",0,"Rhiannon Humphrey","6e975946-43db-40cf-a4bb-2977319097a1","Mammalia","Dasyuromorphia","Dasyuridae","Antechinus","","Antechinus Species",NA,"2023-07-26 22:24:57",1,NA,NA,NA,NA,NA,NA,"false",NA,NA,"CC-BY-NC",2004409,"S01_T08",151.7343167,-32.23871667,"2023-07-24 00:00:00","2023-07-27 00:00:00","Other","Universal mammal bait","None",NA,2085460,"S01_T08",0,"Camera Functioning","Knee height",NA,"Parallel",NA,NA,NA,NA,"Site_01",NA,NA,NA,NA,NA,2023-07-26 22:24:57,3402,57,0.9,0
2004409,"S01_T08_2023","54b3cfee-54ec-45fd-9138-5a5f6ce22f16","site_01__trap_08__2023-07-26__22-30-01(1).JPG","gs://145625598251_2004409_606_usyd_tfe_2022__main/deployment/2244927/prod/directUpload/54b3cfee-54ec-45fd-9138-5a5f6ce22f16.JPG",0,"Rhiannon Humphrey","6e975946-43db-40cf-a4bb-2977319097a1","Mammalia","Dasyuromorphia","Dasyuridae","Antechinus","","Antechinus Species",NA,"2023-07-26 22:30:01",1,NA,NA,NA,NA,NA,NA,"false",NA,NA,"CC-BY-NC",2004409,"S01_T08",151.7343167,-32.23871667,"2023-07-24 00:00:00","2023-07-27 00:00:00","Other","Universal mammal bait","None",NA,2085460,"S01_T08",0,"Camera Functioning","Knee height",NA,"Parallel",NA,NA,NA,NA,"Site_01",NA,NA,NA,NA,NA,2023-07-26 22:30:01,304,5,0.1,0
2004409,"S01_T08_2023","ea69371c-e68e-4aaf-9a1e-7301da088cbd","site_01__trap_08__2023-07-27__01-02-13(1).JPG","gs://145625598251_2004409_606_usyd_tfe_2022__main/deployment/2244927/prod/directUpload/ea69371c-e68e-4aaf-9a1e-7301da088cbd.JPG",0,"Rhiannon Humphrey","6e975946-43db-40cf-a4bb-2977319097a1","Mammalia","Dasyuromorphia","Dasyuridae","Antechinus","","Antechinus Species",NA,"2023-07-27 01:02:13",1,NA,NA,NA,NA,NA,NA,"false",NA,NA,"CC-BY-NC",2004409,"S01_T08",151.7343167,-32.23871667,"2023-07-24 00:00:00","2023-07-27 00:00:00","Other","Universal mammal bait","None",NA,2085460,"S01_T08",0,"Camera Functioning","Knee height",NA,"Parallel",NA,NA,NA,NA,"Site_01",NA,NA,NA,NA,NA,2023-07-27 01:02:13,9132,152,2.5,0.1
2004409,"S01_T08_2023","382e77ce-ff30-4520-ba74-4d0096a89777","site_01__trap_08__2023-07-27__04-38-55(1).JPG","gs://145625598251_2004409_606_usyd_tfe_2022__main/deployment/2244927/prod/directUpload/382e77ce-ff30-4520-ba74-4d0096a89777.JPG",0,"Rhiannon Humphrey","6e975946-43db-40cf-a4bb-2977319097a1","Mammalia","Dasyuromorphia","Dasyuridae","Antechinus","","Antechinus Species",NA,"2023-07-27 04:38:55",1,NA,NA,NA,NA,NA,NA,"false",NA,NA,"CC-BY-NC",2004409,"S01_T08",151.7343167,-32.23871667,"2023-07-24 00:00:00","2023-07-27 00:00:00","Other","Universal mammal bait","None",NA,2085460,"S01_T08",0,"Camera Functioning","Knee height",NA,"Parallel",NA,NA,NA,NA,"Site_01",NA,NA,NA,NA,NA,2023-07-27 04:38:55,13002,217,3.6,0.1
2004409,"S01_T08_2023","edba68cf-a391-46de-9734-dfc0c3d6d28c","site_01__trap_08__2023-07-27__04-45-03(1).JPG","gs://145625598251_2004409_606_usyd_tfe_2022__main/deployment/2244927/prod/directUpload/edba68cf-a391-46de-9734-dfc0c3d6d28c.JPG",0,"Rhiannon Humphrey","6e975946-43db-40cf-a4bb-2977319097a1","Mammalia","Dasyuromorphia","Dasyuridae","Antechinus","","Antechinus Species",NA,"2023-07-27 04:45:03",1,NA,NA,NA,NA,NA,NA,"false",NA,NA,"CC-BY-NC",2004409,"S01_T08",151.7343167,-32.23871667,"2023-07-24 00:00:00","2023-07-27 00:00:00","Other","Universal mammal bait","None",NA,2085460,"S01_T08",0,"Camera Functioning","Knee height",NA,"Parallel",NA,NA,NA,NA,"Site_01",NA,NA,NA,NA,NA,2023-07-27 04:45:03,368,6,0.1,0
2004409,"S01_T08_2023","ab72b617-ca39-4f34-82a4-c45a320ca837","site_01__trap_08__2023-07-27__05-27-28(6).JPG","gs://145625598251_2004409_606_usyd_tfe_2022__main/deployment/2244927/prod/directUpload/ab72b617-ca39-4f34-82a4-c45a320ca837.JPG",0,"Alec Boal","6e975946-43db-40cf-a4bb-2977319097a1","Mammalia","Dasyuromorphia","Dasyuridae","Antechinus","","Antechinus Species",NA,"2023-07-27 05:27:28",1,NA,NA,NA,NA,NA,NA,"false",NA,NA,"CC-BY-NC",2004409,"S01_T08",151.7343167,-32.23871667,"2023-07-24 00:00:00","2023-07-27 00:00:00","Other","Universal mammal bait","None",NA,2085460,"S01_T08",0,"Camera Functioning","Knee height",NA,"Parallel",NA,NA,NA,NA,"Site_01",NA,NA,NA,NA,NA,2023-07-27 05:27:28,2545,42,0.7,0
2004409,"S01_T08_2023","184349cd-2d47-409c-aa3b-253dd382644c","site_01__trap_08__2023-07-25__20-01-15(1).JPG","gs://145625598251_2004409_606_usyd_tfe_2022__main/deployment/2244927/prod/directUpload/184349cd-2d47-409c-aa3b-253dd382644c.JPG",0,"Rhiannon Humphrey","00049ff0-2ffa-4d82-8cf3-c861fbbfa9d5","Mammalia","Rodentia","Muridae","Rattus","","Rattus Species",NA,"2023-07-25 20:01:15",1,NA,NA,NA,NA,NA,NA,"false",NA,NA,"CC-BY-NC",2004409,"S01_T08",151.7343167,-32.23871667,"2023-07-24 00:00:00","2023-07-27 00:00:00","Other","Universal mammal bait","None",NA,2085460,"S01_T08",0,"Camera Functioning","Knee height",NA,"Parallel",NA,NA,NA,NA,"Site_01",NA,NA,NA,NA,NA,2023-07-25 20:01:15,0,0,0,0
2004409,"S01_T08_2023","f22c1a9b-c3bb-4423-97e3-76c9092fc69a","site_01__trap_08__2023-07-26__17-51-12(1).JPG","gs://145625598251_2004409_606_usyd_tfe_2022__main/deployment/2244927/prod/directUpload/f22c1a9b-c3bb-4423-97e3-76c9092fc69a.JPG",0,"Aaron Greenville","00049ff0-2ffa-4d82-8cf3-c861fbbfa9d5","Mammalia","Rodentia","Muridae","Rattus","","Rattus Species",NA,"2023-07-26 17:51:12",1,NA,NA,NA,NA,NA,NA,"false",NA,NA,"CC-BY-NC",2004409,"S01_T08",151.7343167,-32.23871667,"2023-07-24 00:00:00","2023-07-27 00:00:00","Other","Universal mammal bait","None",NA,2085460,"S01_T08",0,"Camera Functioning","Knee height",NA,"Parallel",NA,NA,NA,NA,"Site_01",NA,NA,NA,NA,NA,2023-07-26 17:51:12,78597,1310,21.8,0.9
2004409,"S01_T08_2023","d7048949-a64f-44b7-8805-e5314024fcf5","site_01__trap_08__2023-07-26__21-28-14(1).JPG","gs://145625598251_2004409_606_usyd_tfe_2022__main/deployment/2244927/prod/directUpload/d7048949-a64f-44b7-8805-e5314024fcf5.JPG",0,"Aaron Greenville","00049ff0-2ffa-4d82-8cf3-c861fbbfa9d5","Mammalia","Rodentia","Muridae","Rattus","","Rattus Species",NA,"2023-07-26 21:28:14",1,NA,NA,NA,NA,NA,NA,"false",NA,NA,"CC-BY-NC",2004409,"S01_T08",151.7343167,-32.23871667,"2023-07-24 00:00:00","2023-07-27 00:00:00","Other","Universal mammal bait","None",NA,2085460,"S01_T08",0,"Camera Functioning","Knee height",NA,"Parallel",NA,NA,NA,NA,"Site_01",NA,NA,NA,NA,NA,2023-07-26 21:28:14,13022,217,3.6,0.1
2004409,"S01_T08_2023","cc3fa754-2a10-4b5d-9c97-d4cd165b83bd","site_01__trap_08__2023-07-27__01-07-42(1).JPG","gs://145625598251_2004409_606_usyd_tfe_2022__main/deployment/2244927/prod/directUpload/cc3fa754-2a10-4b5d-9c97-d4cd165b83bd.JPG",0,"Aaron Greenville","00049ff0-2ffa-4d82-8cf3-c861fbbfa9d5","Mammalia","Rodentia","Muridae","Rattus","","Rattus Species",NA,"2023-07-27 01:07:42",1,NA,NA,NA,NA,NA,NA,"false",NA,NA,"CC-BY-NC",2004409,"S01_T08",151.7343167,-32.23871667,"2023-07-24 00:00:00","2023-07-27 00:00:00","Other","Universal mammal bait","None",NA,2085460,"S01_T08",0,"Camera Functioning","Knee height",NA,"Parallel",NA,NA,NA,NA,"Site_01",NA,NA,NA,NA,NA,2023-07-27 01:07:42,13168,219,3.6,0.1
2004409,"S01_T08_2023","d253ee83-8d16-4cfa-8b8d-efb60e9ce769","site_01__trap_08__2023-07-27__01-06-33(1).JPG","gs://145625598251_2004409_606_usyd_tfe_2022__main/deployment/2244927/prod/directUpload/d253ee83-8d16-4cfa-8b8d-efb60e9ce769.JPG",0,"Rhiannon Humphrey","d8cabc3b-7bbe-45b0-b9a9-600e114d189b","Mammalia","","","","","Small Mammal",NA,"2023-07-27 01:06:33",1,NA,NA,NA,NA,NA,NA,"false",NA,NA,"CC-BY-NC",2004409,"S01_T08",151.7343167,-32.23871667,"2023-07-24 00:00:00","2023-07-27 00:00:00","Other","Universal mammal bait","None",NA,2085460,"S01_T08",0,"Camera Functioning","Knee height",NA,"Parallel",NA,NA,NA,NA,"Site_01",NA,NA,NA,NA,NA,2023-07-27 01:06:33,0,0,0,0
2004409,"S01_T10_2023","cf5c07cc-6aaf-4912-b050-d67e1daaa850","site_01__trap_10__2023-07-26__23-29-00(1).JPG","gs://145625598251_2004409_606_usyd_tfe_2022__main/deployment/2244928/prod/directUpload/cf5c07cc-6aaf-4912-b050-d67e1daaa850.JPG",0,"Gloria Chan","6e975946-43db-40cf-a4bb-2977319097a1","Mammalia","Dasyuromorphia","Dasyuridae","Antechinus","","Antechinus Species",NA,"2023-07-26 23:29:00",2,NA,NA,NA,NA,NA,NA,"false",NA,NA,"CC-BY-NC",2004409,"S01_T10",151.7345,-32.23898333,"2023-07-24 00:00:00","2023-07-27 00:00:00","Other","Universal mammal bait","None",NA,2085461,"S01_T10",0,"Camera Functioning","Knee height",NA,"Parallel",NA,NA,NA,NA,"Site_01",NA,NA,NA,NA,NA,2023-07-26 23:29:00,0,0,0,0
2004409,"S01_T10_2023","9a1cde0f-0fdd-4ad3-a71c-2db84f02499e","site_01__trap_10__2023-07-27__01-38-03(1).JPG","gs://145625598251_2004409_606_usyd_tfe_2022__main/deployment/2244928/prod/directUpload/9a1cde0f-0fdd-4ad3-a71c-2db84f02499e.JPG",0,"Gloria Chan","6e975946-43db-40cf-a4bb-2977319097a1","Mammalia","Dasyuromorphia","Dasyuridae","Antechinus","","Antechinus Species",NA,"2023-07-27 01:38:03",1,NA,NA,NA,NA,NA,NA,"false",NA,NA,"CC-BY-NC",2004409,"S01_T10",151.7345,-32.23898333,"2023-07-24 00:00:00","2023-07-27 00:00:00","Other","Universal mammal bait","None",NA,2085461,"S01_T10",0,"Camera Functioning","Knee height",NA,"Parallel",NA,NA,NA,NA,"Site_01",NA,NA,NA,NA,NA,2023-07-27 01:38:03,7743,129,2.1,0.1
2004409,"S01_T10_2023","22373fe7-9d20-4772-9ca4-4578349bf13a","site_01__trap_10__2023-07-27__05-10-37(1).JPG","gs://145625598251_2004409_606_usyd_tfe_2022__main/deployment/2244928/prod/directUpload/22373fe7-9d20-4772-9ca4-4578349bf13a.JPG",0,"Alec Boal","6e975946-43db-40cf-a4bb-2977319097a1","Mammalia","Dasyuromorphia","Dasyuridae","Antechinus","","Antechinus Species",NA,"2023-07-27 05:10:37",1,NA,NA,NA,NA,NA,NA,"false",NA,NA,"CC-BY-NC",2004409,"S01_T10",151.7345,-32.23898333,"2023-07-24 00:00:00","2023-07-27 00:00:00","Other","Universal mammal bait","None",NA,2085461,"S01_T10",0,"Camera Functioning","Knee height",NA,"Parallel",NA,NA,NA,NA,"Site_01",NA,NA,NA,NA,NA,2023-07-27 05:10:37,12754,213,3.5,0.1
2004409,"S01_T10_2023","d5f3b5c4-6adc-4bf6-ae2f-64fe38bc9796","site_01__trap_10__2023-07-26__23-28-41(1).JPG","gs://145625598251_2004409_606_usyd_tfe_2022__main/deployment/2244928/prod/directUpload/d5f3b5c4-6adc-4bf6-ae2f-64fe38bc9796.JPG",0,"Gloria Chan","00049ff0-2ffa-4d82-8cf3-c861fbbfa9d5","Mammalia","Rodentia","Muridae","Rattus","","Rattus Species",NA,"2023-07-26 23:28:41",1,NA,NA,NA,NA,NA,NA,"false",NA,NA,"CC-BY-NC",2004409,"S01_T10",151.7345,-32.23898333,"2023-07-24 00:00:00","2023-07-27 00:00:00","Other","Universal mammal bait","None",NA,2085461,"S01_T10",0,"Camera Functioning","Knee height",NA,"Parallel",NA,NA,NA,NA,"Site_01",NA,NA,NA,NA,NA,2023-07-26 23:28:41,0,0,0,0
2004409,"S01_T10_2023","1458308f-e535-416f-8e9f-4a647541e1ac","site_01__trap_10__2023-07-27__02-19-45(1).JPG","gs://145625598251_2004409_606_usyd_tfe_2022__main/deployment/2244928/prod/directUpload/1458308f-e535-416f-8e9f-4a647541e1ac.JPG",0,"Gloria Chan","00049ff0-2ffa-4d82-8cf3-c861fbbfa9d5","Mammalia","Rodentia","Muridae","Rattus","","Rattus Species",NA,"2023-07-27 02:19:45",1,NA,NA,NA,NA,NA,NA,"false",NA,NA,"CC-BY-NC",2004409,"S01_T10",151.7345,-32.23898333,"2023-07-24 00:00:00","2023-07-27 00:00:00","Other","Universal mammal bait","None",NA,2085461,"S01_T10",0,"Camera Functioning","Knee height",NA,"Parallel",NA,NA,NA,NA,"Site_01",NA,NA,NA,NA,NA,2023-07-27 02:19:45,10264,171,2.9,0.1
2004409,"S01_T10_2023","49ce2480-2c81-4a8f-b810-ba2dc1af5ce6","site_01__trap_10__2023-07-27__02-59-39(5).JPG","gs://145625598251_2004409_606_usyd_tfe_2022__main/deployment/2244928/prod/directUpload/49ce2480-2c81-4a8f-b810-ba2dc1af5ce6.JPG",0,"Alec Boal","90d950db-2106-4bd9-a4c1-777604c3eada","Mammalia","Rodentia","","","","Rodent",NA,"2023-07-27 02:59:39",1,NA,NA,NA,NA,NA,NA,"false",NA,NA,"CC-BY-NC",2004409,"S01_T10",151.7345,-32.23898333,"2023-07-24 00:00:00","2023-07-27 00:00:00","Other","Universal mammal bait","None",NA,2085461,"S01_T10",0,"Camera Functioning","Knee height",NA,"Parallel",NA,NA,NA,NA,"Site_01",NA,NA,NA,NA,NA,2023-07-27 02:59:39,0,0,0,0
2004409,"S01_T12_2023","99b95b90-9ecd-4419-ab0d-72d5b99541e2","site_01__trap_12__2023-07-27__02-57-06(1).JPG","gs://145625598251_2004409_606_usyd_tfe_2022__main/deployment/2244929/prod/directUpload/99b95b90-9ecd-4419-ab0d-72d5b99541e2.JPG",0,"Sylvia Griffin","f97e5485-9bda-4eeb-83a3-d65ba57f410c","Mammalia","Rodentia","Muridae","Rattus","fuscipes","Bush Rat",NA,"2023-07-27 02:57:06",1,NA,NA,NA,NA,NA,NA,"false",NA,NA,"CC-BY-NC",2004409,"S01_T12",151.7345833,-32.23945,"2023-07-24 00:00:00","2023-07-27 00:00:00","Other","Universal mammal bait","None",NA,2085462,"S01_T12",0,"Camera Functioning","Knee height",NA,"Parallel",NA,NA,NA,NA,"Site_01",NA,NA,NA,NA,NA,2023-07-27 02:57:06,0,0,0,0
2004409,"S01_T14_2023","8ce44db5-1a71-478e-8ea8-345bb3369582","site_01__trap_14__2023-07-24__19-50-08(1).JPG","gs://145625598251_2004409_606_usyd_tfe_2022__main/deployment/2244930/prod/directUpload/8ce44db5-1a71-478e-8ea8-345bb3369582.JPG",0,"Yida Jiang","6e975946-43db-40cf-a4bb-2977319097a1","Mammalia","Dasyuromorphia","Dasyuridae","Antechinus","","Antechinus Species",NA,"2023-07-24 19:50:08",1,NA,NA,NA,NA,NA,NA,"false",NA,NA,"CC-BY-NC",2004409,"S01_T14",151.733535,-32.23854833,"2023-07-24 00:00:00","2023-07-27 00:00:00","Other","Universal mammal bait","None",NA,2085463,"S01_T14",0,"Camera Functioning","Knee height",NA,"Parallel",NA,NA,NA,NA,"Site_01",NA,NA,NA,NA,NA,2023-07-24 19:50:08,0,0,0,0
2004409,"S01_T14_2023","8ffe4c9d-c808-4725-af51-7534fc5956f4","site_01__trap_14__2023-07-24__22-27-15(1).JPG","gs://145625598251_2004409_606_usyd_tfe_2022__main/deployment/2244930/prod/directUpload/8ffe4c9d-c808-4725-af51-7534fc5956f4.JPG",0,"Sylvia Griffin","6ccf0c56-72ce-49c5-84bd-3aca403c1b26","Mammalia","Dasyuromorphia","Dasyuridae","Antechinus","stuartii","Brown Antechinus",NA,"2023-07-24 22:27:15",1,NA,NA,NA,NA,NA,NA,"false",NA,NA,"CC-BY-NC",2004409,"S01_T14",151.733535,-32.23854833,"2023-07-24 00:00:00","2023-07-27 00:00:00","Other","Universal mammal bait","None",NA,2085463,"S01_T14",0,"Camera Functioning","Knee height",NA,"Parallel",NA,NA,NA,NA,"Site_01",NA,NA,NA,NA,NA,2023-07-24 22:27:15,0,0,0,0
2004409,"S01_T14_2023","5ab1bb51-49aa-449d-8a78-c6869ff7a7c6","site_01__trap_14__2023-07-26__23-00-50(1).JPG","gs://145625598251_2004409_606_usyd_tfe_2022__main/deployment/2244930/prod/directUpload/5ab1bb51-49aa-449d-8a78-c6869ff7a7c6.JPG",0,"Sylvia Griffin","f97e5485-9bda-4eeb-83a3-d65ba57f410c","Mammalia","Rodentia","Muridae","Rattus","fuscipes","Bush Rat",NA,"2023-07-26 23:00:50",1,NA,NA,NA,NA,NA,NA,"false",NA,NA,"CC-BY-NC",2004409,"S01_T14",151.733535,-32.23854833,"2023-07-24 00:00:00","2023-07-27 00:00:00","Other","Universal mammal bait","None",NA,2085463,"S01_T14",0,"Camera Functioning","Knee height",NA,"Parallel",NA,NA,NA,NA,"Site_01",NA,NA,NA,NA,NA,2023-07-26 23:00:50,0,0,0,0
2004409,"S01_T14_2023","38df22b4-5588-4154-994a-2470c0aa1981","site_01__trap_14__2023-07-27__02-14-04(1).JPG","gs://145625598251_2004409_606_usyd_tfe_2022__main/deployment/2244930/prod/directUpload/38df22b4-5588-4154-994a-2470c0aa1981.JPG",0,"Sylvia Griffin","f97e5485-9bda-4eeb-83a3-d65ba57f410c","Mammalia","Rodentia","Muridae","Rattus","fuscipes","Bush Rat",NA,"2023-07-27 02:14:04",1,NA,NA,NA,NA,NA,NA,"false",NA,NA,"CC-BY-NC",2004409,"S01_T14",151.733535,-32.23854833,"2023-07-24 00:00:00","2023-07-27 00:00:00","Other","Universal mammal bait","None",NA,2085463,"S01_T14",0,"Camera Functioning","Knee height",NA,"Parallel",NA,NA,NA,NA,"Site_01",NA,NA,NA,NA,NA,2023-07-27 02:14:04,11594,193,3.2,0.1
2004409,"S01_T14_2023","dfe98300-a59a-4464-8e5c-5478137289e0","site_01__trap_14__2023-07-24__19-49-51(1).JPG","gs://145625598251_2004409_606_usyd_tfe_2022__main/deployment/2244930/prod/directUpload/dfe98300-a59a-4464-8e5c-5478137289e0.JPG",0,"Yida Jiang","d8cabc3b-7bbe-45b0-b9a9-600e114d189b","Mammalia","","","","","Small Mammal",NA,"2023-07-24 19:49:51",1,NA,NA,NA,NA,NA,NA,"false",NA,NA,"CC-BY-NC",2004409,"S01_T14",151.733535,-32.23854833,"2023-07-24 00:00:00","2023-07-27 00:00:00","Other","Universal mammal bait","None",NA,2085463,"S01_T14",0,"Camera Functioning","Knee height",NA,"Parallel",NA,NA,NA,NA,"Site_01",NA,NA,NA,NA,NA,2023-07-24 19:49:51,0,0,0,0
2004409,"S01_T18_2023","8f025d0c-5422-4977-9d39-3a96f33cf304","site_01__trap_18__2023-07-26__19-24-03(1).JPG","gs://145625598251_2004409_606_usyd_tfe_2022__main/deployment/2244932/prod/directUpload/8f025d0c-5422-4977-9d39-3a96f33cf304.JPG",0,"Sylvia Griffin","f97e5485-9bda-4eeb-83a3-d65ba57f410c","Mammalia","Rodentia","Muridae","Rattus","fuscipes","Bush Rat",NA,"2023-07-26 19:24:03",1,NA,NA,NA,NA,NA,NA,"false",NA,NA,"CC-BY-NC",2004409,"S01_T18",151.733905,-32.23817667,"2023-07-24 00:00:00","2023-07-27 00:00:00","Other","Universal mammal bait","None",NA,2085465,"S01_T18",0,"Camera Functioning","Knee height",NA,"Parallel",NA,NA,NA,NA,"Site_01",NA,NA,NA,NA,NA,2023-07-26 19:24:03,0,0,0,0
2004409,"S01_T18_2023","4e213636-1e69-4acb-b181-7ea27524f62e","site_01__trap_18__2023-07-26__19-29-18(1).JPG","gs://145625598251_2004409_606_usyd_tfe_2022__main/deployment/2244932/prod/directUpload/4e213636-1e69-4acb-b181-7ea27524f62e.JPG",0,"Sylvia Griffin","f97e5485-9bda-4eeb-83a3-d65ba57f410c","Mammalia","Rodentia","Muridae","Rattus","fuscipes","Bush Rat",NA,"2023-07-26 19:29:18",1,NA,NA,NA,NA,NA,NA,"false",NA,NA,"CC-BY-NC",2004409,"S01_T18",151.733905,-32.23817667,"2023-07-24 00:00:00","2023-07-27 00:00:00","Other","Universal mammal bait","None",NA,2085465,"S01_T18",0,"Camera Functioning","Knee height",NA,"Parallel",NA,NA,NA,NA,"Site_01",NA,NA,NA,NA,NA,2023-07-26 19:29:18,315,5,0.1,0
2004409,"S01_T18_2023","5a5bf9f7-140b-4da8-b02c-155a65ca1b86","site_01__trap_18__2023-07-26__20-57-47(1).JPG","gs://145625598251_2004409_606_usyd_tfe_2022__main/deployment/2244932/prod/directUpload/5a5bf9f7-140b-4da8-b02c-155a65ca1b86.JPG",0,"Sylvia Griffin","f97e5485-9bda-4eeb-83a3-d65ba57f410c","Mammalia","Rodentia","Muridae","Rattus","fuscipes","Bush Rat",NA,"2023-07-26 20:57:47",1,NA,NA,NA,NA,NA,NA,"false",NA,NA,"CC-BY-NC",2004409,"S01_T18",151.733905,-32.23817667,"2023-07-24 00:00:00","2023-07-27 00:00:00","Other","Universal mammal bait","None",NA,2085465,"S01_T18",0,"Camera Functioning","Knee height",NA,"Parallel",NA,NA,NA,NA,"Site_01",NA,NA,NA,NA,NA,2023-07-26 20:57:47,5309,88,1.5,0.1
2004409,"S01_T18_2023","7b749bca-d0b0-4a3b-8843-ae9490b06f5d","site_01__trap_18__2023-07-26__22-33-46(1).JPG","gs://145625598251_2004409_606_usyd_tfe_2022__main/deployment/2244932/prod/directUpload/7b749bca-d0b0-4a3b-8843-ae9490b06f5d.JPG",0,"Sylvia Griffin","f97e5485-9bda-4eeb-83a3-d65ba57f410c","Mammalia","Rodentia","Muridae","Rattus","fuscipes","Bush Rat",NA,"2023-07-26 22:33:46",1,NA,NA,NA,NA,NA,NA,"false",NA,NA,"CC-BY-NC",2004409,"S01_T18",151.733905,-32.23817667,"2023-07-24 00:00:00","2023-07-27 00:00:00","Other","Universal mammal bait","None",NA,2085465,"S01_T18",0,"Camera Functioning","Knee height",NA,"Parallel",NA,NA,NA,NA,"Site_01",NA,NA,NA,NA,NA,2023-07-26 22:33:46,5759,96,1.6,0.1
2004409,"S01_T18_2023","85abe27a-d88e-4b6b-830e-0074c97d9c1f","site_01__trap_18__2023-07-26__22-55-29(1).JPG","gs://145625598251_2004409_606_usyd_tfe_2022__main/deployment/2244932/prod/directUpload/85abe27a-d88e-4b6b-830e-0074c97d9c1f.JPG",0,"Sylvia Griffin","f97e5485-9bda-4eeb-83a3-d65ba57f410c","Mammalia","Rodentia","Muridae","Rattus","fuscipes","Bush Rat",NA,"2023-07-26 22:55:29",1,NA,NA,NA,NA,NA,NA,"false",NA,NA,"CC-BY-NC",2004409,"S01_T18",151.733905,-32.23817667,"2023-07-24 00:00:00","2023-07-27 00:00:00","Other","Universal mammal bait","None",NA,2085465,"S01_T18",0,"Camera Functioning","Knee height",NA,"Parallel",NA,NA,NA,NA,"Site_01",NA,NA,NA,NA,NA,2023-07-26 22:55:29,1303,22,0.4,0
2004409,"S01_T18_2023","20d3329f-500b-49d4-a0c8-954cd4826d0d","site_01__trap_18__2023-07-26__23-00-24(4).JPG","gs://145625598251_2004409_606_usyd_tfe_2022__main/deployment/2244932/prod/directUpload/20d3329f-500b-49d4-a0c8-954cd4826d0d.JPG",0,"Anna Cameron","f2d233e3-80e3-433d-9687-e29ecc7a467a","Mammalia","","","","","Mammal",NA,"2023-07-26 23:00:24",1,NA,NA,NA,NA,NA,NA,"false",NA,NA,"CC-BY-NC",2004409,"S01_T18",151.733905,-32.23817667,"2023-07-24 00:00:00","2023-07-27 00:00:00","Other","Universal mammal bait","None",NA,2085465,"S01_T18",0,"Camera Functioning","Knee height",NA,"Parallel",NA,NA,NA,NA,"Site_01",NA,NA,NA,NA,NA,2023-07-26 23:00:24,0,0,0,0
2004409,"S01_T18_2023","f3b9d0cc-59d6-460e-ac00-2dfb7aa12a5e","site_01__trap_18__2023-07-26__23-05-50(1).JPG","gs://145625598251_2004409_606_usyd_tfe_2022__main/deployment/2244932/prod/directUpload/f3b9d0cc-59d6-460e-ac00-2dfb7aa12a5e.JPG",0,"Anna Cameron","f2d233e3-80e3-433d-9687-e29ecc7a467a","Mammalia","","","","","Mammal",NA,"2023-07-26 23:05:50",1,NA,NA,NA,NA,NA,NA,"false",NA,NA,"CC-BY-NC",2004409,"S01_T18",151.733905,-32.23817667,"2023-07-24 00:00:00","2023-07-27 00:00:00","Other","Universal mammal bait","None",NA,2085465,"S01_T18",0,"Camera Functioning","Knee height",NA,"Parallel",NA,NA,NA,NA,"Site_01",NA,NA,NA,NA,NA,2023-07-26 23:05:50,326,5,0.1,0
2004409,"S01_T18_2023","54a1b56a-09ac-4cef-8c5a-ec79512215cb","site_01__trap_18__2023-07-26__22-56-19(2).JPG","gs://145625598251_2004409_606_usyd_tfe_2022__main/deployment/2244932/prod/directUpload/54a1b56a-09ac-4cef-8c5a-ec79512215cb.JPG",0,"Anna Cameron","9880b662-dc21-453b-aa2f-dd97338f623b","Mammalia","Rodentia","Muridae","","","Muridae Family",NA,"2023-07-26 22:56:19",1,NA,NA,NA,NA,NA,NA,"false",NA,NA,"CC-BY-NC",2004409,"S01_T18",151.733905,-32.23817667,"2023-07-24 00:00:00","2023-07-27 00:00:00","Other","Universal mammal bait","None",NA,2085465,"S01_T18",0,"Camera Functioning","Knee height",NA,"Parallel",NA,NA,NA,NA,"Site_01",NA,NA,NA,NA,NA,2023-07-26 22:56:19,0,0,0,0
2004409,"S01_T18_2023","d66da92f-7a27-4a63-91b2-1674cee30b50","site_01__trap_18__2023-07-26__23-04-07(1).JPG","gs://145625598251_2004409_606_usyd_tfe_2022__main/deployment/2244932/prod/directUpload/d66da92f-7a27-4a63-91b2-1674cee30b50.JPG",0,"Anna Cameron","9880b662-dc21-453b-aa2f-dd97338f623b","Mammalia","Rodentia","Muridae","","","Muridae Family",NA,"2023-07-26 23:04:07",1,NA,NA,NA,NA,NA,NA,"false",NA,NA,"CC-BY-NC",2004409,"S01_T18",151.733905,-32.23817667,"2023-07-24 00:00:00","2023-07-27 00:00:00","Other","Universal mammal bait","None",NA,2085465,"S01_T18",0,"Camera Functioning","Knee height",NA,"Parallel",NA,NA,NA,NA,"Site_01",NA,NA,NA,NA,NA,2023-07-26 23:04:07,468,8,0.1,0
2004409,"S01_T18_2023","f6f26d83-d0ef-41a8-8f8c-31050a589ac7","site_01__trap_18__2023-07-27__00-07-45(13).JPG","gs://145625598251_2004409_606_usyd_tfe_2022__main/deployment/2244932/prod/directUpload/f6f26d83-d0ef-41a8-8f8c-31050a589ac7.JPG",0,"Arielle Saunders","9880b662-dc21-453b-aa2f-dd97338f623b","Mammalia","Rodentia","Muridae","","","Muridae Family",NA,"2023-07-27 00:07:45",1,NA,NA,NA,NA,NA,NA,"false",NA,NA,"CC-BY-NC",2004409,"S01_T18",151.733905,-32.23817667,"2023-07-24 00:00:00","2023-07-27 00:00:00","Other","Universal mammal bait","None",NA,2085465,"S01_T18",0,"Camera Functioning","Knee height",NA,"Parallel",NA,NA,NA,NA,"Site_01",NA,NA,NA,NA,NA,2023-07-27 00:07:45,3818,64,1.1,0
2004409,"S01_T18_2023","a64b9921-8f77-4322-ae68-4b9ba18bb005","site_01__trap_18__2023-07-27__00-13-10(1).JPG","gs://145625598251_2004409_606_usyd_tfe_2022__main/deployment/2244932/prod/directUpload/a64b9921-8f77-4322-ae68-4b9ba18bb005.JPG",0,"Arielle Saunders","9880b662-dc21-453b-aa2f-dd97338f623b","Mammalia","Rodentia","Muridae","","","Muridae Family",NA,"2023-07-27 00:13:10",1,NA,NA,NA,NA,NA,NA,"false",NA,NA,"CC-BY-NC",2004409,"S01_T18",151.733905,-32.23817667,"2023-07-24 00:00:00","2023-07-27 00:00:00","Other","Universal mammal bait","None",NA,2085465,"S01_T18",0,"Camera Functioning","Knee height",NA,"Parallel",NA,NA,NA,NA,"Site_01",NA,NA,NA,NA,NA,2023-07-27 00:13:10,325,5,0.1,0
2004409,"S01_T18_2023","a7d5fd63-6546-46e7-ab68-7cc5d3346b08","site_01__trap_18__2023-07-27__01-48-18(1).JPG","gs://145625598251_2004409_606_usyd_tfe_2022__main/deployment/2244932/prod/directUpload/a7d5fd63-6546-46e7-ab68-7cc5d3346b08.JPG",0,"Arielle Saunders","9880b662-dc21-453b-aa2f-dd97338f623b","Mammalia","Rodentia","Muridae","","","Muridae Family",NA,"2023-07-27 01:48:18",1,NA,NA,NA,NA,NA,NA,"false",NA,NA,"CC-BY-NC",2004409,"S01_T18",151.733905,-32.23817667,"2023-07-24 00:00:00","2023-07-27 00:00:00","Other","Universal mammal bait","None",NA,2085465,"S01_T18",0,"Camera Functioning","Knee height",NA,"Parallel",NA,NA,NA,NA,"Site_01",NA,NA,NA,NA,NA,2023-07-27 01:48:18,5708,95,1.6,0.1
2004409,"S01_T18_2023","e30a97c2-9e06-4888-96dc-0d7200aa2288","site_01__trap_18__2023-07-27__02-08-26(1).JPG","gs://145625598251_2004409_606_usyd_tfe_2022__main/deployment/2244932/prod/directUpload/e30a97c2-9e06-4888-96dc-0d7200aa2288.JPG",0,"Alec Boal","9880b662-dc21-453b-aa2f-dd97338f623b","Mammalia","Rodentia","Muridae","","","Muridae Family",NA,"2023-07-27 02:08:26",1,NA,NA,NA,NA,NA,NA,"false",NA,NA,"CC-BY-NC",2004409,"S01_T18",151.733905,-32.23817667,"2023-07-24 00:00:00","2023-07-27 00:00:00","Other","Universal mammal bait","None",NA,2085465,"S01_T18",0,"Camera Functioning","Knee height",NA,"Parallel",NA,NA,NA,NA,"Site_01",NA,NA,NA,NA,NA,2023-07-27 02:08:26,1208,20,0.3,0
2004409,"S01_T18_2023","3777388a-56d8-43f1-985b-0d0a862f6d51","site_01__trap_18__2023-07-27__05-14-33(1).JPG","gs://145625598251_2004409_606_usyd_tfe_2022__main/deployment/2244932/prod/directUpload/3777388a-56d8-43f1-985b-0d0a862f6d51.JPG",0,"Alec Boal","9880b662-dc21-453b-aa2f-dd97338f623b","Mammalia","Rodentia","Muridae","","","Muridae Family",NA,"2023-07-27 05:14:33",1,NA,NA,NA,NA,NA,NA,"false",NA,NA,"CC-BY-NC",2004409,"S01_T18",151.733905,-32.23817667,"2023-07-24 00:00:00","2023-07-27 00:00:00","Other","Universal mammal bait","None",NA,2085465,"S01_T18",0,"Camera Functioning","Knee height",NA,"Parallel",NA,NA,NA,NA,"Site_01",NA,NA,NA,NA,NA,2023-07-27 05:14:33,11167,186,3.1,0.1
2004409,"S01_T18_2023","d4eedef9-00f0-4df2-99c1-6aa4baa26b23","site_01__trap_18__2023-07-26__22-59-42(1).JPG","gs://145625598251_2004409_606_usyd_tfe_2022__main/deployment/2244932/prod/directUpload/d4eedef9-00f0-4df2-99c1-6aa4baa26b23.JPG",0,"Aaron Greenville","00049ff0-2ffa-4d82-8cf3-c861fbbfa9d5","Mammalia","Rodentia","Muridae","Rattus","","Rattus Species",NA,"2023-07-26 22:59:42",1,NA,NA,NA,NA,NA,NA,"false",NA,NA,"CC-BY-NC",2004409,"S01_T18",151.733905,-32.23817667,"2023-07-24 00:00:00","2023-07-27 00:00:00","Other","Universal mammal bait","None",NA,2085465,"S01_T18",0,"Camera Functioning","Knee height",NA,"Parallel",NA,NA,NA,NA,"Site_01",NA,NA,NA,NA,NA,2023-07-26 22:59:42,0,0,0,0
2004409,"S01_T18_2023","1516267e-c941-41bb-a77c-162b01b01cd0","site_01__trap_18__2023-07-27__00-07-23(1).JPG","gs://145625598251_2004409_606_usyd_tfe_2022__main/deployment/2244932/prod/directUpload/1516267e-c941-41bb-a77c-162b01b01cd0.JPG",0,"Anna Cameron","00049ff0-2ffa-4d82-8cf3-c861fbbfa9d5","Mammalia","Rodentia","Muridae","Rattus","","Rattus Species",NA,"2023-07-27 00:07:23",1,NA,NA,NA,NA,NA,NA,"false",NA,NA,"CC-BY-NC",2004409,"S01_T18",151.733905,-32.23817667,"2023-07-24 00:00:00","2023-07-27 00:00:00","Other","Universal mammal bait","None",NA,2085465,"S01_T18",0,"Camera Functioning","Knee height",NA,"Parallel",NA,NA,NA,NA,"Site_01",NA,NA,NA,NA,NA,2023-07-27 00:07:23,4061,68,1.1,0
2004409,"S01_T18_2023","1b838e42-fbff-4cb9-888a-ce629b13e081","site_01__trap_18__2023-07-26__13-54-11(1).JPG","gs://145625598251_2004409_606_usyd_tfe_2022__main/deployment/2244932/prod/directUpload/1b838e42-fbff-4cb9-888a-ce629b13e081.JPG",0,"Arielle Saunders","3450b781-acf9-4bdf-af8f-c555034e0271","Aves","Passeriformes","Acanthizidae","Sericornis","citreogularis","Yellow-throated Scrubwren",NA,"2023-07-26 13:54:11",1,NA,NA,NA,NA,NA,NA,"false",NA,NA,"CC-BY-NC",2004409,"S01_T18",151.733905,-32.23817667,"2023-07-24 00:00:00","2023-07-27 00:00:00","Other","Universal mammal bait","None",NA,2085465,"S01_T18",0,"Camera Functioning","Knee height",NA,"Parallel",NA,NA,NA,NA,"Site_01",NA,NA,NA,NA,NA,2023-07-26 13:54:11,0,0,0,0
2004409,"S01_T20_2023","82fed0b9-191a-4327-b827-3f0b8e9ae1a1","site_01__trap_20__2023-07-26__03-13-18(3).JPG","gs://145625598251_2004409_606_usyd_tfe_2022__main/deployment/2244933/prod/directUpload/82fed0b9-191a-4327-b827-3f0b8e9ae1a1.JPG",0,"Thomas Stevens","6e975946-43db-40cf-a4bb-2977319097a1","Mammalia","Dasyuromorphia","Dasyuridae","Antechinus","","Antechinus Species",NA,"2023-07-26 03:13:18",1,NA,NA,NA,NA,NA,NA,"false",NA,NA,"CC-BY-NC",2004409,"S01_T20",151.7339883,-32.23798667,"2023-07-24 00:00:00","2023-07-27 00:00:00","Other","Universal mammal bait","None",NA,2085466,"S01_T20",0,"Camera Functioning","Knee height",NA,"Parallel",NA,NA,NA,NA,"Site_01",NA,NA,NA,NA,NA,2023-07-26 03:13:18,0,0,0,0
2004409,"S01_T20_2023","0b4c7936-c123-4370-bab6-5060d99df0b9","site_01__trap_20__2023-07-26__03-41-51(1).JPG","gs://145625598251_2004409_606_usyd_tfe_2022__main/deployment/2244933/prod/directUpload/0b4c7936-c123-4370-bab6-5060d99df0b9.JPG",0,"Thomas Stevens","6e975946-43db-40cf-a4bb-2977319097a1","Mammalia","Dasyuromorphia","Dasyuridae","Antechinus","","Antechinus Species",NA,"2023-07-26 03:41:51",1,NA,NA,NA,NA,NA,NA,"false",NA,NA,"CC-BY-NC",2004409,"S01_T20",151.7339883,-32.23798667,"2023-07-24 00:00:00","2023-07-27 00:00:00","Other","Universal mammal bait","None",NA,2085466,"S01_T20",0,"Camera Functioning","Knee height",NA,"Parallel",NA,NA,NA,NA,"Site_01",NA,NA,NA,NA,NA,2023-07-26 03:41:51,1713,29,0.5,0
2004409,"S01_T20_2023","a58e75be-36f2-42d6-b552-0eb6c72a9967","site_01__trap_20__2023-07-26__03-04-20(1).JPG","gs://145625598251_2004409_606_usyd_tfe_2022__main/deployment/2244933/prod/directUpload/a58e75be-36f2-42d6-b552-0eb6c72a9967.JPG",0,"Thomas Stevens","6ccf0c56-72ce-49c5-84bd-3aca403c1b26","Mammalia","Dasyuromorphia","Dasyuridae","Antechinus","stuartii","Brown Antechinus",NA,"2023-07-26 03:04:20",1,NA,NA,NA,NA,NA,NA,"false",NA,NA,"CC-BY-NC",2004409,"S01_T20",151.7339883,-32.23798667,"2023-07-24 00:00:00","2023-07-27 00:00:00","Other","Universal mammal bait","None",NA,2085466,"S01_T20",0,"Camera Functioning","Knee height",NA,"Parallel",NA,NA,NA,NA,"Site_01",NA,NA,NA,NA,NA,2023-07-26 03:04:20,0,0,0,0
2004409,"S01_T20_2023","d8bc2957-f6cc-4417-9921-fe8a8e61a5d0","site_01__trap_20__2023-07-26__03-10-02(1).JPG","gs://145625598251_2004409_606_usyd_tfe_2022__main/deployment/2244933/prod/directUpload/d8bc2957-f6cc-4417-9921-fe8a8e61a5d0.JPG",0,"Thomas Stevens","6ccf0c56-72ce-49c5-84bd-3aca403c1b26","Mammalia","Dasyuromorphia","Dasyuridae","Antechinus","stuartii","Brown Antechinus",NA,"2023-07-26 03:10:02",1,NA,NA,NA,NA,NA,NA,"false",NA,NA,"CC-BY-NC",2004409,"S01_T20",151.7339883,-32.23798667,"2023-07-24 00:00:00","2023-07-27 00:00:00","Other","Universal mammal bait","None",NA,2085466,"S01_T20",0,"Camera Functioning","Knee height",NA,"Parallel",NA,NA,NA,NA,"Site_01",NA,NA,NA,NA,NA,2023-07-26 03:10:02,342,6,0.1,0
2004409,"S01_T20_2023","88f50a40-6eab-4a0f-8ff6-a861adb9f393","site_01__trap_20__2023-07-26__03-45-44(1).JPG","gs://145625598251_2004409_606_usyd_tfe_2022__main/deployment/2244933/prod/directUpload/88f50a40-6eab-4a0f-8ff6-a861adb9f393.JPG",0,"Thomas Stevens","6ccf0c56-72ce-49c5-84bd-3aca403c1b26","Mammalia","Dasyuromorphia","Dasyuridae","Antechinus","stuartii","Brown Antechinus",NA,"2023-07-26 03:45:44",1,NA,NA,NA,NA,NA,NA,"false",NA,NA,"CC-BY-NC",2004409,"S01_T20",151.7339883,-32.23798667,"2023-07-24 00:00:00","2023-07-27 00:00:00","Other","Universal mammal bait","None",NA,2085466,"S01_T20",0,"Camera Functioning","Knee height",NA,"Parallel",NA,NA,NA,NA,"Site_01",NA,NA,NA,NA,NA,2023-07-26 03:45:44,2142,36,0.6,0
2004409,"S01_T20_2023","1cf06cfd-7306-42f8-bbae-a75ed8db3594","site_01__trap_20__2023-07-26__04-09-38(2).JPG","gs://145625598251_2004409_606_usyd_tfe_2022__main/deployment/2244933/prod/directUpload/1cf06cfd-7306-42f8-bbae-a75ed8db3594.JPG",0,"Thomas Stevens","6ccf0c56-72ce-49c5-84bd-3aca403c1b26","Mammalia","Dasyuromorphia","Dasyuridae","Antechinus","stuartii","Brown Antechinus",NA,"2023-07-26 04:09:38",1,NA,NA,NA,NA,NA,NA,"false",NA,NA,"CC-BY-NC",2004409,"S01_T20",151.7339883,-32.23798667,"2023-07-24 00:00:00","2023-07-27 00:00:00","Other","Universal mammal bait","None",NA,2085466,"S01_T20",0,"Camera Functioning","Knee height",NA,"Parallel",NA,NA,NA,NA,"Site_01",NA,NA,NA,NA,NA,2023-07-26 04:09:38,1434,24,0.4,0
2004409,"S01_T20_2023","5914ba51-ea5c-4672-aa40-6d5c7dfae0a4","site_01__trap_20__2023-07-26__06-39-26(1).JPG","gs://145625598251_2004409_606_usyd_tfe_2022__main/deployment/2244933/prod/directUpload/5914ba51-ea5c-4672-aa40-6d5c7dfae0a4.JPG",0,"Thomas Stevens","6ccf0c56-72ce-49c5-84bd-3aca403c1b26","Mammalia","Dasyuromorphia","Dasyuridae","Antechinus","stuartii","Brown Antechinus",NA,"2023-07-26 06:39:26",1,NA,NA,NA,NA,NA,NA,"false",NA,NA,"CC-BY-NC",2004409,"S01_T20",151.7339883,-32.23798667,"2023-07-24 00:00:00","2023-07-27 00:00:00","Other","Universal mammal bait","None",NA,2085466,"S01_T20",0,"Camera Functioning","Knee height",NA,"Parallel",NA,NA,NA,NA,"Site_01",NA,NA,NA,NA,NA,2023-07-26 06:39:26,8988,150,2.5,0.1
2004409,"S01_T20_2023","1c9988ba-752b-426c-8475-4d908217b317","site_01__trap_20__2023-07-26__06-44-27(3).JPG","gs://145625598251_2004409_606_usyd_tfe_2022__main/deployment/2244933/prod/directUpload/1c9988ba-752b-426c-8475-4d908217b317.JPG",0,"Thomas Stevens","6ccf0c56-72ce-49c5-84bd-3aca403c1b26","Mammalia","Dasyuromorphia","Dasyuridae","Antechinus","stuartii","Brown Antechinus",NA,"2023-07-26 06:44:27",1,NA,NA,NA,NA,NA,NA,"false",NA,NA,"CC-BY-NC",2004409,"S01_T20",151.7339883,-32.23798667,"2023-07-24 00:00:00","2023-07-27 00:00:00","Other","Universal mammal bait","None",NA,2085466,"S01_T20",0,"Camera Functioning","Knee height",NA,"Parallel",NA,NA,NA,NA,"Site_01",NA,NA,NA,NA,NA,2023-07-26 06:44:27,301,5,0.1,0
2004409,"S01_T20_2023","4c4d3e8b-fc58-4ada-9fbc-e60aadb2eda9","site_01__trap_20__2023-07-26__07-29-40(1).JPG","gs://145625598251_2004409_606_usyd_tfe_2022__main/deployment/2244933/prod/directUpload/4c4d3e8b-fc58-4ada-9fbc-e60aadb2eda9.JPG",0,"Thomas Stevens","6ccf0c56-72ce-49c5-84bd-3aca403c1b26","Mammalia","Dasyuromorphia","Dasyuridae","Antechinus","stuartii","Brown Antechinus",NA,"2023-07-26 07:29:40",1,NA,NA,NA,NA,NA,NA,"false",NA,NA,"CC-BY-NC",2004409,"S01_T20",151.7339883,-32.23798667,"2023-07-24 00:00:00","2023-07-27 00:00:00","Other","Universal mammal bait","None",NA,2085466,"S01_T20",0,"Camera Functioning","Knee height",NA,"Parallel",NA,NA,NA,NA,"Site_01",NA,NA,NA,NA,NA,2023-07-26 07:29:40,2713,45,0.8,0
2004409,"S01_T20_2023","57043cd8-0b67-4dce-b171-0338b234af10","site_01__trap_20__2023-07-26__07-54-46(4).JPG","gs://145625598251_2004409_606_usyd_tfe_2022__main/deployment/2244933/prod/directUpload/57043cd8-0b67-4dce-b171-0338b234af10.JPG",0,"Thomas Stevens","6ccf0c56-72ce-49c5-84bd-3aca403c1b26","Mammalia","Dasyuromorphia","Dasyuridae","Antechinus","stuartii","Brown Antechinus",NA,"2023-07-26 07:54:46",1,NA,NA,NA,NA,NA,NA,"false",NA,NA,"CC-BY-NC",2004409,"S01_T20",151.7339883,-32.23798667,"2023-07-24 00:00:00","2023-07-27 00:00:00","Other","Universal mammal bait","None",NA,2085466,"S01_T20",0,"Camera Functioning","Knee height",NA,"Parallel",NA,NA,NA,NA,"Site_01",NA,NA,NA,NA,NA,2023-07-26 07:54:46,1506,25,0.4,0
2004409,"S01_T20_2023","a708d8bf-52c4-4344-b0a0-976200d5e42e","site_01__trap_20__2023-07-26__08-00-04(1).JPG","gs://145625598251_2004409_606_usyd_tfe_2022__main/deployment/2244933/prod/directUpload/a708d8bf-52c4-4344-b0a0-976200d5e42e.JPG",0,"Thomas Stevens","6ccf0c56-72ce-49c5-84bd-3aca403c1b26","Mammalia","Dasyuromorphia","Dasyuridae","Antechinus","stuartii","Brown Antechinus",NA,"2023-07-26 08:00:04",1,NA,NA,NA,NA,NA,NA,"false",NA,NA,"CC-BY-NC",2004409,"S01_T20",151.7339883,-32.23798667,"2023-07-24 00:00:00","2023-07-27 00:00:00","Other","Universal mammal bait","None",NA,2085466,"S01_T20",0,"Camera Functioning","Knee height",NA,"Parallel",NA,NA,NA,NA,"Site_01",NA,NA,NA,NA,NA,2023-07-26 08:00:04,318,5,0.1,0
2004409,"S01_T20_2023","69dd966b-4f8f-4dd7-9fb0-c1773dbb7318","site_01__trap_20__2023-07-26__08-09-16(1).JPG","gs://145625598251_2004409_606_usyd_tfe_2022__main/deployment/2244933/prod/directUpload/69dd966b-4f8f-4dd7-9fb0-c1773dbb7318.JPG",0,"Thomas Stevens","6ccf0c56-72ce-49c5-84bd-3aca403c1b26","Mammalia","Dasyuromorphia","Dasyuridae","Antechinus","stuartii","Brown Antechinus",NA,"2023-07-26 08:09:16",1,NA,NA,NA,NA,NA,NA,"false",NA,NA,"CC-BY-NC",2004409,"S01_T20",151.7339883,-32.23798667,"2023-07-24 00:00:00","2023-07-27 00:00:00","Other","Universal mammal bait","None",NA,2085466,"S01_T20",0,"Camera Functioning","Knee height",NA,"Parallel",NA,NA,NA,NA,"Site_01",NA,NA,NA,NA,NA,2023-07-26 08:09:16,552,9,0.1,0
2004409,"S01_T20_2023","9d332498-505f-4add-b560-b0cc4a15697c","site_01__trap_20__2023-07-26__08-15-51(1).JPG","gs://145625598251_2004409_606_usyd_tfe_2022__main/deployment/2244933/prod/directUpload/9d332498-505f-4add-b560-b0cc4a15697c.JPG",0,"Thomas Stevens","6ccf0c56-72ce-49c5-84bd-3aca403c1b26","Mammalia","Dasyuromorphia","Dasyuridae","Antechinus","stuartii","Brown Antechinus",NA,"2023-07-26 08:15:51",1,NA,NA,NA,NA,NA,NA,"false",NA,NA,"CC-BY-NC",2004409,"S01_T20",151.7339883,-32.23798667,"2023-07-24 00:00:00","2023-07-27 00:00:00","Other","Universal mammal bait","None",NA,2085466,"S01_T20",0,"Camera Functioning","Knee height",NA,"Parallel",NA,NA,NA,NA,"Site_01",NA,NA,NA,NA,NA,2023-07-26 08:15:51,395,7,0.1,0
2004409,"S01_T20_2023","a4e0781a-d514-4184-a1ff-ebd21d3148ec","site_01__trap_20__2023-07-26__08-20-53(1).JPG","gs://145625598251_2004409_606_usyd_tfe_2022__main/deployment/2244933/prod/directUpload/a4e0781a-d514-4184-a1ff-ebd21d3148ec.JPG",0,"Thomas Stevens","6ccf0c56-72ce-49c5-84bd-3aca403c1b26","Mammalia","Dasyuromorphia","Dasyuridae","Antechinus","stuartii","Brown Antechinus",NA,"2023-07-26 08:20:53",1,NA,NA,NA,NA,NA,NA,"false",NA,NA,"CC-BY-NC",2004409,"S01_T20",151.7339883,-32.23798667,"2023-07-24 00:00:00","2023-07-27 00:00:00","Other","Universal mammal bait","None",NA,2085466,"S01_T20",0,"Camera Functioning","Knee height",NA,"Parallel",NA,NA,NA,NA,"Site_01",NA,NA,NA,NA,NA,2023-07-26 08:20:53,302,5,0.1,0
2004409,"S01_T20_2023","e6b9719d-0462-4079-b714-dc3b903dc4a4","site_01__trap_20__2023-07-26__08-36-51(1).JPG","gs://145625598251_2004409_606_usyd_tfe_2022__main/deployment/2244933/prod/directUpload/e6b9719d-0462-4079-b714-dc3b903dc4a4.JPG",0,"Thomas Stevens","6ccf0c56-72ce-49c5-84bd-3aca403c1b26","Mammalia","Dasyuromorphia","Dasyuridae","Antechinus","stuartii","Brown Antechinus",NA,"2023-07-26 08:36:51",1,NA,NA,NA,NA,NA,NA,"false",NA,NA,"CC-BY-NC",2004409,"S01_T20",151.7339883,-32.23798667,"2023-07-24 00:00:00","2023-07-27 00:00:00","Other","Universal mammal bait","None",NA,2085466,"S01_T20",0,"Camera Functioning","Knee height",NA,"Parallel",NA,NA,NA,NA,"Site_01",NA,NA,NA,NA,NA,2023-07-26 08:36:51,958,16,0.3,0
2004409,"S01_T20_2023","762a5f75-6675-4843-a4e9-6a957794cd4d","site_01__trap_20__2023-07-26__09-01-00(1).JPG","gs://145625598251_2004409_606_usyd_tfe_2022__main/deployment/2244933/prod/directUpload/762a5f75-6675-4843-a4e9-6a957794cd4d.JPG",0,"Thomas Stevens","6ccf0c56-72ce-49c5-84bd-3aca403c1b26","Mammalia","Dasyuromorphia","Dasyuridae","Antechinus","stuartii","Brown Antechinus",NA,"2023-07-26 09:01:00",1,NA,NA,NA,NA,NA,NA,"false",NA,NA,"CC-BY-NC",2004409,"S01_T20",151.7339883,-32.23798667,"2023-07-24 00:00:00","2023-07-27 00:00:00","Other","Universal mammal bait","None",NA,2085466,"S01_T20",0,"Camera Functioning","Knee height",NA,"Parallel",NA,NA,NA,NA,"Site_01",NA,NA,NA,NA,NA,2023-07-26 09:01:00,1449,24,0.4,0
2004409,"S01_T20_2023","41ec031b-f5ae-4b05-ae45-a5bd7c1d35d2","site_01__trap_20__2023-07-26__09-06-26(1).JPG","gs://145625598251_2004409_606_usyd_tfe_2022__main/deployment/2244933/prod/directUpload/41ec031b-f5ae-4b05-ae45-a5bd7c1d35d2.JPG",0,"Thomas Stevens","6ccf0c56-72ce-49c5-84bd-3aca403c1b26","Mammalia","Dasyuromorphia","Dasyuridae","Antechinus","stuartii","Brown Antechinus",NA,"2023-07-26 09:06:26",1,NA,NA,NA,NA,NA,NA,"false",NA,NA,"CC-BY-NC",2004409,"S01_T20",151.7339883,-32.23798667,"2023-07-24 00:00:00","2023-07-27 00:00:00","Other","Universal mammal bait","None",NA,2085466,"S01_T20",0,"Camera Functioning","Knee height",NA,"Parallel",NA,NA,NA,NA,"Site_01",NA,NA,NA,NA,NA,2023-07-26 09:06:26,326,5,0.1,0
2004409,"S01_T20_2023","ed7417ff-3467-4d2f-b202-fb9ecdfd7cde","site_01__trap_20__2023-07-26__09-51-26(1).JPG","gs://145625598251_2004409_606_usyd_tfe_2022__main/deployment/2244933/prod/directUpload/ed7417ff-3467-4d2f-b202-fb9ecdfd7cde.JPG",0,"Thomas Stevens","6ccf0c56-72ce-49c5-84bd-3aca403c1b26","Mammalia","Dasyuromorphia","Dasyuridae","Antechinus","stuartii","Brown Antechinus",NA,"2023-07-26 09:51:26",1,NA,NA,NA,NA,NA,NA,"false",NA,NA,"CC-BY-NC",2004409,"S01_T20",151.7339883,-32.23798667,"2023-07-24 00:00:00","2023-07-27 00:00:00","Other","Universal mammal bait","None",NA,2085466,"S01_T20",0,"Camera Functioning","Knee height",NA,"Parallel",NA,NA,NA,NA,"Site_01",NA,NA,NA,NA,NA,2023-07-26 09:51:26,2700,45,0.8,0
2004409,"S01_T20_2023","501770e1-f94b-4b28-a8c1-d822d919158e","site_01__trap_20__2023-07-26__12-13-12(1).JPG","gs://145625598251_2004409_606_usyd_tfe_2022__main/deployment/2244933/prod/directUpload/501770e1-f94b-4b28-a8c1-d822d919158e.JPG",0,"Thomas Stevens","6ccf0c56-72ce-49c5-84bd-3aca403c1b26","Mammalia","Dasyuromorphia","Dasyuridae","Antechinus","stuartii","Brown Antechinus",NA,"2023-07-26 12:13:12",1,NA,NA,NA,NA,NA,NA,"false",NA,NA,"CC-BY-NC",2004409,"S01_T20",151.7339883,-32.23798667,"2023-07-24 00:00:00","2023-07-27 00:00:00","Other","Universal mammal bait","None",NA,2085466,"S01_T20",0,"Camera Functioning","Knee height",NA,"Parallel",NA,NA,NA,NA,"Site_01",NA,NA,NA,NA,NA,2023-07-26 12:13:12,8506,142,2.4,0.1
2004409,"S01_T20_2023","70fbcf44-1b40-4c4e-b2d5-be9cae717011","site_01__trap_20__2023-07-26__12-21-02(1).JPG","gs://145625598251_2004409_606_usyd_tfe_2022__main/deployment/2244933/prod/directUpload/70fbcf44-1b40-4c4e-b2d5-be9cae717011.JPG",0,"Thomas Stevens","6ccf0c56-72ce-49c5-84bd-3aca403c1b26","Mammalia","Dasyuromorphia","Dasyuridae","Antechinus","stuartii","Brown Antechinus",NA,"2023-07-26 12:21:02",1,NA,NA,NA,NA,NA,NA,"false",NA,NA,"CC-BY-NC",2004409,"S01_T20",151.7339883,-32.23798667,"2023-07-24 00:00:00","2023-07-27 00:00:00","Other","Universal mammal bait","None",NA,2085466,"S01_T20",0,"Camera Functioning","Knee height",NA,"Parallel",NA,NA,NA,NA,"Site_01",NA,NA,NA,NA,NA,2023-07-26 12:21:02,470,8,0.1,0
2004409,"S01_T20_2023","e5628ccf-e8b9-4159-b205-9cd60d285957","site_01__trap_20__2023-07-26__13-06-33(1).JPG","gs://145625598251_2004409_606_usyd_tfe_2022__main/deployment/2244933/prod/directUpload/e5628ccf-e8b9-4159-b205-9cd60d285957.JPG",0,"Thomas Stevens","6ccf0c56-72ce-49c5-84bd-3aca403c1b26","Mammalia","Dasyuromorphia","Dasyuridae","Antechinus","stuartii","Brown Antechinus",NA,"2023-07-26 13:06:33",1,NA,NA,NA,NA,NA,NA,"false",NA,NA,"CC-BY-NC",2004409,"S01_T20",151.7339883,-32.23798667,"2023-07-24 00:00:00","2023-07-27 00:00:00","Other","Universal mammal bait","None",NA,2085466,"S01_T20",0,"Camera Functioning","Knee height",NA,"Parallel",NA,NA,NA,NA,"Site_01",NA,NA,NA,NA,NA,2023-07-26 13:06:33,2731,46,0.8,0
2004409,"S01_T20_2023","ef4a04ed-222b-402e-8dd9-560c4732f9ba","site_01__trap_20__2023-07-26__13-14-33(1).JPG","gs://145625598251_2004409_606_usyd_tfe_2022__main/deployment/2244933/prod/directUpload/ef4a04ed-222b-402e-8dd9-560c4732f9ba.JPG",0,"Thomas Stevens","6ccf0c56-72ce-49c5-84bd-3aca403c1b26","Mammalia","Dasyuromorphia","Dasyuridae","Antechinus","stuartii","Brown Antechinus",NA,"2023-07-26 13:14:33",1,NA,NA,NA,NA,NA,NA,"false",NA,NA,"CC-BY-NC",2004409,"S01_T20",151.7339883,-32.23798667,"2023-07-24 00:00:00","2023-07-27 00:00:00","Other","Universal mammal bait","None",NA,2085466,"S01_T20",0,"Camera Functioning","Knee height",NA,"Parallel",NA,NA,NA,NA,"Site_01",NA,NA,NA,NA,NA,2023-07-26 13:14:33,480,8,0.1,0
2004409,"S01_T20_2023","37ceac8d-24ce-40a5-8d1d-2d740a33463b","site_01__trap_20__2023-07-26__14-19-51(1).JPG","gs://145625598251_2004409_606_usyd_tfe_2022__main/deployment/2244933/prod/directUpload/37ceac8d-24ce-40a5-8d1d-2d740a33463b.JPG",0,"Thomas Stevens","6ccf0c56-72ce-49c5-84bd-3aca403c1b26","Mammalia","Dasyuromorphia","Dasyuridae","Antechinus","stuartii","Brown Antechinus",NA,"2023-07-26 14:19:51",1,NA,NA,NA,NA,NA,NA,"false",NA,NA,"CC-BY-NC",2004409,"S01_T20",151.7339883,-32.23798667,"2023-07-24 00:00:00","2023-07-27 00:00:00","Other","Universal mammal bait","None",NA,2085466,"S01_T20",0,"Camera Functioning","Knee height",NA,"Parallel",NA,NA,NA,NA,"Site_01",NA,NA,NA,NA,NA,2023-07-26 14:19:51,3918,65,1.1,0
2004409,"S01_T20_2023","74c588b0-3473-4e0a-9810-a9999049454f","site_01__trap_20__2023-07-26__14-33-24(5).JPG","gs://145625598251_2004409_606_usyd_tfe_2022__main/deployment/2244933/prod/directUpload/74c588b0-3473-4e0a-9810-a9999049454f.JPG",0,"Thomas Stevens","6ccf0c56-72ce-49c5-84bd-3aca403c1b26","Mammalia","Dasyuromorphia","Dasyuridae","Antechinus","stuartii","Brown Antechinus",NA,"2023-07-26 14:33:24",1,NA,NA,NA,NA,NA,NA,"false",NA,NA,"CC-BY-NC",2004409,"S01_T20",151.7339883,-32.23798667,"2023-07-24 00:00:00","2023-07-27 00:00:00","Other","Universal mammal bait","None",NA,2085466,"S01_T20",0,"Camera Functioning","Knee height",NA,"Parallel",NA,NA,NA,NA,"Site_01",NA,NA,NA,NA,NA,2023-07-26 14:33:24,813,14,0.2,0
2004409,"S01_T20_2023","670a1ad2-8176-4f31-9766-9e81bcddcb14","site_01__trap_20__2023-07-26__18-01-17(4).JPG","gs://145625598251_2004409_606_usyd_tfe_2022__main/deployment/2244933/prod/directUpload/670a1ad2-8176-4f31-9766-9e81bcddcb14.JPG",0,"Thomas Stevens","6ccf0c56-72ce-49c5-84bd-3aca403c1b26","Mammalia","Dasyuromorphia","Dasyuridae","Antechinus","stuartii","Brown Antechinus",NA,"2023-07-26 18:01:17",1,NA,NA,NA,NA,NA,NA,"false",NA,NA,"CC-BY-NC",2004409,"S01_T20",151.7339883,-32.23798667,"2023-07-24 00:00:00","2023-07-27 00:00:00","Other","Universal mammal bait","None",NA,2085466,"S01_T20",0,"Camera Functioning","Knee height",NA,"Parallel",NA,NA,NA,NA,"Site_01",NA,NA,NA,NA,NA,2023-07-26 18:01:17,12473,208,3.5,0.1
2004409,"S01_T20_2023","340f73fc-596b-4516-94ae-3f01a9b8d95b","site_01__trap_20__2023-07-26__18-54-59(1).JPG","gs://145625598251_2004409_606_usyd_tfe_2022__main/deployment/2244933/prod/directUpload/340f73fc-596b-4516-94ae-3f01a9b8d95b.JPG",0,"Thomas Stevens","6ccf0c56-72ce-49c5-84bd-3aca403c1b26","Mammalia","Dasyuromorphia","Dasyuridae","Antechinus","stuartii","Brown Antechinus",NA,"2023-07-26 18:54:59",1,NA,NA,NA,NA,NA,NA,"false",NA,NA,"CC-BY-NC",2004409,"S01_T20",151.7339883,-32.23798667,"2023-07-24 00:00:00","2023-07-27 00:00:00","Other","Universal mammal bait","None",NA,2085466,"S01_T20",0,"Camera Functioning","Knee height",NA,"Parallel",NA,NA,NA,NA,"Site_01",NA,NA,NA,NA,NA,2023-07-26 18:54:59,3222,54,0.9,0
2004409,"S01_T20_2023","9f72ba30-4e51-45a3-b7bf-4e942eeacd59","site_01__trap_20__2023-07-26__23-48-30(4).JPG","gs://145625598251_2004409_606_usyd_tfe_2022__main/deployment/2244933/prod/directUpload/9f72ba30-4e51-45a3-b7bf-4e942eeacd59.JPG",0,"Thomas Stevens","6ccf0c56-72ce-49c5-84bd-3aca403c1b26","Mammalia","Dasyuromorphia","Dasyuridae","Antechinus","stuartii","Brown Antechinus",NA,"2023-07-26 23:48:30",1,NA,NA,NA,NA,NA,NA,"false",NA,NA,"CC-BY-NC",2004409,"S01_T20",151.7339883,-32.23798667,"2023-07-24 00:00:00","2023-07-27 00:00:00","Other","Universal mammal bait","None",NA,2085466,"S01_T20",0,"Camera Functioning","Knee height",NA,"Parallel",NA,NA,NA,NA,"Site_01",NA,NA,NA,NA,NA,2023-07-26 23:48:30,17611,294,4.9,0.2
2004409,"S01_T20_2023","3f0e5968-4f87-4909-9f9b-bcc758c53f2a","site_01__trap_20__2023-07-27__01-20-19(13).JPG","gs://145625598251_2004409_606_usyd_tfe_2022__main/deployment/2244933/prod/directUpload/3f0e5968-4f87-4909-9f9b-bcc758c53f2a.JPG",0,"Thomas Stevens","6ccf0c56-72ce-49c5-84bd-3aca403c1b26","Mammalia","Dasyuromorphia","Dasyuridae","Antechinus","stuartii","Brown Antechinus",NA,"2023-07-27 01:20:19",1,NA,NA,NA,NA,NA,NA,"false",NA,NA,"CC-BY-NC",2004409,"S01_T20",151.7339883,-32.23798667,"2023-07-24 00:00:00","2023-07-27 00:00:00","Other","Universal mammal bait","None",NA,2085466,"S01_T20",0,"Camera Functioning","Knee height",NA,"Parallel",NA,NA,NA,NA,"Site_01",NA,NA,NA,NA,NA,2023-07-27 01:20:19,5509,92,1.5,0.1
2004409,"S01_T20_2023","fe1301d1-d36e-4722-8dd3-4ba2ee168fa5","site_01__trap_20__2023-07-27__01-34-23(2).JPG","gs://145625598251_2004409_606_usyd_tfe_2022__main/deployment/2244933/prod/directUpload/fe1301d1-d36e-4722-8dd3-4ba2ee168fa5.JPG",0,"Thomas Stevens","6ccf0c56-72ce-49c5-84bd-3aca403c1b26","Mammalia","Dasyuromorphia","Dasyuridae","Antechinus","stuartii","Brown Antechinus",NA,"2023-07-27 01:34:23",1,NA,NA,NA,NA,NA,NA,"false",NA,NA,"CC-BY-NC",2004409,"S01_T20",151.7339883,-32.23798667,"2023-07-24 00:00:00","2023-07-27 00:00:00","Other","Universal mammal bait","None",NA,2085466,"S01_T20",0,"Camera Functioning","Knee height",NA,"Parallel",NA,NA,NA,NA,"Site_01",NA,NA,NA,NA,NA,2023-07-27 01:34:23,844,14,0.2,0
2004409,"S01_T20_2023","750ea4a5-8f0d-4657-b641-0973cca1e101","site_01__trap_20__2023-07-27__01-39-41(4).JPG","gs://145625598251_2004409_606_usyd_tfe_2022__main/deployment/2244933/prod/directUpload/750ea4a5-8f0d-4657-b641-0973cca1e101.JPG",0,"Thomas Stevens","6ccf0c56-72ce-49c5-84bd-3aca403c1b26","Mammalia","Dasyuromorphia","Dasyuridae","Antechinus","stuartii","Brown Antechinus",NA,"2023-07-27 01:39:41",1,NA,NA,NA,NA,NA,NA,"false",NA,NA,"CC-BY-NC",2004409,"S01_T20",151.7339883,-32.23798667,"2023-07-24 00:00:00","2023-07-27 00:00:00","Other","Universal mammal bait","None",NA,2085466,"S01_T20",0,"Camera Functioning","Knee height",NA,"Parallel",NA,NA,NA,NA,"Site_01",NA,NA,NA,NA,NA,2023-07-27 01:39:41,318,5,0.1,0
2004409,"S01_T20_2023","334cf8df-9f81-48c6-8aa5-9fd821d7d474","site_01__trap_20__2023-07-27__01-50-01(1).JPG","gs://145625598251_2004409_606_usyd_tfe_2022__main/deployment/2244933/prod/directUpload/334cf8df-9f81-48c6-8aa5-9fd821d7d474.JPG",0,"Thomas Stevens","6ccf0c56-72ce-49c5-84bd-3aca403c1b26","Mammalia","Dasyuromorphia","Dasyuridae","Antechinus","stuartii","Brown Antechinus",NA,"2023-07-27 01:50:01",1,NA,NA,NA,NA,NA,NA,"false",NA,NA,"CC-BY-NC",2004409,"S01_T20",151.7339883,-32.23798667,"2023-07-24 00:00:00","2023-07-27 00:00:00","Other","Universal mammal bait","None",NA,2085466,"S01_T20",0,"Camera Functioning","Knee height",NA,"Parallel",NA,NA,NA,NA,"Site_01",NA,NA,NA,NA,NA,2023-07-27 01:50:01,620,10,0.2,0
2004409,"S01_T20_2023","5149e61c-9fae-44fc-840a-16ed84e8d387","site_01__trap_20__2023-07-27__06-12-36(1).JPG","gs://145625598251_2004409_606_usyd_tfe_2022__main/deployment/2244933/prod/directUpload/5149e61c-9fae-44fc-840a-16ed84e8d387.JPG",0,"Thomas Stevens","6ccf0c56-72ce-49c5-84bd-3aca403c1b26","Mammalia","Dasyuromorphia","Dasyuridae","Antechinus","stuartii","Brown Antechinus",NA,"2023-07-27 06:12:36",1,NA,NA,NA,NA,NA,NA,"false",NA,NA,"CC-BY-NC",2004409,"S01_T20",151.7339883,-32.23798667,"2023-07-24 00:00:00","2023-07-27 00:00:00","Other","Universal mammal bait","None",NA,2085466,"S01_T20",0,"Camera Functioning","Knee height",NA,"Parallel",NA,NA,NA,NA,"Site_01",NA,NA,NA,NA,NA,2023-07-27 06:12:36,15755,263,4.4,0.2
2004409,"S01_T20_2023","7776ce87-bf24-47e5-80fa-e931afffc647","site_01__trap_20__2023-07-26__09-01-28(4).JPG","gs://145625598251_2004409_606_usyd_tfe_2022__main/deployment/2244933/prod/directUpload/7776ce87-bf24-47e5-80fa-e931afffc647.JPG",0,"Thomas Stevens","f97e5485-9bda-4eeb-83a3-d65ba57f410c","Mammalia","Rodentia","Muridae","Rattus","fuscipes","Bush Rat",NA,"2023-07-26 09:01:28",1,NA,NA,NA,NA,NA,NA,"false",NA,NA,"CC-BY-NC",2004409,"S01_T20",151.7339883,-32.23798667,"2023-07-24 00:00:00","2023-07-27 00:00:00","Other","Universal mammal bait","None",NA,2085466,"S01_T20",0,"Camera Functioning","Knee height",NA,"Parallel",NA,NA,NA,NA,"Site_01",NA,NA,NA,NA,NA,2023-07-26 09:01:28,0,0,0,0
2004409,"S01_T20_2023","0335975c-0be7-4bd7-a094-9200e2441820","site_01__trap_20__2023-07-26__20-01-08(1).JPG","gs://145625598251_2004409_606_usyd_tfe_2022__main/deployment/2244933/prod/directUpload/0335975c-0be7-4bd7-a094-9200e2441820.JPG",0,"Thomas Stevens","f97e5485-9bda-4eeb-83a3-d65ba57f410c","Mammalia","Rodentia","Muridae","Rattus","fuscipes","Bush Rat",NA,"2023-07-26 20:01:08",1,NA,NA,NA,NA,NA,NA,"false",NA,NA,"CC-BY-NC",2004409,"S01_T20",151.7339883,-32.23798667,"2023-07-24 00:00:00","2023-07-27 00:00:00","Other","Universal mammal bait","None",NA,2085466,"S01_T20",0,"Camera Functioning","Knee height",NA,"Parallel",NA,NA,NA,NA,"Site_01",NA,NA,NA,NA,NA,2023-07-26 20:01:08,39580,660,11,0.5
2004409,"S01_T20_2023","70a75294-47ac-4b72-8a65-735e0b6c1b66","site_01__trap_20__2023-07-26__20-49-49(1).JPG","gs://145625598251_2004409_606_usyd_tfe_2022__main/deployment/2244933/prod/directUpload/70a75294-47ac-4b72-8a65-735e0b6c1b66.JPG",0,"Thomas Stevens","f97e5485-9bda-4eeb-83a3-d65ba57f410c","Mammalia","Rodentia","Muridae","Rattus","fuscipes","Bush Rat",NA,"2023-07-26 20:49:49",1,NA,NA,NA,NA,NA,NA,"false",NA,NA,"CC-BY-NC",2004409,"S01_T20",151.7339883,-32.23798667,"2023-07-24 00:00:00","2023-07-27 00:00:00","Other","Universal mammal bait","None",NA,2085466,"S01_T20",0,"Camera Functioning","Knee height",NA,"Parallel",NA,NA,NA,NA,"Site_01",NA,NA,NA,NA,NA,2023-07-26 20:49:49,2921,49,0.8,0
2004409,"S01_T20_2023","5c04aeca-d875-4fe9-8bc7-e73b42d138ea","site_01__trap_20__2023-07-26__20-54-57(7).JPG","gs://145625598251_2004409_606_usyd_tfe_2022__main/deployment/2244933/prod/directUpload/5c04aeca-d875-4fe9-8bc7-e73b42d138ea.JPG",0,"Thomas Stevens","f97e5485-9bda-4eeb-83a3-d65ba57f410c","Mammalia","Rodentia","Muridae","Rattus","fuscipes","Bush Rat",NA,"2023-07-26 20:54:57",1,NA,NA,NA,NA,NA,NA,"false",NA,NA,"CC-BY-NC",2004409,"S01_T20",151.7339883,-32.23798667,"2023-07-24 00:00:00","2023-07-27 00:00:00","Other","Universal mammal bait","None",NA,2085466,"S01_T20",0,"Camera Functioning","Knee height",NA,"Parallel",NA,NA,NA,NA,"Site_01",NA,NA,NA,NA,NA,2023-07-26 20:54:57,308,5,0.1,0
2004409,"S01_T20_2023","7ff0b635-c752-4cf6-bc1f-cd2b10420e33","site_01__trap_20__2023-07-26__23-14-22(1).JPG","gs://145625598251_2004409_606_usyd_tfe_2022__main/deployment/2244933/prod/directUpload/7ff0b635-c752-4cf6-bc1f-cd2b10420e33.JPG",0,"Thomas Stevens","f97e5485-9bda-4eeb-83a3-d65ba57f410c","Mammalia","Rodentia","Muridae","Rattus","fuscipes","Bush Rat",NA,"2023-07-26 23:14:22",1,NA,NA,NA,NA,NA,NA,"false",NA,NA,"CC-BY-NC",2004409,"S01_T20",151.7339883,-32.23798667,"2023-07-24 00:00:00","2023-07-27 00:00:00","Other","Universal mammal bait","None",NA,2085466,"S01_T20",0,"Camera Functioning","Knee height",NA,"Parallel",NA,NA,NA,NA,"Site_01",NA,NA,NA,NA,NA,2023-07-26 23:14:22,8365,139,2.3,0.1
2004409,"S01_T20_2023","4ca00e52-e92b-4355-a1d2-f98769dd9aaf","site_01__trap_20__2023-07-27__00-34-16(1).JPG","gs://145625598251_2004409_606_usyd_tfe_2022__main/deployment/2244933/prod/directUpload/4ca00e52-e92b-4355-a1d2-f98769dd9aaf.JPG",0,"Thomas Stevens","f97e5485-9bda-4eeb-83a3-d65ba57f410c","Mammalia","Rodentia","Muridae","Rattus","fuscipes","Bush Rat",NA,"2023-07-27 00:34:16",1,NA,NA,NA,NA,NA,NA,"false",NA,NA,"CC-BY-NC",2004409,"S01_T20",151.7339883,-32.23798667,"2023-07-24 00:00:00","2023-07-27 00:00:00","Other","Universal mammal bait","None",NA,2085466,"S01_T20",0,"Camera Functioning","Knee height",NA,"Parallel",NA,NA,NA,NA,"Site_01",NA,NA,NA,NA,NA,2023-07-27 00:34:16,4794,80,1.3,0.1
2004409,"S01_T20_2023","8ac8f79b-59a3-44d7-a4f5-1b10d62e1a9d","site_01__trap_20__2023-07-27__00-42-09(1).JPG","gs://145625598251_2004409_606_usyd_tfe_2022__main/deployment/2244933/prod/directUpload/8ac8f79b-59a3-44d7-a4f5-1b10d62e1a9d.JPG",0,"Thomas Stevens","f97e5485-9bda-4eeb-83a3-d65ba57f410c","Mammalia","Rodentia","Muridae","Rattus","fuscipes","Bush Rat",NA,"2023-07-27 00:42:09",1,NA,NA,NA,NA,NA,NA,"false",NA,NA,"CC-BY-NC",2004409,"S01_T20",151.7339883,-32.23798667,"2023-07-24 00:00:00","2023-07-27 00:00:00","Other","Universal mammal bait","None",NA,2085466,"S01_T20",0,"Camera Functioning","Knee height",NA,"Parallel",NA,NA,NA,NA,"Site_01",NA,NA,NA,NA,NA,2023-07-27 00:42:09,473,8,0.1,0
2004409,"S01_T20_2023","f3ef9336-1183-449c-bbec-8475b21ef1ff","site_01__trap_20__2023-07-27__01-17-52(4).JPG","gs://145625598251_2004409_606_usyd_tfe_2022__main/deployment/2244933/prod/directUpload/f3ef9336-1183-449c-bbec-8475b21ef1ff.JPG",0,"Thomas Stevens","f97e5485-9bda-4eeb-83a3-d65ba57f410c","Mammalia","Rodentia","Muridae","Rattus","fuscipes","Bush Rat",NA,"2023-07-27 01:17:52",1,NA,NA,NA,NA,NA,NA,"false",NA,NA,"CC-BY-NC",2004409,"S01_T20",151.7339883,-32.23798667,"2023-07-24 00:00:00","2023-07-27 00:00:00","Other","Universal mammal bait","None",NA,2085466,"S01_T20",0,"Camera Functioning","Knee height",NA,"Parallel",NA,NA,NA,NA,"Site_01",NA,NA,NA,NA,NA,2023-07-27 01:17:52,2143,36,0.6,0
2004409,"S01_T20_2023","24a33b55-f3f8-425a-88a6-87eac8023d28","site_01__trap_20__2023-07-27__01-23-16(1).JPG","gs://145625598251_2004409_606_usyd_tfe_2022__main/deployment/2244933/prod/directUpload/24a33b55-f3f8-425a-88a6-87eac8023d28.JPG",0,"Thomas Stevens","f97e5485-9bda-4eeb-83a3-d65ba57f410c","Mammalia","Rodentia","Muridae","Rattus","fuscipes","Bush Rat",NA,"2023-07-27 01:23:16",1,NA,NA,NA,NA,NA,NA,"false",NA,NA,"CC-BY-NC",2004409,"S01_T20",151.7339883,-32.23798667,"2023-07-24 00:00:00","2023-07-27 00:00:00","Other","Universal mammal bait","None",NA,2085466,"S01_T20",0,"Camera Functioning","Knee height",NA,"Parallel",NA,NA,NA,NA,"Site_01",NA,NA,NA,NA,NA,2023-07-27 01:23:16,324,5,0.1,0
2004409,"S01_T20_2023","6cdbb081-51b7-45e1-95bb-4600850bd94b","site_01__trap_20__2023-07-27__02-02-38(4).JPG","gs://145625598251_2004409_606_usyd_tfe_2022__main/deployment/2244933/prod/directUpload/6cdbb081-51b7-45e1-95bb-4600850bd94b.JPG",0,"Thomas Stevens","f97e5485-9bda-4eeb-83a3-d65ba57f410c","Mammalia","Rodentia","Muridae","Rattus","fuscipes","Bush Rat",NA,"2023-07-27 02:02:38",1,NA,NA,NA,NA,NA,NA,"false",NA,NA,"CC-BY-NC",2004409,"S01_T20",151.7339883,-32.23798667,"2023-07-24 00:00:00","2023-07-27 00:00:00","Other","Universal mammal bait","None",NA,2085466,"S01_T20",0,"Camera Functioning","Knee height",NA,"Parallel",NA,NA,NA,NA,"Site_01",NA,NA,NA,NA,NA,2023-07-27 02:02:38,2362,39,0.7,0
2004409,"S01_T20_2023","4ed7441f-0be9-49d7-9367-e9c950b6d25c","site_01__trap_20__2023-07-27__02-21-12(1).JPG","gs://145625598251_2004409_606_usyd_tfe_2022__main/deployment/2244933/prod/directUpload/4ed7441f-0be9-49d7-9367-e9c950b6d25c.JPG",0,"Thomas Stevens","f97e5485-9bda-4eeb-83a3-d65ba57f410c","Mammalia","Rodentia","Muridae","Rattus","fuscipes","Bush Rat",NA,"2023-07-27 02:21:12",1,NA,NA,NA,NA,NA,NA,"false",NA,NA,"CC-BY-NC",2004409,"S01_T20",151.7339883,-32.23798667,"2023-07-24 00:00:00","2023-07-27 00:00:00","Other","Universal mammal bait","None",NA,2085466,"S01_T20",0,"Camera Functioning","Knee height",NA,"Parallel",NA,NA,NA,NA,"Site_01",NA,NA,NA,NA,NA,2023-07-27 02:21:12,1114,19,0.3,0
2004409,"S01_T20_2023","7ed9ccbf-bb54-478b-8875-4ef26aa18e69","site_01__trap_20__2023-07-27__02-40-09(1).JPG","gs://145625598251_2004409_606_usyd_tfe_2022__main/deployment/2244933/prod/directUpload/7ed9ccbf-bb54-478b-8875-4ef26aa18e69.JPG",0,"Thomas Stevens","f97e5485-9bda-4eeb-83a3-d65ba57f410c","Mammalia","Rodentia","Muridae","Rattus","fuscipes","Bush Rat",NA,"2023-07-27 02:40:09",1,NA,NA,NA,NA,NA,NA,"false",NA,NA,"CC-BY-NC",2004409,"S01_T20",151.7339883,-32.23798667,"2023-07-24 00:00:00","2023-07-27 00:00:00","Other","Universal mammal bait","None",NA,2085466,"S01_T20",0,"Camera Functioning","Knee height",NA,"Parallel",NA,NA,NA,NA,"Site_01",NA,NA,NA,NA,NA,2023-07-27 02:40:09,1137,19,0.3,0
2004409,"S01_T20_2023","7636dd86-7ace-457d-be2f-5e3660579380","site_01__trap_20__2023-07-27__02-55-51(1).JPG","gs://145625598251_2004409_606_usyd_tfe_2022__main/deployment/2244933/prod/directUpload/7636dd86-7ace-457d-be2f-5e3660579380.JPG",0,"Thomas Stevens","f97e5485-9bda-4eeb-83a3-d65ba57f410c","Mammalia","Rodentia","Muridae","Rattus","fuscipes","Bush Rat",NA,"2023-07-27 02:55:51",1,NA,NA,NA,NA,NA,NA,"false",NA,NA,"CC-BY-NC",2004409,"S01_T20",151.7339883,-32.23798667,"2023-07-24 00:00:00","2023-07-27 00:00:00","Other","Universal mammal bait","None",NA,2085466,"S01_T20",0,"Camera Functioning","Knee height",NA,"Parallel",NA,NA,NA,NA,"Site_01",NA,NA,NA,NA,NA,2023-07-27 02:55:51,942,16,0.3,0
2004409,"S01_T20_2023","fb8cb5aa-6d91-491d-b5d7-bd5f6eacce26","site_01__trap_20__2023-07-27__03-19-13(1).JPG","gs://145625598251_2004409_606_usyd_tfe_2022__main/deployment/2244933/prod/directUpload/fb8cb5aa-6d91-491d-b5d7-bd5f6eacce26.JPG",0,"Thomas Stevens","f97e5485-9bda-4eeb-83a3-d65ba57f410c","Mammalia","Rodentia","Muridae","Rattus","fuscipes","Bush Rat",NA,"2023-07-27 03:19:13",1,NA,NA,NA,NA,NA,NA,"false",NA,NA,"CC-BY-NC",2004409,"S01_T20",151.7339883,-32.23798667,"2023-07-24 00:00:00","2023-07-27 00:00:00","Other","Universal mammal bait","None",NA,2085466,"S01_T20",0,"Camera Functioning","Knee height",NA,"Parallel",NA,NA,NA,NA,"Site_01",NA,NA,NA,NA,NA,2023-07-27 03:19:13,1402,23,0.4,0
2004409,"S01_T20_2023","c9e7e6d1-464f-46b1-b9b1-fa0da47ffa75","site_01__trap_20__2023-07-27__04-02-43(1).JPG","gs://145625598251_2004409_606_usyd_tfe_2022__main/deployment/2244933/prod/directUpload/c9e7e6d1-464f-46b1-b9b1-fa0da47ffa75.JPG",0,"Thomas Stevens","f97e5485-9bda-4eeb-83a3-d65ba57f410c","Mammalia","Rodentia","Muridae","Rattus","fuscipes","Bush Rat",NA,"2023-07-27 04:02:43",1,NA,NA,NA,NA,NA,NA,"false",NA,NA,"CC-BY-NC",2004409,"S01_T20",151.7339883,-32.23798667,"2023-07-24 00:00:00","2023-07-27 00:00:00","Other","Universal mammal bait","None",NA,2085466,"S01_T20",0,"Camera Functioning","Knee height",NA,"Parallel",NA,NA,NA,NA,"Site_01",NA,NA,NA,NA,NA,2023-07-27 04:02:43,2610,44,0.7,0
2004409,"S01_T20_2023","68f15b53-100e-4962-a430-04babf8cf97a","site_01__trap_20__2023-07-27__04-16-09(1).JPG","gs://145625598251_2004409_606_usyd_tfe_2022__main/deployment/2244933/prod/directUpload/68f15b53-100e-4962-a430-04babf8cf97a.JPG",0,"Thomas Stevens","f97e5485-9bda-4eeb-83a3-d65ba57f410c","Mammalia","Rodentia","Muridae","Rattus","fuscipes","Bush Rat",NA,"2023-07-27 04:16:09",1,NA,NA,NA,NA,NA,NA,"false",NA,NA,"CC-BY-NC",2004409,"S01_T20",151.7339883,-32.23798667,"2023-07-24 00:00:00","2023-07-27 00:00:00","Other","Universal mammal bait","None",NA,2085466,"S01_T20",0,"Camera Functioning","Knee height",NA,"Parallel",NA,NA,NA,NA,"Site_01",NA,NA,NA,NA,NA,2023-07-27 04:16:09,806,13,0.2,0
2004409,"S01_T20_2023","c19e4b2e-9eeb-4071-a829-5c0138030bee","site_01__trap_20__2023-07-27__04-27-13(1).JPG","gs://145625598251_2004409_606_usyd_tfe_2022__main/deployment/2244933/prod/directUpload/c19e4b2e-9eeb-4071-a829-5c0138030bee.JPG",0,"Thomas Stevens","f97e5485-9bda-4eeb-83a3-d65ba57f410c","Mammalia","Rodentia","Muridae","Rattus","fuscipes","Bush Rat",NA,"2023-07-27 04:27:13",1,NA,NA,NA,NA,NA,NA,"false",NA,NA,"CC-BY-NC",2004409,"S01_T20",151.7339883,-32.23798667,"2023-07-24 00:00:00","2023-07-27 00:00:00","Other","Universal mammal bait","None",NA,2085466,"S01_T20",0,"Camera Functioning","Knee height",NA,"Parallel",NA,NA,NA,NA,"Site_01",NA,NA,NA,NA,NA,2023-07-27 04:27:13,664,11,0.2,0
2004409,"S01_T20_2023","7ff4c814-e5e2-4321-a4a8-32a7faeee212","site_01__trap_20__2023-07-27__05-00-00(1).JPG","gs://145625598251_2004409_606_usyd_tfe_2022__main/deployment/2244933/prod/directUpload/7ff4c814-e5e2-4321-a4a8-32a7faeee212.JPG",0,"Thomas Stevens","f97e5485-9bda-4eeb-83a3-d65ba57f410c","Mammalia","Rodentia","Muridae","Rattus","fuscipes","Bush Rat",NA,"2023-07-27 05:00:00",1,NA,NA,NA,NA,NA,NA,"false",NA,NA,"CC-BY-NC",2004409,"S01_T20",151.7339883,-32.23798667,"2023-07-24 00:00:00","2023-07-27 00:00:00","Other","Universal mammal bait","None",NA,2085466,"S01_T20",0,"Camera Functioning","Knee height",NA,"Parallel",NA,NA,NA,NA,"Site_01",NA,NA,NA,NA,NA,2023-07-27 05:00:00,1967,33,0.6,0
2004409,"S01_T20_2023","4e12ea93-7918-4026-90c8-656b8ff71f2b","site_01__trap_20__2023-07-27__05-23-36(2).JPG","gs://145625598251_2004409_606_usyd_tfe_2022__main/deployment/2244933/prod/directUpload/4e12ea93-7918-4026-90c8-656b8ff71f2b.JPG",0,"Thomas Stevens","f97e5485-9bda-4eeb-83a3-d65ba57f410c","Mammalia","Rodentia","Muridae","Rattus","fuscipes","Bush Rat",NA,"2023-07-27 05:23:36",1,NA,NA,NA,NA,NA,NA,"false",NA,NA,"CC-BY-NC",2004409,"S01_T20",151.7339883,-32.23798667,"2023-07-24 00:00:00","2023-07-27 00:00:00","Other","Universal mammal bait","None",NA,2085466,"S01_T20",0,"Camera Functioning","Knee height",NA,"Parallel",NA,NA,NA,NA,"Site_01",NA,NA,NA,NA,NA,2023-07-27 05:23:36,1416,24,0.4,0
2004409,"S01_T22_2023","8e7d425d-3b55-4d61-b117-bd9f76ce31ff","site_01__trap_22__2023-07-25__05-41-39(1).JPG","gs://145625598251_2004409_606_usyd_tfe_2022__main/deployment/2244934/prod/directUpload/8e7d425d-3b55-4d61-b117-bd9f76ce31ff.JPG",0,"Rhiannon Humphrey","6e975946-43db-40cf-a4bb-2977319097a1","Mammalia","Dasyuromorphia","Dasyuridae","Antechinus","","Antechinus Species",NA,"2023-07-25 05:41:39",1,NA,NA,NA,NA,NA,NA,"false",NA,NA,"CC-BY-NC",2004409,"S01_T22",151.7341183,-32.23797833,"2023-07-24 00:00:00","2023-07-27 00:00:00","Other","Universal mammal bait","None",NA,2085467,"S01_T22",0,"Camera Functioning","Knee height",NA,"Parallel",NA,NA,NA,NA,"Site_01",NA,NA,NA,NA,NA,2023-07-25 05:41:39,0,0,0,0
2004409,"S01_T22_2023","1fb0177c-49e8-4c0a-af2b-94c0ee939a4f","site_01__trap_22__2023-07-25__18-48-27(1).JPG","gs://145625598251_2004409_606_usyd_tfe_2022__main/deployment/2244934/prod/directUpload/1fb0177c-49e8-4c0a-af2b-94c0ee939a4f.JPG",0,"Rhiannon Humphrey","6e975946-43db-40cf-a4bb-2977319097a1","Mammalia","Dasyuromorphia","Dasyuridae","Antechinus","","Antechinus Species",NA,"2023-07-25 18:48:27",1,NA,NA,NA,NA,NA,NA,"false",NA,NA,"CC-BY-NC",2004409,"S01_T22",151.7341183,-32.23797833,"2023-07-24 00:00:00","2023-07-27 00:00:00","Other","Universal mammal bait","None",NA,2085467,"S01_T22",0,"Camera Functioning","Knee height",NA,"Parallel",NA,NA,NA,NA,"Site_01",NA,NA,NA,NA,NA,2023-07-25 18:48:27,47208,787,13.1,0.5
2004409,"S01_T22_2023","22136c96-c750-4a2b-a801-02995b92dcee","site_01__trap_22__2023-07-25__22-17-04(1).JPG","gs://145625598251_2004409_606_usyd_tfe_2022__main/deployment/2244934/prod/directUpload/22136c96-c750-4a2b-a801-02995b92dcee.JPG",0,"Rhiannon Humphrey","6e975946-43db-40cf-a4bb-2977319097a1","Mammalia","Dasyuromorphia","Dasyuridae","Antechinus","","Antechinus Species",NA,"2023-07-25 22:17:04",1,NA,NA,NA,NA,NA,NA,"false",NA,NA,"CC-BY-NC",2004409,"S01_T22",151.7341183,-32.23797833,"2023-07-24 00:00:00","2023-07-27 00:00:00","Other","Universal mammal bait","None",NA,2085467,"S01_T22",0,"Camera Functioning","Knee height",NA,"Parallel",NA,NA,NA,NA,"Site_01",NA,NA,NA,NA,NA,2023-07-25 22:17:04,12517,209,3.5,0.1
2004409,"S01_T22_2023","a340d9f4-3461-4bdc-80bf-28239430dc19","site_01__trap_22__2023-07-26__02-42-45(1).JPG","gs://145625598251_2004409_606_usyd_tfe_2022__main/deployment/2244934/prod/directUpload/a340d9f4-3461-4bdc-80bf-28239430dc19.JPG",0,"Rhiannon Humphrey","6e975946-43db-40cf-a4bb-2977319097a1","Mammalia","Dasyuromorphia","Dasyuridae","Antechinus","","Antechinus Species",NA,"2023-07-26 02:42:45",1,NA,NA,NA,NA,NA,NA,"false",NA,NA,"CC-BY-NC",2004409,"S01_T22",151.7341183,-32.23797833,"2023-07-24 00:00:00","2023-07-27 00:00:00","Other","Universal mammal bait","None",NA,2085467,"S01_T22",0,"Camera Functioning","Knee height",NA,"Parallel",NA,NA,NA,NA,"Site_01",NA,NA,NA,NA,NA,2023-07-26 02:42:45,15941,266,4.4,0.2
2004409,"S01_T22_2023","9b5fc00b-3462-4475-991f-7e43070ae33e","site_01__trap_22__2023-07-26__02-51-34(1).JPG","gs://145625598251_2004409_606_usyd_tfe_2022__main/deployment/2244934/prod/directUpload/9b5fc00b-3462-4475-991f-7e43070ae33e.JPG",0,"Rhiannon Humphrey","6e975946-43db-40cf-a4bb-2977319097a1","Mammalia","Dasyuromorphia","Dasyuridae","Antechinus","","Antechinus Species",NA,"2023-07-26 02:51:34",1,NA,NA,NA,NA,NA,NA,"false",NA,NA,"CC-BY-NC",2004409,"S01_T22",151.7341183,-32.23797833,"2023-07-24 00:00:00","2023-07-27 00:00:00","Other","Universal mammal bait","None",NA,2085467,"S01_T22",0,"Camera Functioning","Knee height",NA,"Parallel",NA,NA,NA,NA,"Site_01",NA,NA,NA,NA,NA,2023-07-26 02:51:34,529,9,0.1,0
2004409,"S01_T22_2023","157eda4f-a4e6-46d6-9b7c-4539de37fa36","site_01__trap_22__2023-07-26__02-58-41(1).JPG","gs://145625598251_2004409_606_usyd_tfe_2022__main/deployment/2244934/prod/directUpload/157eda4f-a4e6-46d6-9b7c-4539de37fa36.JPG",0,"Rhiannon Humphrey","6e975946-43db-40cf-a4bb-2977319097a1","Mammalia","Dasyuromorphia","Dasyuridae","Antechinus","","Antechinus Species",NA,"2023-07-26 02:58:41",1,NA,NA,NA,NA,NA,NA,"false",NA,NA,"CC-BY-NC",2004409,"S01_T22",151.7341183,-32.23797833,"2023-07-24 00:00:00","2023-07-27 00:00:00","Other","Universal mammal bait","None",NA,2085467,"S01_T22",0,"Camera Functioning","Knee height",NA,"Parallel",NA,NA,NA,NA,"Site_01",NA,NA,NA,NA,NA,2023-07-26 02:58:41,427,7,0.1,0
2004409,"S01_T22_2023","43388ab0-8547-44a4-b80b-df39dc2485a7","site_01__trap_22__2023-07-26__06-27-13(1).JPG","gs://145625598251_2004409_606_usyd_tfe_2022__main/deployment/2244934/prod/directUpload/43388ab0-8547-44a4-b80b-df39dc2485a7.JPG",0,"Rhiannon Humphrey","6e975946-43db-40cf-a4bb-2977319097a1","Mammalia","Dasyuromorphia","Dasyuridae","Antechinus","","Antechinus Species",NA,"2023-07-26 06:27:13",1,NA,NA,NA,NA,NA,NA,"false",NA,NA,"CC-BY-NC",2004409,"S01_T22",151.7341183,-32.23797833,"2023-07-24 00:00:00","2023-07-27 00:00:00","Other","Universal mammal bait","None",NA,2085467,"S01_T22",0,"Camera Functioning","Knee height",NA,"Parallel",NA,NA,NA,NA,"Site_01",NA,NA,NA,NA,NA,2023-07-26 06:27:13,12512,209,3.5,0.1
2004409,"S01_T22_2023","ff7f174c-e1d9-4767-9e0e-6c5706a1f4b7","site_01__trap_22__2023-07-26__06-32-29(1).JPG","gs://145625598251_2004409_606_usyd_tfe_2022__main/deployment/2244934/prod/directUpload/ff7f174c-e1d9-4767-9e0e-6c5706a1f4b7.JPG",0,"Rhiannon Humphrey","6e975946-43db-40cf-a4bb-2977319097a1","Mammalia","Dasyuromorphia","Dasyuridae","Antechinus","","Antechinus Species",NA,"2023-07-26 06:32:29",1,NA,NA,NA,NA,NA,NA,"false",NA,NA,"CC-BY-NC",2004409,"S01_T22",151.7341183,-32.23797833,"2023-07-24 00:00:00","2023-07-27 00:00:00","Other","Universal mammal bait","None",NA,2085467,"S01_T22",0,"Camera Functioning","Knee height",NA,"Parallel",NA,NA,NA,NA,"Site_01",NA,NA,NA,NA,NA,2023-07-26 06:32:29,316,5,0.1,0
2004409,"S01_T22_2023","fa24109f-4863-41f3-add9-addc6f6f6cc1","site_01__trap_22__2023-07-26__13-22-33(1).JPG","gs://145625598251_2004409_606_usyd_tfe_2022__main/deployment/2244934/prod/directUpload/fa24109f-4863-41f3-add9-addc6f6f6cc1.JPG",0,"Rhiannon Humphrey","6e975946-43db-40cf-a4bb-2977319097a1","Mammalia","Dasyuromorphia","Dasyuridae","Antechinus","","Antechinus Species",NA,"2023-07-26 13:22:33",1,NA,NA,NA,NA,NA,NA,"false",NA,NA,"CC-BY-NC",2004409,"S01_T22",151.7341183,-32.23797833,"2023-07-24 00:00:00","2023-07-27 00:00:00","Other","Universal mammal bait","None",NA,2085467,"S01_T22",0,"Camera Functioning","Knee height",NA,"Parallel",NA,NA,NA,NA,"Site_01",NA,NA,NA,NA,NA,2023-07-26 13:22:33,24604,410,6.8,0.3
2004409,"S01_T22_2023","53f0b221-f373-44a8-bbc0-e2bf727241f8","site_01__trap_22__2023-07-26__13-42-27(1).JPG","gs://145625598251_2004409_606_usyd_tfe_2022__main/deployment/2244934/prod/directUpload/53f0b221-f373-44a8-bbc0-e2bf727241f8.JPG",0,"Rhiannon Humphrey","6e975946-43db-40cf-a4bb-2977319097a1","Mammalia","Dasyuromorphia","Dasyuridae","Antechinus","","Antechinus Species",NA,"2023-07-26 13:42:27",1,NA,NA,NA,NA,NA,NA,"false",NA,NA,"CC-BY-NC",2004409,"S01_T22",151.7341183,-32.23797833,"2023-07-24 00:00:00","2023-07-27 00:00:00","Other","Universal mammal bait","None",NA,2085467,"S01_T22",0,"Camera Functioning","Knee height",NA,"Parallel",NA,NA,NA,NA,"Site_01",NA,NA,NA,NA,NA,2023-07-26 13:42:27,1194,20,0.3,0
2004409,"S01_T22_2023","497659c8-27a9-4aae-bed1-26b2c147df33","site_01__trap_22__2023-07-26__13-59-10(1).JPG","gs://145625598251_2004409_606_usyd_tfe_2022__main/deployment/2244934/prod/directUpload/497659c8-27a9-4aae-bed1-26b2c147df33.JPG",0,"Rhiannon Humphrey","6e975946-43db-40cf-a4bb-2977319097a1","Mammalia","Dasyuromorphia","Dasyuridae","Antechinus","","Antechinus Species",NA,"2023-07-26 13:59:10",1,NA,NA,NA,NA,NA,NA,"false",NA,NA,"CC-BY-NC",2004409,"S01_T22",151.7341183,-32.23797833,"2023-07-24 00:00:00","2023-07-27 00:00:00","Other","Universal mammal bait","None",NA,2085467,"S01_T22",0,"Camera Functioning","Knee height",NA,"Parallel",NA,NA,NA,NA,"Site_01",NA,NA,NA,NA,NA,2023-07-26 13:59:10,1003,17,0.3,0
2004409,"S01_T22_2023","04467479-e342-440d-b1fc-224545c8fb0f","site_01__trap_22__2023-07-26__14-04-25(1).JPG","gs://145625598251_2004409_606_usyd_tfe_2022__main/deployment/2244934/prod/directUpload/04467479-e342-440d-b1fc-224545c8fb0f.JPG",0,"Rhiannon Humphrey","6e975946-43db-40cf-a4bb-2977319097a1","Mammalia","Dasyuromorphia","Dasyuridae","Antechinus","","Antechinus Species",NA,"2023-07-26 14:04:25",1,NA,NA,NA,NA,NA,NA,"false",NA,NA,"CC-BY-NC",2004409,"S01_T22",151.7341183,-32.23797833,"2023-07-24 00:00:00","2023-07-27 00:00:00","Other","Universal mammal bait","None",NA,2085467,"S01_T22",0,"Camera Functioning","Knee height",NA,"Parallel",NA,NA,NA,NA,"Site_01",NA,NA,NA,NA,NA,2023-07-26 14:04:25,315,5,0.1,0
2004409,"S01_T22_2023","7cf26530-dbb4-4edc-9404-e8182ce92b1a","site_01__trap_22__2023-07-26__14-09-37(1).JPG","gs://145625598251_2004409_606_usyd_tfe_2022__main/deployment/2244934/prod/directUpload/7cf26530-dbb4-4edc-9404-e8182ce92b1a.JPG",0,"Rhiannon Humphrey","6e975946-43db-40cf-a4bb-2977319097a1","Mammalia","Dasyuromorphia","Dasyuridae","Antechinus","","Antechinus Species",NA,"2023-07-26 14:09:37",1,NA,NA,NA,NA,NA,NA,"false",NA,NA,"CC-BY-NC",2004409,"S01_T22",151.7341183,-32.23797833,"2023-07-24 00:00:00","2023-07-27 00:00:00","Other","Universal mammal bait","None",NA,2085467,"S01_T22",0,"Camera Functioning","Knee height",NA,"Parallel",NA,NA,NA,NA,"Site_01",NA,NA,NA,NA,NA,2023-07-26 14:09:37,312,5,0.1,0
2004409,"S01_T22_2023","cb5b8ccb-c46e-4e19-8169-e404b63c7572","site_01__trap_22__2023-07-26__16-45-33(1).JPG","gs://145625598251_2004409_606_usyd_tfe_2022__main/deployment/2244934/prod/directUpload/cb5b8ccb-c46e-4e19-8169-e404b63c7572.JPG",0,"Rhiannon Humphrey","6e975946-43db-40cf-a4bb-2977319097a1","Mammalia","Dasyuromorphia","Dasyuridae","Antechinus","","Antechinus Species",NA,"2023-07-26 16:45:33",1,NA,NA,NA,NA,NA,NA,"false",NA,NA,"CC-BY-NC",2004409,"S01_T22",151.7341183,-32.23797833,"2023-07-24 00:00:00","2023-07-27 00:00:00","Other","Universal mammal bait","None",NA,2085467,"S01_T22",0,"Camera Functioning","Knee height",NA,"Parallel",NA,NA,NA,NA,"Site_01",NA,NA,NA,NA,NA,2023-07-26 16:45:33,9356,156,2.6,0.1
2004409,"S01_T22_2023","068509cd-2d0a-4723-bc31-239f5976c3df","site_01__trap_22__2023-07-26__17-32-44(1).JPG","gs://145625598251_2004409_606_usyd_tfe_2022__main/deployment/2244934/prod/directUpload/068509cd-2d0a-4723-bc31-239f5976c3df.JPG",0,"Rhiannon Humphrey","6e975946-43db-40cf-a4bb-2977319097a1","Mammalia","Dasyuromorphia","Dasyuridae","Antechinus","","Antechinus Species",NA,"2023-07-26 17:32:44",1,NA,NA,NA,NA,NA,NA,"false",NA,NA,"CC-BY-NC",2004409,"S01_T22",151.7341183,-32.23797833,"2023-07-24 00:00:00","2023-07-27 00:00:00","Other","Universal mammal bait","None",NA,2085467,"S01_T22",0,"Camera Functioning","Knee height",NA,"Parallel",NA,NA,NA,NA,"Site_01",NA,NA,NA,NA,NA,2023-07-26 17:32:44,2831,47,0.8,0
2004409,"S01_T22_2023","dfaf205b-811f-4fad-8d8c-687933e267c8","site_01__trap_22__2023-07-26__17-44-58(1).JPG","gs://145625598251_2004409_606_usyd_tfe_2022__main/deployment/2244934/prod/directUpload/dfaf205b-811f-4fad-8d8c-687933e267c8.JPG",0,"Rhiannon Humphrey","6e975946-43db-40cf-a4bb-2977319097a1","Mammalia","Dasyuromorphia","Dasyuridae","Antechinus","","Antechinus Species",NA,"2023-07-26 17:44:58",1,NA,NA,NA,NA,NA,NA,"false",NA,NA,"CC-BY-NC",2004409,"S01_T22",151.7341183,-32.23797833,"2023-07-24 00:00:00","2023-07-27 00:00:00","Other","Universal mammal bait","None",NA,2085467,"S01_T22",0,"Camera Functioning","Knee height",NA,"Parallel",NA,NA,NA,NA,"Site_01",NA,NA,NA,NA,NA,2023-07-26 17:44:58,734,12,0.2,0
2004409,"S01_T22_2023","010399f5-074b-43c4-98c8-d5108ac7e9d5","site_01__trap_22__2023-07-26__17-53-43(1).JPG","gs://145625598251_2004409_606_usyd_tfe_2022__main/deployment/2244934/prod/directUpload/010399f5-074b-43c4-98c8-d5108ac7e9d5.JPG",0,"Rhiannon Humphrey","6e975946-43db-40cf-a4bb-2977319097a1","Mammalia","Dasyuromorphia","Dasyuridae","Antechinus","","Antechinus Species",NA,"2023-07-26 17:53:43",1,NA,NA,NA,NA,NA,NA,"false",NA,NA,"CC-BY-NC",2004409,"S01_T22",151.7341183,-32.23797833,"2023-07-24 00:00:00","2023-07-27 00:00:00","Other","Universal mammal bait","None",NA,2085467,"S01_T22",0,"Camera Functioning","Knee height",NA,"Parallel",NA,NA,NA,NA,"Site_01",NA,NA,NA,NA,NA,2023-07-26 17:53:43,525,9,0.1,0
2004409,"S01_T22_2023","13545c80-f3c1-4873-932e-541b8e96d4f8","site_01__trap_22__2023-07-26__23-59-07(1).JPG","gs://145625598251_2004409_606_usyd_tfe_2022__main/deployment/2244934/prod/directUpload/13545c80-f3c1-4873-932e-541b8e96d4f8.JPG",0,"Rhiannon Humphrey","6e975946-43db-40cf-a4bb-2977319097a1","Mammalia","Dasyuromorphia","Dasyuridae","Antechinus","","Antechinus Species",NA,"2023-07-26 23:59:07",1,NA,NA,NA,NA,NA,NA,"false",NA,NA,"CC-BY-NC",2004409,"S01_T22",151.7341183,-32.23797833,"2023-07-24 00:00:00","2023-07-27 00:00:00","Other","Universal mammal bait","None",NA,2085467,"S01_T22",0,"Camera Functioning","Knee height",NA,"Parallel",NA,NA,NA,NA,"Site_01",NA,NA,NA,NA,NA,2023-07-26 23:59:07,21924,365,6.1,0.3
2004409,"S01_T22_2023","ee567807-f5a3-4c0e-96f5-08ec00803bed","site_01__trap_22__2023-07-27__06-19-26(1).JPG","gs://145625598251_2004409_606_usyd_tfe_2022__main/deployment/2244934/prod/directUpload/ee567807-f5a3-4c0e-96f5-08ec00803bed.JPG",0,"Rhiannon Humphrey","6e975946-43db-40cf-a4bb-2977319097a1","Mammalia","Dasyuromorphia","Dasyuridae","Antechinus","","Antechinus Species",NA,"2023-07-27 06:19:26",1,NA,NA,NA,NA,NA,NA,"false",NA,NA,"CC-BY-NC",2004409,"S01_T22",151.7341183,-32.23797833,"2023-07-24 00:00:00","2023-07-27 00:00:00","Other","Universal mammal bait","None",NA,2085467,"S01_T22",0,"Camera Functioning","Knee height",NA,"Parallel",NA,NA,NA,NA,"Site_01",NA,NA,NA,NA,NA,2023-07-27 06:19:26,22819,380,6.3,0.3
2004409,"S01_T22_2023","0a4c597d-a8ae-4575-b1fc-6e4d556b4cf6","site_01__trap_22__2023-07-27__07-06-40(1).JPG","gs://145625598251_2004409_606_usyd_tfe_2022__main/deployment/2244934/prod/directUpload/0a4c597d-a8ae-4575-b1fc-6e4d556b4cf6.JPG",0,"Rhiannon Humphrey","6e975946-43db-40cf-a4bb-2977319097a1","Mammalia","Dasyuromorphia","Dasyuridae","Antechinus","","Antechinus Species",NA,"2023-07-27 07:06:40",1,NA,NA,NA,NA,NA,NA,"false",NA,NA,"CC-BY-NC",2004409,"S01_T22",151.7341183,-32.23797833,"2023-07-24 00:00:00","2023-07-27 00:00:00","Other","Universal mammal bait","None",NA,2085467,"S01_T22",0,"Camera Functioning","Knee height",NA,"Parallel",NA,NA,NA,NA,"Site_01",NA,NA,NA,NA,NA,2023-07-27 07:06:40,2834,47,0.8,0
2004409,"S01_T22_2023","f44125f5-1121-4558-840d-bf12a65a1a1f","site_01__trap_22__2023-07-25__07-09-29(4).JPG","gs://145625598251_2004409_606_usyd_tfe_2022__main/deployment/2244934/prod/directUpload/f44125f5-1121-4558-840d-bf12a65a1a1f.JPG",0,"Aaron Greenville","00049ff0-2ffa-4d82-8cf3-c861fbbfa9d5","Mammalia","Rodentia","Muridae","Rattus","","Rattus Species",NA,"2023-07-25 07:09:29",1,NA,NA,NA,NA,NA,NA,"false",NA,NA,"CC-BY-NC",2004409,"S01_T22",151.7341183,-32.23797833,"2023-07-24 00:00:00","2023-07-27 00:00:00","Other","Universal mammal bait","None",NA,2085467,"S01_T22",0,"Camera Functioning","Knee height",NA,"Parallel",NA,NA,NA,NA,"Site_01",NA,NA,NA,NA,NA,2023-07-25 07:09:29,0,0,0,0
2004409,"S01_T22_2023","c33a1c46-0861-47f8-8933-b954c6c937a9","site_01__trap_22__2023-07-26__22-53-25(1).JPG","gs://145625598251_2004409_606_usyd_tfe_2022__main/deployment/2244934/prod/directUpload/c33a1c46-0861-47f8-8933-b954c6c937a9.JPG",0,"Rhiannon Humphrey","00049ff0-2ffa-4d82-8cf3-c861fbbfa9d5","Mammalia","Rodentia","Muridae","Rattus","","Rattus Species",NA,"2023-07-26 22:53:25",1,NA,NA,NA,NA,NA,NA,"false",NA,NA,"CC-BY-NC",2004409,"S01_T22",151.7341183,-32.23797833,"2023-07-24 00:00:00","2023-07-27 00:00:00","Other","Universal mammal bait","None",NA,2085467,"S01_T22",0,"Camera Functioning","Knee height",NA,"Parallel",NA,NA,NA,NA,"Site_01",NA,NA,NA,NA,NA,2023-07-26 22:53:25,143036,2384,39.7,1.7
2004409,"S01_T22_2023","28f38e16-d75e-4918-b8d2-b833fd7d1a59","site_01__trap_22__2023-07-27__00-23-54(1).JPG","gs://145625598251_2004409_606_usyd_tfe_2022__main/deployment/2244934/prod/directUpload/28f38e16-d75e-4918-b8d2-b833fd7d1a59.JPG",0,"Aaron Greenville","00049ff0-2ffa-4d82-8cf3-c861fbbfa9d5","Mammalia","Rodentia","Muridae","Rattus","","Rattus Species",NA,"2023-07-27 00:23:54",1,NA,NA,NA,NA,NA,NA,"false",NA,NA,"CC-BY-NC",2004409,"S01_T22",151.7341183,-32.23797833,"2023-07-24 00:00:00","2023-07-27 00:00:00","Other","Universal mammal bait","None",NA,2085467,"S01_T22",0,"Camera Functioning","Knee height",NA,"Parallel",NA,NA,NA,NA,"Site_01",NA,NA,NA,NA,NA,2023-07-27 00:23:54,5429,90,1.5,0.1
2004409,"S01_T22_2023","fea4781e-5330-48ac-b8ca-af947d7708a1","site_01__trap_22__2023-07-27__01-34-28(1).JPG","gs://145625598251_2004409_606_usyd_tfe_2022__main/deployment/2244934/prod/directUpload/fea4781e-5330-48ac-b8ca-af947d7708a1.JPG",0,"Rhiannon Humphrey","00049ff0-2ffa-4d82-8cf3-c861fbbfa9d5","Mammalia","Rodentia","Muridae","Rattus","","Rattus Species",NA,"2023-07-27 01:34:28",1,NA,NA,NA,NA,NA,NA,"false",NA,NA,"CC-BY-NC",2004409,"S01_T22",151.7341183,-32.23797833,"2023-07-24 00:00:00","2023-07-27 00:00:00","Other","Universal mammal bait","None",NA,2085467,"S01_T22",0,"Camera Functioning","Knee height",NA,"Parallel",NA,NA,NA,NA,"Site_01",NA,NA,NA,NA,NA,2023-07-27 01:34:28,4234,71,1.2,0
2004409,"S01_T22_2023","38413d88-c4ff-4735-a963-13a7badb45b8","site_01__trap_22__2023-07-27__02-22-45(1).JPG","gs://145625598251_2004409_606_usyd_tfe_2022__main/deployment/2244934/prod/directUpload/38413d88-c4ff-4735-a963-13a7badb45b8.JPG",0,"Rhiannon Humphrey","00049ff0-2ffa-4d82-8cf3-c861fbbfa9d5","Mammalia","Rodentia","Muridae","Rattus","","Rattus Species",NA,"2023-07-27 02:22:45",1,NA,NA,NA,NA,NA,NA,"false",NA,NA,"CC-BY-NC",2004409,"S01_T22",151.7341183,-32.23797833,"2023-07-24 00:00:00","2023-07-27 00:00:00","Other","Universal mammal bait","None",NA,2085467,"S01_T22",0,"Camera Functioning","Knee height",NA,"Parallel",NA,NA,NA,NA,"Site_01",NA,NA,NA,NA,NA,2023-07-27 02:22:45,2897,48,0.8,0
2004409,"S01_T22_2023","929ae4b9-dc7a-4e6d-a627-6653c6bd0f38","site_01__trap_22__2023-07-27__02-30-25(1).JPG","gs://145625598251_2004409_606_usyd_tfe_2022__main/deployment/2244934/prod/directUpload/929ae4b9-dc7a-4e6d-a627-6653c6bd0f38.JPG",0,"Rhiannon Humphrey","00049ff0-2ffa-4d82-8cf3-c861fbbfa9d5","Mammalia","Rodentia","Muridae","Rattus","","Rattus Species",NA,"2023-07-27 02:30:25",1,NA,NA,NA,NA,NA,NA,"false",NA,NA,"CC-BY-NC",2004409,"S01_T22",151.7341183,-32.23797833,"2023-07-24 00:00:00","2023-07-27 00:00:00","Other","Universal mammal bait","None",NA,2085467,"S01_T22",0,"Camera Functioning","Knee height",NA,"Parallel",NA,NA,NA,NA,"Site_01",NA,NA,NA,NA,NA,2023-07-27 02:30:25,460,8,0.1,0
2004409,"S01_T22_2023","05bd2dd3-565c-4618-b6e0-3f596ad9ee2a","site_01__trap_22__2023-07-27__02-36-42(1).JPG","gs://145625598251_2004409_606_usyd_tfe_2022__main/deployment/2244934/prod/directUpload/05bd2dd3-565c-4618-b6e0-3f596ad9ee2a.JPG",0,"Aaron Greenville","00049ff0-2ffa-4d82-8cf3-c861fbbfa9d5","Mammalia","Rodentia","Muridae","Rattus","","Rattus Species",NA,"2023-07-27 02:36:42",1,NA,NA,NA,NA,NA,NA,"false",NA,NA,"CC-BY-NC",2004409,"S01_T22",151.7341183,-32.23797833,"2023-07-24 00:00:00","2023-07-27 00:00:00","Other","Universal mammal bait","None",NA,2085467,"S01_T22",0,"Camera Functioning","Knee height",NA,"Parallel",NA,NA,NA,NA,"Site_01",NA,NA,NA,NA,NA,2023-07-27 02:36:42,377,6,0.1,0
2004409,"S01_T22_2023","96cb2e43-dea9-446e-9b7b-3295a23547fa","site_01__trap_22__2023-07-27__03-46-29(1).JPG","gs://145625598251_2004409_606_usyd_tfe_2022__main/deployment/2244934/prod/directUpload/96cb2e43-dea9-446e-9b7b-3295a23547fa.JPG",0,"Rhiannon Humphrey","00049ff0-2ffa-4d82-8cf3-c861fbbfa9d5","Mammalia","Rodentia","Muridae","Rattus","","Rattus Species",NA,"2023-07-27 03:46:29",1,NA,NA,NA,NA,NA,NA,"false",NA,NA,"CC-BY-NC",2004409,"S01_T22",151.7341183,-32.23797833,"2023-07-24 00:00:00","2023-07-27 00:00:00","Other","Universal mammal bait","None",NA,2085467,"S01_T22",0,"Camera Functioning","Knee height",NA,"Parallel",NA,NA,NA,NA,"Site_01",NA,NA,NA,NA,NA,2023-07-27 03:46:29,4187,70,1.2,0
2004409,"S01_T22_2023","6a4feb01-a7b0-4446-ad11-3c879f0d1464","site_01__trap_22__2023-07-27__05-30-16(1).JPG","gs://145625598251_2004409_606_usyd_tfe_2022__main/deployment/2244934/prod/directUpload/6a4feb01-a7b0-4446-ad11-3c879f0d1464.JPG",0,"Rhiannon Humphrey","00049ff0-2ffa-4d82-8cf3-c861fbbfa9d5","Mammalia","Rodentia","Muridae","Rattus","","Rattus Species",NA,"2023-07-27 05:30:16",1,NA,NA,NA,NA,NA,NA,"false",NA,NA,"CC-BY-NC",2004409,"S01_T22",151.7341183,-32.23797833,"2023-07-24 00:00:00","2023-07-27 00:00:00","Other","Universal mammal bait","None",NA,2085467,"S01_T22",0,"Camera Functioning","Knee height",NA,"Parallel",NA,NA,NA,NA,"Site_01",NA,NA,NA,NA,NA,2023-07-27 05:30:16,6227,104,1.7,0.1
2004409,"S01_T22_2023","56ffeade-264d-4b48-88bb-c84b9e3ee4c4","site_01__trap_22__2023-07-27__05-36-56(1).JPG","gs://145625598251_2004409_606_usyd_tfe_2022__main/deployment/2244934/prod/directUpload/56ffeade-264d-4b48-88bb-c84b9e3ee4c4.JPG",0,"Aaron Greenville","00049ff0-2ffa-4d82-8cf3-c861fbbfa9d5","Mammalia","Rodentia","Muridae","Rattus","","Rattus Species",NA,"2023-07-27 05:36:56",1,NA,NA,NA,NA,NA,NA,"false",NA,NA,"CC-BY-NC",2004409,"S01_T22",151.7341183,-32.23797833,"2023-07-24 00:00:00","2023-07-27 00:00:00","Other","Universal mammal bait","None",NA,2085467,"S01_T22",0,"Camera Functioning","Knee height",NA,"Parallel",NA,NA,NA,NA,"Site_01",NA,NA,NA,NA,NA,2023-07-27 05:36:56,400,7,0.1,0
2004409,"S01_T22_2023","a5bf9958-34f7-4d72-8ba5-3c96c4adf67e","site_01__trap_22__2023-07-27__05-51-06(1).JPG","gs://145625598251_2004409_606_usyd_tfe_2022__main/deployment/2244934/prod/directUpload/a5bf9958-34f7-4d72-8ba5-3c96c4adf67e.JPG",0,"Aaron Greenville","00049ff0-2ffa-4d82-8cf3-c861fbbfa9d5","Mammalia","Rodentia","Muridae","Rattus","","Rattus Species",NA,"2023-07-27 05:51:06",1,NA,NA,NA,NA,NA,NA,"false",NA,NA,"CC-BY-NC",2004409,"S01_T22",151.7341183,-32.23797833,"2023-07-24 00:00:00","2023-07-27 00:00:00","Other","Universal mammal bait","None",NA,2085467,"S01_T22",0,"Camera Functioning","Knee height",NA,"Parallel",NA,NA,NA,NA,"Site_01",NA,NA,NA,NA,NA,2023-07-27 05:51:06,850,14,0.2,0
2004409,"S01_T22_2023","ded56c2a-06f4-4d3d-a461-5008bdca15db","site_01__trap_22__2023-07-27__02-39-50(1).JPG","gs://145625598251_2004409_606_usyd_tfe_2022__main/deployment/2244934/prod/directUpload/ded56c2a-06f4-4d3d-a461-5008bdca15db.JPG",0,"Rhiannon Humphrey","90d950db-2106-4bd9-a4c1-777604c3eada","Mammalia","Rodentia","","","","Rodent",NA,"2023-07-27 02:39:50",1,NA,NA,NA,NA,NA,NA,"false",NA,NA,"CC-BY-NC",2004409,"S01_T22",151.7341183,-32.23797833,"2023-07-24 00:00:00","2023-07-27 00:00:00","Other","Universal mammal bait","None",NA,2085467,"S01_T22",0,"Camera Functioning","Knee height",NA,"Parallel",NA,NA,NA,NA,"Site_01",NA,NA,NA,NA,NA,2023-07-27 02:39:50,0,0,0,0
2004409,"S01_T22_2023","044c9c6f-c39f-488c-8883-13450afa2cd3","site_01__trap_22__2023-07-25__07-09-22(1).JPG","gs://145625598251_2004409_606_usyd_tfe_2022__main/deployment/2244934/prod/directUpload/044c9c6f-c39f-488c-8883-13450afa2cd3.JPG",0,"Rhiannon Humphrey","d8cabc3b-7bbe-45b0-b9a9-600e114d189b","Mammalia","","","","","Small Mammal",NA,"2023-07-25 07:09:22",1,NA,NA,NA,NA,NA,NA,"false",NA,NA,"CC-BY-NC",2004409,"S01_T22",151.7341183,-32.23797833,"2023-07-24 00:00:00","2023-07-27 00:00:00","Other","Universal mammal bait","None",NA,2085467,"S01_T22",0,"Camera Functioning","Knee height",NA,"Parallel",NA,NA,NA,NA,"Site_01",NA,NA,NA,NA,NA,2023-07-25 07:09:22,0,0,0,0
2004409,"S01_T22_2023","e7204ba2-9665-418d-944c-f0e172dba2cd","site_01__trap_22__2023-07-26__12-30-34(1).JPG","gs://145625598251_2004409_606_usyd_tfe_2022__main/deployment/2244934/prod/directUpload/e7204ba2-9665-418d-944c-f0e172dba2cd.JPG",0,"Rhiannon Humphrey","d8cabc3b-7bbe-45b0-b9a9-600e114d189b","Mammalia","","","","","Small Mammal",NA,"2023-07-26 12:30:34",1,NA,NA,NA,NA,NA,NA,"false",NA,NA,"CC-BY-NC",2004409,"S01_T22",151.7341183,-32.23797833,"2023-07-24 00:00:00","2023-07-27 00:00:00","Other","Universal mammal bait","None",NA,2085467,"S01_T22",0,"Camera Functioning","Knee height",NA,"Parallel",NA,NA,NA,NA,"Site_01",NA,NA,NA,NA,NA,2023-07-26 12:30:34,105672,1761,29.4,1.2
2004409,"S01_T22_2023","8e5feab8-a4ea-4aa7-ba23-a44e667f3436","site_01__trap_22__2023-07-26__16-24-21(1).JPG","gs://145625598251_2004409_606_usyd_tfe_2022__main/deployment/2244934/prod/directUpload/8e5feab8-a4ea-4aa7-ba23-a44e667f3436.JPG",0,"Arielle Saunders","3450b781-acf9-4bdf-af8f-c555034e0271","Aves","Passeriformes","Acanthizidae","Sericornis","citreogularis","Yellow-throated Scrubwren",NA,"2023-07-26 16:24:21",1,NA,NA,NA,NA,NA,NA,"false",NA,NA,"CC-BY-NC",2004409,"S01_T22",151.7341183,-32.23797833,"2023-07-24 00:00:00","2023-07-27 00:00:00","Other","Universal mammal bait","None",NA,2085467,"S01_T22",0,"Camera Functioning","Knee height",NA,"Parallel",NA,NA,NA,NA,"Site_01",NA,NA,NA,NA,NA,2023-07-26 16:24:21,0,0,0,0
2004409,"S01_T24_2023","7c5bba11-5080-412a-aa04-d397ee5839af","site_01__trap_24__2023-07-25__18-21-16(1).JPG","gs://145625598251_2004409_606_usyd_tfe_2022__main/deployment/2244935/prod/directUpload/7c5bba11-5080-412a-aa04-d397ee5839af.JPG",0,"Songyu Chai","6ccf0c56-72ce-49c5-84bd-3aca403c1b26","Mammalia","Dasyuromorphia","Dasyuridae","Antechinus","stuartii","Brown Antechinus",NA,"2023-07-25 18:21:16",1,NA,NA,NA,NA,NA,NA,"false",NA,NA,"CC-BY-NC",2004409,"S01_T24",151.7342633,-32.23801167,"2023-07-24 00:00:00","2023-07-27 00:00:00","Other","Universal mammal bait","None",NA,2085468,"S01_T24",0,"Camera Functioning","Knee height",NA,"Parallel",NA,NA,NA,NA,"Site_01",NA,NA,NA,NA,NA,2023-07-25 18:21:16,0,0,0,0
2004409,"S01_T24_2023","37ea179a-15f2-4ca9-b7ce-c9c76ef0598c","site_01__trap_24__2023-07-26__19-56-23(1).JPG","gs://145625598251_2004409_606_usyd_tfe_2022__main/deployment/2244935/prod/directUpload/37ea179a-15f2-4ca9-b7ce-c9c76ef0598c.JPG",0,"Songyu Chai","6ccf0c56-72ce-49c5-84bd-3aca403c1b26","Mammalia","Dasyuromorphia","Dasyuridae","Antechinus","stuartii","Brown Antechinus",NA,"2023-07-26 19:56:23",1,NA,NA,NA,NA,NA,NA,"false",NA,NA,"CC-BY-NC",2004409,"S01_T24",151.7342633,-32.23801167,"2023-07-24 00:00:00","2023-07-27 00:00:00","Other","Universal mammal bait","None",NA,2085468,"S01_T24",0,"Camera Functioning","Knee height",NA,"Parallel",NA,NA,NA,NA,"Site_01",NA,NA,NA,NA,NA,2023-07-26 19:56:23,92107,1535,25.6,1.1
2004409,"S01_T24_2023","938be8df-38e4-4bce-b603-4d8757eb9d33","site_01__trap_24__2023-07-27__01-53-17(1).JPG","gs://145625598251_2004409_606_usyd_tfe_2022__main/deployment/2244935/prod/directUpload/938be8df-38e4-4bce-b603-4d8757eb9d33.JPG",0,"Songyu Chai","f97e5485-9bda-4eeb-83a3-d65ba57f410c","Mammalia","Rodentia","Muridae","Rattus","fuscipes","Bush Rat",NA,"2023-07-27 01:53:17",1,NA,NA,NA,NA,NA,NA,"false",NA,NA,"CC-BY-NC",2004409,"S01_T24",151.7342633,-32.23801167,"2023-07-24 00:00:00","2023-07-27 00:00:00","Other","Universal mammal bait","None",NA,2085468,"S01_T24",0,"Camera Functioning","Knee height",NA,"Parallel",NA,NA,NA,NA,"Site_01",NA,NA,NA,NA,NA,2023-07-27 01:53:17,0,0,0,0
2004409,"S01_T24_2023","0aceb0fa-8788-4bdc-94ad-25a653533ec2","site_01__trap_24__2023-07-27__02-04-50(1).JPG","gs://145625598251_2004409_606_usyd_tfe_2022__main/deployment/2244935/prod/directUpload/0aceb0fa-8788-4bdc-94ad-25a653533ec2.JPG",0,"Songyu Chai","f97e5485-9bda-4eeb-83a3-d65ba57f410c","Mammalia","Rodentia","Muridae","Rattus","fuscipes","Bush Rat",NA,"2023-07-27 02:04:50",1,NA,NA,NA,NA,NA,NA,"false",NA,NA,"CC-BY-NC",2004409,"S01_T24",151.7342633,-32.23801167,"2023-07-24 00:00:00","2023-07-27 00:00:00","Other","Universal mammal bait","None",NA,2085468,"S01_T24",0,"Camera Functioning","Knee height",NA,"Parallel",NA,NA,NA,NA,"Site_01",NA,NA,NA,NA,NA,2023-07-27 02:04:50,693,12,0.2,0
2004409,"S01_T24_2023","c71fbcbf-15de-4d8a-bcfa-967a90211c14","site_01__trap_24__2023-07-27__03-34-52(1).JPG","gs://145625598251_2004409_606_usyd_tfe_2022__main/deployment/2244935/prod/directUpload/c71fbcbf-15de-4d8a-bcfa-967a90211c14.JPG",0,"Songyu Chai","f97e5485-9bda-4eeb-83a3-d65ba57f410c","Mammalia","Rodentia","Muridae","Rattus","fuscipes","Bush Rat",NA,"2023-07-27 03:34:52",1,NA,NA,NA,NA,NA,NA,"false",NA,NA,"CC-BY-NC",2004409,"S01_T24",151.7342633,-32.23801167,"2023-07-24 00:00:00","2023-07-27 00:00:00","Other","Universal mammal bait","None",NA,2085468,"S01_T24",0,"Camera Functioning","Knee height",NA,"Parallel",NA,NA,NA,NA,"Site_01",NA,NA,NA,NA,NA,2023-07-27 03:34:52,5402,90,1.5,0.1
2004409,"S01_T24_2023","567db840-fb66-4b5c-ad26-4f2d88e9438d","site_01__trap_24__2023-07-27__05-20-02(1).JPG","gs://145625598251_2004409_606_usyd_tfe_2022__main/deployment/2244935/prod/directUpload/567db840-fb66-4b5c-ad26-4f2d88e9438d.JPG",0,"Songyu Chai","f97e5485-9bda-4eeb-83a3-d65ba57f410c","Mammalia","Rodentia","Muridae","Rattus","fuscipes","Bush Rat",NA,"2023-07-27 05:20:02",1,NA,NA,NA,NA,NA,NA,"false",NA,NA,"CC-BY-NC",2004409,"S01_T24",151.7342633,-32.23801167,"2023-07-24 00:00:00","2023-07-27 00:00:00","Other","Universal mammal bait","None",NA,2085468,"S01_T24",0,"Camera Functioning","Knee height",NA,"Parallel",NA,NA,NA,NA,"Site_01",NA,NA,NA,NA,NA,2023-07-27 05:20:02,6310,105,1.8,0.1
2004409,"S01_T24_2023","eee39fb1-a169-416e-abf1-f15fe4a337e8","site_01__trap_24__2023-07-25__13-25-22(1).JPG","gs://145625598251_2004409_606_usyd_tfe_2022__main/deployment/2244935/prod/directUpload/eee39fb1-a169-416e-abf1-f15fe4a337e8.JPG",0,"Aaron Greenville","44e634c2-78f9-4183-9e00-33f36a4a141e","Aves","Passeriformes","Petroicidae","Eopsaltria","australis","Eastern Yellow Robin",NA,"2023-07-25 13:25:22",1,NA,NA,NA,NA,NA,NA,"false",NA,NA,"CC-BY-NC",2004409,"S01_T24",151.7342633,-32.23801167,"2023-07-24 00:00:00","2023-07-27 00:00:00","Other","Universal mammal bait","None",NA,2085468,"S01_T24",0,"Camera Functioning","Knee height",NA,"Parallel",NA,NA,NA,NA,"Site_01",NA,NA,NA,NA,NA,2023-07-25 13:25:22,0,0,0,0
2004409,"S01_T24_2023","2f7c1fb0-364d-432a-bf9f-0ce541f431d2","site_01__trap_24__2023-07-25__13-41-29(1).JPG","gs://145625598251_2004409_606_usyd_tfe_2022__main/deployment/2244935/prod/directUpload/2f7c1fb0-364d-432a-bf9f-0ce541f431d2.JPG",0,"Aaron Greenville","44e634c2-78f9-4183-9e00-33f36a4a141e","Aves","Passeriformes","Petroicidae","Eopsaltria","australis","Eastern Yellow Robin",NA,"2023-07-25 13:41:29",1,NA,NA,NA,NA,NA,NA,"false",NA,NA,"CC-BY-NC",2004409,"S01_T24",151.7342633,-32.23801167,"2023-07-24 00:00:00","2023-07-27 00:00:00","Other","Universal mammal bait","None",NA,2085468,"S01_T24",0,"Camera Functioning","Knee height",NA,"Parallel",NA,NA,NA,NA,"Site_01",NA,NA,NA,NA,NA,2023-07-25 13:41:29,967,16,0.3,0
2004409,"S01_T24_2023","df93187c-4724-4f55-ada9-248db4c7cbfa","site_01__trap_24__2023-07-26__11-23-26(1).JPG","gs://145625598251_2004409_606_usyd_tfe_2022__main/deployment/2244935/prod/directUpload/df93187c-4724-4f55-ada9-248db4c7cbfa.JPG",0,"Aaron Greenville","3450b781-acf9-4bdf-af8f-c555034e0271","Aves","Passeriformes","Acanthizidae","Sericornis","citreogularis","Yellow-throated Scrubwren",NA,"2023-07-26 11:23:26",1,NA,NA,NA,NA,NA,NA,"false",NA,NA,"CC-BY-NC",2004409,"S01_T24",151.7342633,-32.23801167,"2023-07-24 00:00:00","2023-07-27 00:00:00","Other","Universal mammal bait","None",NA,2085468,"S01_T24",0,"Camera Functioning","Knee height",NA,"Parallel",NA,NA,NA,NA,"Site_01",NA,NA,NA,NA,NA,2023-07-26 11:23:26,0,0,0,0
2004409,"S02_T02_2023","7a056ba6-f181-41bf-bb2b-aa71f723370e","site_02__trap_02__2023-07-25__18-49-51(1).JPG","gs://145625598251_2004409_606_usyd_tfe_2022__main/deployment/2244936/prod/directUpload/7a056ba6-f181-41bf-bb2b-aa71f723370e.JPG",0,"Yida Jiang","6e975946-43db-40cf-a4bb-2977319097a1","Mammalia","Dasyuromorphia","Dasyuridae","Antechinus","","Antechinus Species",NA,"2023-07-25 18:49:51",1,NA,NA,NA,NA,NA,NA,"false",NA,NA,"CC-BY-NC",2004409,"S02_T02",151.7393117,-32.24083333,"2023-07-24 00:00:00","2023-07-27 00:00:00","Other","Universal mammal bait","None",NA,2085469,"S02_T02",0,"Camera Functioning","Knee height",NA,"Parallel",NA,NA,NA,NA,"Site_02",NA,NA,NA,NA,NA,2023-07-25 18:49:51,0,0,0,0
2004409,"S02_T02_2023","7713f839-4239-49ea-9afd-014a57d85d24","site_02__trap_02__2023-07-25__18-58-28(1).JPG","gs://145625598251_2004409_606_usyd_tfe_2022__main/deployment/2244936/prod/directUpload/7713f839-4239-49ea-9afd-014a57d85d24.JPG",0,"Yida Jiang","6e975946-43db-40cf-a4bb-2977319097a1","Mammalia","Dasyuromorphia","Dasyuridae","Antechinus","","Antechinus Species",NA,"2023-07-25 18:58:28",1,NA,NA,NA,NA,NA,NA,"false",NA,NA,"CC-BY-NC",2004409,"S02_T02",151.7393117,-32.24083333,"2023-07-24 00:00:00","2023-07-27 00:00:00","Other","Universal mammal bait","None",NA,2085469,"S02_T02",0,"Camera Functioning","Knee height",NA,"Parallel",NA,NA,NA,NA,"Site_02",NA,NA,NA,NA,NA,2023-07-25 18:58:28,517,9,0.1,0
2004409,"S02_T02_2023","ce445b52-0653-42fc-91e7-8e92ab168422","site_02__trap_02__2023-07-25__19-12-45(1).JPG","gs://145625598251_2004409_606_usyd_tfe_2022__main/deployment/2244936/prod/directUpload/ce445b52-0653-42fc-91e7-8e92ab168422.JPG",0,"Yida Jiang","6e975946-43db-40cf-a4bb-2977319097a1","Mammalia","Dasyuromorphia","Dasyuridae","Antechinus","","Antechinus Species",NA,"2023-07-25 19:12:45",1,NA,NA,NA,NA,NA,NA,"false",NA,NA,"CC-BY-NC",2004409,"S02_T02",151.7393117,-32.24083333,"2023-07-24 00:00:00","2023-07-27 00:00:00","Other","Universal mammal bait","None",NA,2085469,"S02_T02",0,"Camera Functioning","Knee height",NA,"Parallel",NA,NA,NA,NA,"Site_02",NA,NA,NA,NA,NA,2023-07-25 19:12:45,857,14,0.2,0
2004409,"S02_T02_2023","18f18d60-413d-4f78-be2f-176add4e8603","site_02__trap_02__2023-07-25__19-38-46(1).JPG","gs://145625598251_2004409_606_usyd_tfe_2022__main/deployment/2244936/prod/directUpload/18f18d60-413d-4f78-be2f-176add4e8603.JPG",0,"Yida Jiang","6e975946-43db-40cf-a4bb-2977319097a1","Mammalia","Dasyuromorphia","Dasyuridae","Antechinus","","Antechinus Species",NA,"2023-07-25 19:38:46",2,NA,NA,NA,NA,NA,NA,"false",NA,NA,"CC-BY-NC",2004409,"S02_T02",151.7393117,-32.24083333,"2023-07-24 00:00:00","2023-07-27 00:00:00","Other","Universal mammal bait","None",NA,2085469,"S02_T02",0,"Camera Functioning","Knee height",NA,"Parallel",NA,NA,NA,NA,"Site_02",NA,NA,NA,NA,NA,2023-07-25 19:38:46,1561,26,0.4,0
2004409,"S02_T02_2023","7c7dc46c-86a9-4d1c-9875-611535fc754a","site_02__trap_02__2023-07-25__20-00-57(1).JPG","gs://145625598251_2004409_606_usyd_tfe_2022__main/deployment/2244936/prod/directUpload/7c7dc46c-86a9-4d1c-9875-611535fc754a.JPG",0,"Yida Jiang","6e975946-43db-40cf-a4bb-2977319097a1","Mammalia","Dasyuromorphia","Dasyuridae","Antechinus","","Antechinus Species",NA,"2023-07-25 20:00:57",1,NA,NA,NA,NA,NA,NA,"false",NA,NA,"CC-BY-NC",2004409,"S02_T02",151.7393117,-32.24083333,"2023-07-24 00:00:00","2023-07-27 00:00:00","Other","Universal mammal bait","None",NA,2085469,"S02_T02",0,"Camera Functioning","Knee height",NA,"Parallel",NA,NA,NA,NA,"Site_02",NA,NA,NA,NA,NA,2023-07-25 20:00:57,1331,22,0.4,0
2004409,"S02_T06_2023","db36d183-6454-44e5-815d-147050517125","site_02__trap_06__2023-07-25__10-27-00(1).JPG","gs://145625598251_2004409_606_usyd_tfe_2022__main/deployment/2244937/prod/directUpload/db36d183-6454-44e5-815d-147050517125.JPG",0,"Sayle Johnston","f2d233e3-80e3-433d-9687-e29ecc7a467a","Mammalia","","","","","Mammal",NA,"2023-07-25 10:27:00",1,NA,NA,NA,NA,NA,NA,"false",NA,NA,"CC-BY-NC",2004409,"S02_T06",151.738855,-32.24098833,"2023-07-24 00:00:00","2023-07-27 00:00:00","Other","Universal mammal bait","None",NA,2085470,"S02_T06",0,"Camera Functioning","Knee height",NA,"Parallel",NA,NA,NA,NA,"Site_02",NA,NA,NA,NA,NA,2023-07-25 10:27:00,0,0,0,0
2004409,"S02_T06_2023","be83e562-67f7-476e-83a1-e506355732e7","site_02__trap_06__2023-07-24__19-27-07(1).JPG","gs://145625598251_2004409_606_usyd_tfe_2022__main/deployment/2244937/prod/directUpload/be83e562-67f7-476e-83a1-e506355732e7.JPG",0,"Aaron Greenville","e3df98de-20bf-44e2-a0a6-6fb2adc35519","Mammalia","Diprotodontia","Phalangeridae","Trichosurus","caninus","Short-eared Brushtail Possum",NA,"2023-07-24 19:27:07",1,NA,NA,NA,NA,NA,NA,"false",NA,NA,"CC-BY-NC",2004409,"S02_T06",151.738855,-32.24098833,"2023-07-24 00:00:00","2023-07-27 00:00:00","Other","Universal mammal bait","None",NA,2085470,"S02_T06",0,"Camera Functioning","Knee height",NA,"Parallel",NA,NA,NA,NA,"Site_02",NA,NA,NA,NA,NA,2023-07-24 19:27:07,0,0,0,0
2004409,"S02_T14_2023","96753238-93b2-4f7c-8318-d09e1ba5916f","site_02__trap_14__2023-07-25__23-37-29(2).JPG","gs://145625598251_2004409_606_usyd_tfe_2022__main/deployment/2244940/prod/directUpload/96753238-93b2-4f7c-8318-d09e1ba5916f.JPG",0,"Silva Landers","6e975946-43db-40cf-a4bb-2977319097a1","Mammalia","Dasyuromorphia","Dasyuridae","Antechinus","","Antechinus Species",NA,"2023-07-25 23:37:29",1,NA,NA,NA,NA,NA,NA,"false",NA,NA,"CC-BY-NC",2004409,"S02_T14",151.7387333,-32.2405,"2023-07-24 00:00:00","2023-07-27 00:00:00","Other","Universal mammal bait","None",NA,2085473,"S02_T14",0,"Camera Functioning","Knee height",NA,"Parallel",NA,NA,NA,NA,"Site_02",NA,NA,NA,NA,NA,2023-07-25 23:37:29,0,0,0,0
2004409,"S02_T14_2023","5d109e07-5a0a-4eca-ba90-b94093ce4967","site_02__trap_14__2023-07-26__11-05-43(5).JPG","gs://145625598251_2004409_606_usyd_tfe_2022__main/deployment/2244940/prod/directUpload/5d109e07-5a0a-4eca-ba90-b94093ce4967.JPG",0,"Silva Landers","6e975946-43db-40cf-a4bb-2977319097a1","Mammalia","Dasyuromorphia","Dasyuridae","Antechinus","","Antechinus Species",NA,"2023-07-26 11:05:43",1,NA,NA,NA,NA,NA,NA,"false",NA,NA,"CC-BY-NC",2004409,"S02_T14",151.7387333,-32.2405,"2023-07-24 00:00:00","2023-07-27 00:00:00","Other","Universal mammal bait","None",NA,2085473,"S02_T14",0,"Camera Functioning","Knee height",NA,"Parallel",NA,NA,NA,NA,"Site_02",NA,NA,NA,NA,NA,2023-07-26 11:05:43,41294,688,11.5,0.5
2004409,"S02_T14_2023","9074b42a-e0e1-4037-84a2-d37006bf793e","site_02__trap_14__2023-07-26__17-03-37(5).JPG","gs://145625598251_2004409_606_usyd_tfe_2022__main/deployment/2244940/prod/directUpload/9074b42a-e0e1-4037-84a2-d37006bf793e.JPG",0,"Aaron Greenville","6e975946-43db-40cf-a4bb-2977319097a1","Mammalia","Dasyuromorphia","Dasyuridae","Antechinus","","Antechinus Species",NA,"2023-07-26 17:03:37",3,NA,NA,NA,NA,NA,NA,"false",NA,NA,"CC-BY-NC",2004409,"S02_T14",151.7387333,-32.2405,"2023-07-24 00:00:00","2023-07-27 00:00:00","Other","Universal mammal bait","None",NA,2085473,"S02_T14",0,"Camera Functioning","Knee height",NA,"Parallel",NA,NA,NA,NA,"Site_02",NA,NA,NA,NA,NA,2023-07-26 17:03:37,21474,358,6,0.2
2004409,"S02_T14_2023","7fd4f9a7-0939-448f-a548-07a436b282a9","site_02__trap_14__2023-07-27__02-37-49(2).JPG","gs://145625598251_2004409_606_usyd_tfe_2022__main/deployment/2244940/prod/directUpload/7fd4f9a7-0939-448f-a548-07a436b282a9.JPG",0,"Silva Landers","6e975946-43db-40cf-a4bb-2977319097a1","Mammalia","Dasyuromorphia","Dasyuridae","Antechinus","","Antechinus Species",NA,"2023-07-27 02:37:49",1,NA,NA,NA,NA,NA,NA,"false",NA,NA,"CC-BY-NC",2004409,"S02_T14",151.7387333,-32.2405,"2023-07-24 00:00:00","2023-07-27 00:00:00","Other","Universal mammal bait","None",NA,2085473,"S02_T14",0,"Camera Functioning","Knee height",NA,"Parallel",NA,NA,NA,NA,"Site_02",NA,NA,NA,NA,NA,2023-07-27 02:37:49,34452,574,9.6,0.4
2004409,"S02_T14_2023","1bf293e1-c94d-4963-889f-044868a617d3","site_02__trap_14__2023-07-27__04-08-40(2).JPG","gs://145625598251_2004409_606_usyd_tfe_2022__main/deployment/2244940/prod/directUpload/1bf293e1-c94d-4963-889f-044868a617d3.JPG",0,"Silva Landers","6e975946-43db-40cf-a4bb-2977319097a1","Mammalia","Dasyuromorphia","Dasyuridae","Antechinus","","Antechinus Species",NA,"2023-07-27 04:08:40",1,NA,NA,NA,NA,NA,NA,"false",NA,NA,"CC-BY-NC",2004409,"S02_T14",151.7387333,-32.2405,"2023-07-24 00:00:00","2023-07-27 00:00:00","Other","Universal mammal bait","None",NA,2085473,"S02_T14",0,"Camera Functioning","Knee height",NA,"Parallel",NA,NA,NA,NA,"Site_02",NA,NA,NA,NA,NA,2023-07-27 04:08:40,5451,91,1.5,0.1
2004409,"S02_T14_2023","36f3d6bb-52cd-43a5-b6f4-b200f3a3ac69","site_02__trap_14__2023-07-26__08-10-00(1).JPG","gs://145625598251_2004409_606_usyd_tfe_2022__main/deployment/2244940/prod/directUpload/36f3d6bb-52cd-43a5-b6f4-b200f3a3ac69.JPG",0,"Silva Landers","b1352069-a39c-4a84-a949-60044271c0c1","Aves","","","","","Bird",NA,"2023-07-26 08:10:00",1,NA,NA,NA,NA,NA,NA,"false",NA,NA,"CC-BY-NC",2004409,"S02_T14",151.7387333,-32.2405,"2023-07-24 00:00:00","2023-07-27 00:00:00","Other","Universal mammal bait","None",NA,2085473,"S02_T14",0,"Camera Functioning","Knee height",NA,"Parallel",NA,NA,NA,NA,"Site_02",NA,NA,NA,NA,NA,2023-07-26 08:10:00,0,0,0,0
2004409,"S02_T14_2023","677332f1-a7e7-41a8-b05c-a3e51c4b263c","site_02__trap_14__2023-07-26__22-26-33(2).JPG","gs://145625598251_2004409_606_usyd_tfe_2022__main/deployment/2244940/prod/directUpload/677332f1-a7e7-41a8-b05c-a3e51c4b263c.JPG",0,"Silva Landers","f97e5485-9bda-4eeb-83a3-d65ba57f410c","Mammalia","Rodentia","Muridae","Rattus","fuscipes","Bush Rat",NA,"2023-07-26 22:26:33",1,NA,NA,NA,NA,NA,NA,"false",NA,NA,"CC-BY-NC",2004409,"S02_T14",151.7387333,-32.2405,"2023-07-24 00:00:00","2023-07-27 00:00:00","Other","Universal mammal bait","None",NA,2085473,"S02_T14",0,"Camera Functioning","Knee height",NA,"Parallel",NA,NA,NA,NA,"Site_02",NA,NA,NA,NA,NA,2023-07-26 22:26:33,0,0,0,0
2004409,"S02_T14_2023","99a40708-1541-4fa9-ad22-d853086488bb","site_02__trap_14__2023-07-26__22-32-00(1).JPG","gs://145625598251_2004409_606_usyd_tfe_2022__main/deployment/2244940/prod/directUpload/99a40708-1541-4fa9-ad22-d853086488bb.JPG",0,"Sayle Johnston","f97e5485-9bda-4eeb-83a3-d65ba57f410c","Mammalia","Rodentia","Muridae","Rattus","fuscipes","Bush Rat",NA,"2023-07-26 22:32:00",1,NA,NA,NA,NA,NA,NA,"false",NA,NA,"CC-BY-NC",2004409,"S02_T14",151.7387333,-32.2405,"2023-07-24 00:00:00","2023-07-27 00:00:00","Other","Universal mammal bait","None",NA,2085473,"S02_T14",0,"Camera Functioning","Knee height",NA,"Parallel",NA,NA,NA,NA,"Site_02",NA,NA,NA,NA,NA,2023-07-26 22:32:00,327,5,0.1,0
2004409,"S02_T14_2023","4a708d31-e07b-4e5d-ad92-4d46656ea82a","site_02__trap_14__2023-07-26__22-37-39(2).JPG","gs://145625598251_2004409_606_usyd_tfe_2022__main/deployment/2244940/prod/directUpload/4a708d31-e07b-4e5d-ad92-4d46656ea82a.JPG",0,"Sayle Johnston","f97e5485-9bda-4eeb-83a3-d65ba57f410c","Mammalia","Rodentia","Muridae","Rattus","fuscipes","Bush Rat",NA,"2023-07-26 22:37:39",1,NA,NA,NA,NA,NA,NA,"false",NA,NA,"CC-BY-NC",2004409,"S02_T14",151.7387333,-32.2405,"2023-07-24 00:00:00","2023-07-27 00:00:00","Other","Universal mammal bait","None",NA,2085473,"S02_T14",0,"Camera Functioning","Knee height",NA,"Parallel",NA,NA,NA,NA,"Site_02",NA,NA,NA,NA,NA,2023-07-26 22:37:39,339,6,0.1,0
2004409,"S02_T14_2023","56347ffc-fbbd-4d15-977f-78240496a05f","site_02__trap_14__2023-07-26__22-43-00(1).JPG","gs://145625598251_2004409_606_usyd_tfe_2022__main/deployment/2244940/prod/directUpload/56347ffc-fbbd-4d15-977f-78240496a05f.JPG",0,"Sayle Johnston","f97e5485-9bda-4eeb-83a3-d65ba57f410c","Mammalia","Rodentia","Muridae","Rattus","fuscipes","Bush Rat",NA,"2023-07-26 22:43:00",1,NA,NA,NA,NA,NA,NA,"false",NA,NA,"CC-BY-NC",2004409,"S02_T14",151.7387333,-32.2405,"2023-07-24 00:00:00","2023-07-27 00:00:00","Other","Universal mammal bait","None",NA,2085473,"S02_T14",0,"Camera Functioning","Knee height",NA,"Parallel",NA,NA,NA,NA,"Site_02",NA,NA,NA,NA,NA,2023-07-26 22:43:00,321,5,0.1,0
2004409,"S02_T14_2023","57223be6-8716-4e0e-a0e0-3407f3ff9cda","site_02__trap_14__2023-07-26__22-49-00(1).JPG","gs://145625598251_2004409_606_usyd_tfe_2022__main/deployment/2244940/prod/directUpload/57223be6-8716-4e0e-a0e0-3407f3ff9cda.JPG",0,"Sayle Johnston","f97e5485-9bda-4eeb-83a3-d65ba57f410c","Mammalia","Rodentia","Muridae","Rattus","fuscipes","Bush Rat",NA,"2023-07-26 22:49:00",1,NA,NA,NA,NA,NA,NA,"false",NA,NA,"CC-BY-NC",2004409,"S02_T14",151.7387333,-32.2405,"2023-07-24 00:00:00","2023-07-27 00:00:00","Other","Universal mammal bait","None",NA,2085473,"S02_T14",0,"Camera Functioning","Knee height",NA,"Parallel",NA,NA,NA,NA,"Site_02",NA,NA,NA,NA,NA,2023-07-26 22:49:00,360,6,0.1,0
2004409,"S02_T14_2023","863a6299-6407-4fa0-9a0c-2a2b30f95855","site_02__trap_14__2023-07-26__22-55-00(1).JPG","gs://145625598251_2004409_606_usyd_tfe_2022__main/deployment/2244940/prod/directUpload/863a6299-6407-4fa0-9a0c-2a2b30f95855.JPG",0,"Silva Landers","f97e5485-9bda-4eeb-83a3-d65ba57f410c","Mammalia","Rodentia","Muridae","Rattus","fuscipes","Bush Rat",NA,"2023-07-26 22:55:00",1,NA,NA,NA,NA,NA,NA,"false",NA,NA,"CC-BY-NC",2004409,"S02_T14",151.7387333,-32.2405,"2023-07-24 00:00:00","2023-07-27 00:00:00","Other","Universal mammal bait","None",NA,2085473,"S02_T14",0,"Camera Functioning","Knee height",NA,"Parallel",NA,NA,NA,NA,"Site_02",NA,NA,NA,NA,NA,2023-07-26 22:55:00,360,6,0.1,0
2004409,"S02_T14_2023","a6c64fcb-d172-4472-8eb0-ab9c03ff9c7c","site_02__trap_14__2023-07-26__23-01-00(1).JPG","gs://145625598251_2004409_606_usyd_tfe_2022__main/deployment/2244940/prod/directUpload/a6c64fcb-d172-4472-8eb0-ab9c03ff9c7c.JPG",0,"Silva Landers","f97e5485-9bda-4eeb-83a3-d65ba57f410c","Mammalia","Rodentia","Muridae","Rattus","fuscipes","Bush Rat",NA,"2023-07-26 23:01:00",1,NA,NA,NA,NA,NA,NA,"false",NA,NA,"CC-BY-NC",2004409,"S02_T14",151.7387333,-32.2405,"2023-07-24 00:00:00","2023-07-27 00:00:00","Other","Universal mammal bait","None",NA,2085473,"S02_T14",0,"Camera Functioning","Knee height",NA,"Parallel",NA,NA,NA,NA,"Site_02",NA,NA,NA,NA,NA,2023-07-26 23:01:00,360,6,0.1,0
2004409,"S02_T14_2023","36145149-9039-4d62-b348-1f9a790863d8","site_02__trap_14__2023-07-26__23-07-00(1).JPG","gs://145625598251_2004409_606_usyd_tfe_2022__main/deployment/2244940/prod/directUpload/36145149-9039-4d62-b348-1f9a790863d8.JPG",0,"Sayle Johnston","f97e5485-9bda-4eeb-83a3-d65ba57f410c","Mammalia","Rodentia","Muridae","Rattus","fuscipes","Bush Rat",NA,"2023-07-26 23:07:00",1,NA,NA,NA,NA,NA,NA,"false",NA,NA,"CC-BY-NC",2004409,"S02_T14",151.7387333,-32.2405,"2023-07-24 00:00:00","2023-07-27 00:00:00","Other","Universal mammal bait","None",NA,2085473,"S02_T14",0,"Camera Functioning","Knee height",NA,"Parallel",NA,NA,NA,NA,"Site_02",NA,NA,NA,NA,NA,2023-07-26 23:07:00,360,6,0.1,0
2004409,"S02_T14_2023","806063dc-51f4-448a-a4cd-bfa7b6b0d394","site_02__trap_14__2023-07-27__00-59-58(2).JPG","gs://145625598251_2004409_606_usyd_tfe_2022__main/deployment/2244940/prod/directUpload/806063dc-51f4-448a-a4cd-bfa7b6b0d394.JPG",0,"Silva Landers","f97e5485-9bda-4eeb-83a3-d65ba57f410c","Mammalia","Rodentia","Muridae","Rattus","fuscipes","Bush Rat",NA,"2023-07-27 00:59:58",1,NA,NA,NA,NA,NA,NA,"false",NA,NA,"CC-BY-NC",2004409,"S02_T14",151.7387333,-32.2405,"2023-07-24 00:00:00","2023-07-27 00:00:00","Other","Universal mammal bait","None",NA,2085473,"S02_T14",0,"Camera Functioning","Knee height",NA,"Parallel",NA,NA,NA,NA,"Site_02",NA,NA,NA,NA,NA,2023-07-27 00:59:58,6778,113,1.9,0.1
2004409,"S02_T14_2023","a9d7b064-b83d-408f-bd30-fe625306d970","site_02__trap_14__2023-07-26__06-20-46(2).JPG","gs://145625598251_2004409_606_usyd_tfe_2022__main/deployment/2244940/prod/directUpload/a9d7b064-b83d-408f-bd30-fe625306d970.JPG",0,"Silva Landers","e3f05a43-86b5-4736-bbf3-4f62e797302f","Mammalia","Diprotodontia","Macropodidae","Macropus","rufogriseus","Red-necked Wallaby",NA,"2023-07-26 06:20:46",1,NA,NA,NA,NA,NA,NA,"false",NA,NA,"CC-BY-NC",2004409,"S02_T14",151.7387333,-32.2405,"2023-07-24 00:00:00","2023-07-27 00:00:00","Other","Universal mammal bait","None",NA,2085473,"S02_T14",0,"Camera Functioning","Knee height",NA,"Parallel",NA,NA,NA,NA,"Site_02",NA,NA,NA,NA,NA,2023-07-26 06:20:46,0,0,0,0
2004409,"S02_T14_2023","f88871d6-c59f-44d7-aefe-01ffb9415e93","site_02__trap_14__2023-07-26__17-04-06(2).JPG","gs://145625598251_2004409_606_usyd_tfe_2022__main/deployment/2244940/prod/directUpload/f88871d6-c59f-44d7-aefe-01ffb9415e93.JPG",0,"Sayle Johnston","d8cabc3b-7bbe-45b0-b9a9-600e114d189b","Mammalia","","","","","Small Mammal",NA,"2023-07-26 17:04:06",1,NA,NA,NA,NA,NA,NA,"false",NA,NA,"CC-BY-NC",2004409,"S02_T14",151.7387333,-32.2405,"2023-07-24 00:00:00","2023-07-27 00:00:00","Other","Universal mammal bait","None",NA,2085473,"S02_T14",0,"Camera Functioning","Knee height",NA,"Parallel",NA,NA,NA,NA,"Site_02",NA,NA,NA,NA,NA,2023-07-26 17:04:06,0,0,0,0
2004409,"S02_T14_2023","a1e874de-2017-4037-9314-00300dc6e83b","site_02__trap_14__2023-07-26__06-20-47(3).JPG","gs://145625598251_2004409_606_usyd_tfe_2022__main/deployment/2244940/prod/directUpload/a1e874de-2017-4037-9314-00300dc6e83b.JPG",0,"Silva Landers","3afdd398-39f2-430c-9301-74659d81044e","Mammalia","Diprotodontia","Macropodidae","Wallabia","bicolor","Swamp Wallaby",NA,"2023-07-26 06:20:47",1,NA,NA,NA,NA,NA,NA,"false",NA,NA,"CC-BY-NC",2004409,"S02_T14",151.7387333,-32.2405,"2023-07-24 00:00:00","2023-07-27 00:00:00","Other","Universal mammal bait","None",NA,2085473,"S02_T14",0,"Camera Functioning","Knee height",NA,"Parallel",NA,NA,NA,NA,"Site_02",NA,NA,NA,NA,NA,2023-07-26 06:20:47,0,0,0,0
2004409,"S02_T14_2023","4cda1856-4862-4a42-8f15-2bdacd34b32e","site_02__trap_14__2023-07-27__07-49-44(3).JPG","gs://145625598251_2004409_606_usyd_tfe_2022__main/deployment/2244940/prod/directUpload/4cda1856-4862-4a42-8f15-2bdacd34b32e.JPG",0,"Aaron Greenville","3afdd398-39f2-430c-9301-74659d81044e","Mammalia","Diprotodontia","Macropodidae","Wallabia","bicolor","Swamp Wallaby",NA,"2023-07-27 07:49:44",1,NA,NA,NA,NA,NA,NA,"false",NA,NA,"CC-BY-NC",2004409,"S02_T14",151.7387333,-32.2405,"2023-07-24 00:00:00","2023-07-27 00:00:00","Other","Universal mammal bait","None",NA,2085473,"S02_T14",0,"Camera Functioning","Knee height",NA,"Parallel",NA,NA,NA,NA,"Site_02",NA,NA,NA,NA,NA,2023-07-27 07:49:44,91737,1529,25.5,1.1
2004409,"S02_T16_2023","79285388-f35e-44fe-97db-964f2c7cf117","site_02__trap_16__2023-07-24__20-47-20(1).JPG","gs://145625598251_2004409_606_usyd_tfe_2022__main/deployment/2244941/prod/directUpload/79285388-f35e-44fe-97db-964f2c7cf117.JPG",0,"Sayle Johnston","6e975946-43db-40cf-a4bb-2977319097a1","Mammalia","Dasyuromorphia","Dasyuridae","Antechinus","","Antechinus Species",NA,"2023-07-24 20:47:20",1,NA,NA,NA,NA,NA,NA,"false",NA,NA,"CC-BY-NC",2004409,"S02_T16",151.7388683,-32.24040167,"2023-07-24 00:00:00","2023-07-27 00:00:00","Other","Universal mammal bait","None",NA,2085474,"S02_T16",0,"Camera Functioning","Knee height",NA,"Parallel",NA,NA,NA,NA,"Site_02",NA,NA,NA,NA,NA,2023-07-24 20:47:20,0,0,0,0
2004409,"S02_T16_2023","2fc95852-d856-4bc0-8d6b-a8eca9d3bea2","site_02__trap_16__2023-07-25__18-15-42(1).JPG","gs://145625598251_2004409_606_usyd_tfe_2022__main/deployment/2244941/prod/directUpload/2fc95852-d856-4bc0-8d6b-a8eca9d3bea2.JPG",0,"Sayle Johnston","6e975946-43db-40cf-a4bb-2977319097a1","Mammalia","Dasyuromorphia","Dasyuridae","Antechinus","","Antechinus Species",NA,"2023-07-25 18:15:42",1,NA,NA,NA,NA,NA,NA,"false",NA,NA,"CC-BY-NC",2004409,"S02_T16",151.7388683,-32.24040167,"2023-07-24 00:00:00","2023-07-27 00:00:00","Other","Universal mammal bait","None",NA,2085474,"S02_T16",0,"Camera Functioning","Knee height",NA,"Parallel",NA,NA,NA,NA,"Site_02",NA,NA,NA,NA,NA,2023-07-25 18:15:42,77302,1288,21.5,0.9
2004409,"S02_T16_2023","43e7161d-a058-42bc-9b52-cb44f427c47f","site_02__trap_16__2023-07-25__23-06-41(1).JPG","gs://145625598251_2004409_606_usyd_tfe_2022__main/deployment/2244941/prod/directUpload/43e7161d-a058-42bc-9b52-cb44f427c47f.JPG",0,"Sayle Johnston","6e975946-43db-40cf-a4bb-2977319097a1","Mammalia","Dasyuromorphia","Dasyuridae","Antechinus","","Antechinus Species",NA,"2023-07-25 23:06:41",1,NA,NA,NA,NA,NA,NA,"false",NA,NA,"CC-BY-NC",2004409,"S02_T16",151.7388683,-32.24040167,"2023-07-24 00:00:00","2023-07-27 00:00:00","Other","Universal mammal bait","None",NA,2085474,"S02_T16",0,"Camera Functioning","Knee height",NA,"Parallel",NA,NA,NA,NA,"Site_02",NA,NA,NA,NA,NA,2023-07-25 23:06:41,17459,291,4.8,0.2
2004409,"S02_T16_2023","c14285d3-d287-49dc-be5d-ad31f763e74a","site_02__trap_16__2023-07-26__02-10-29(1).JPG","gs://145625598251_2004409_606_usyd_tfe_2022__main/deployment/2244941/prod/directUpload/c14285d3-d287-49dc-be5d-ad31f763e74a.JPG",0,"Sayle Johnston","6e975946-43db-40cf-a4bb-2977319097a1","Mammalia","Dasyuromorphia","Dasyuridae","Antechinus","","Antechinus Species",NA,"2023-07-26 02:10:29",1,NA,NA,NA,NA,NA,NA,"false",NA,NA,"CC-BY-NC",2004409,"S02_T16",151.7388683,-32.24040167,"2023-07-24 00:00:00","2023-07-27 00:00:00","Other","Universal mammal bait","None",NA,2085474,"S02_T16",0,"Camera Functioning","Knee height",NA,"Parallel",NA,NA,NA,NA,"Site_02",NA,NA,NA,NA,NA,2023-07-26 02:10:29,11028,184,3.1,0.1
2004409,"S02_T16_2023","3c21a5cc-261c-4f11-845a-4a489c865fe2","site_05__trap_16__2023-07-26__11-46-41(1).JPG","gs://145625598251_2004409_606_usyd_tfe_2022__main/deployment/2244941/prod/directUpload/3c21a5cc-261c-4f11-845a-4a489c865fe2.JPG",0,"Catherine C","b1352069-a39c-4a84-a949-60044271c0c1","Aves","","","","","Bird",NA,"2023-07-26 11:46:41",1,NA,NA,NA,NA,NA,NA,"false",NA,NA,"CC-BY-NC",2004409,"S02_T16",151.7388683,-32.24040167,"2023-07-24 00:00:00","2023-07-27 00:00:00","Other","Universal mammal bait","None",NA,2085474,"S02_T16",0,"Camera Functioning","Knee height",NA,"Parallel",NA,NA,NA,NA,"Site_02",NA,NA,NA,NA,NA,2023-07-26 11:46:41,0,0,0,0
2004409,"S02_T16_2023","eec2c920-ecd8-4479-9bc0-b289fd64b455","site_02__trap_16__2023-07-26__06-56-13(1).JPG","gs://145625598251_2004409_606_usyd_tfe_2022__main/deployment/2244941/prod/directUpload/eec2c920-ecd8-4479-9bc0-b289fd64b455.JPG",0,"Sayle Johnston","e243a2de-1379-4026-a312-1f54fac4719b","Aves","Passeriformes","Psophodidae","Psophodes","olivaceus","Eastern Whipbird",NA,"2023-07-26 06:56:13",1,NA,NA,NA,NA,NA,NA,"false",NA,NA,"CC-BY-NC",2004409,"S02_T16",151.7388683,-32.24040167,"2023-07-24 00:00:00","2023-07-27 00:00:00","Other","Universal mammal bait","None",NA,2085474,"S02_T16",0,"Camera Functioning","Knee height",NA,"Parallel",NA,NA,NA,NA,"Site_02",NA,NA,NA,NA,NA,2023-07-26 06:56:13,0,0,0,0
2004409,"S02_T16_2023","b6b67c3c-1cfb-4335-a9e5-c74e33b4e333","site_02__trap_16__2023-07-25__14-47-58(1).JPG","gs://145625598251_2004409_606_usyd_tfe_2022__main/deployment/2244941/prod/directUpload/b6b67c3c-1cfb-4335-a9e5-c74e33b4e333.JPG",0,"Sayle Johnston","44e634c2-78f9-4183-9e00-33f36a4a141e","Aves","Passeriformes","Petroicidae","Eopsaltria","australis","Eastern Yellow Robin",NA,"2023-07-25 14:47:58",1,NA,NA,NA,NA,NA,NA,"false",NA,NA,"CC-BY-NC",2004409,"S02_T16",151.7388683,-32.24040167,"2023-07-24 00:00:00","2023-07-27 00:00:00","Other","Universal mammal bait","None",NA,2085474,"S02_T16",0,"Camera Functioning","Knee height",NA,"Parallel",NA,NA,NA,NA,"Site_02",NA,NA,NA,NA,NA,2023-07-25 14:47:58,0,0,0,0
2004409,"S02_T16_2023","98cabcc5-bbd8-4c5f-be63-265518e0287e","site_02__trap_16__2023-07-25__17-27-51(1).JPG","gs://145625598251_2004409_606_usyd_tfe_2022__main/deployment/2244941/prod/directUpload/98cabcc5-bbd8-4c5f-be63-265518e0287e.JPG",0,"Sayle Johnston","44e634c2-78f9-4183-9e00-33f36a4a141e","Aves","Passeriformes","Petroicidae","Eopsaltria","australis","Eastern Yellow Robin",NA,"2023-07-25 17:27:51",1,NA,NA,NA,NA,NA,NA,"false",NA,NA,"CC-BY-NC",2004409,"S02_T16",151.7388683,-32.24040167,"2023-07-24 00:00:00","2023-07-27 00:00:00","Other","Universal mammal bait","None",NA,2085474,"S02_T16",0,"Camera Functioning","Knee height",NA,"Parallel",NA,NA,NA,NA,"Site_02",NA,NA,NA,NA,NA,2023-07-25 17:27:51,9593,160,2.7,0.1
2004409,"S02_T16_2023","4b1b3cf9-2666-454f-a541-95f772806ad0","site_05__trap_16__2023-07-26__23-03-57(1).JPG","gs://145625598251_2004409_606_usyd_tfe_2022__main/deployment/2244941/prod/directUpload/4b1b3cf9-2666-454f-a541-95f772806ad0.JPG",0,"Catherine C","00049ff0-2ffa-4d82-8cf3-c861fbbfa9d5","Mammalia","Rodentia","Muridae","Rattus","","Rattus Species",NA,"2023-07-26 23:03:57",1,NA,NA,NA,NA,NA,NA,"false",NA,NA,"CC-BY-NC",2004409,"S02_T16",151.7388683,-32.24040167,"2023-07-24 00:00:00","2023-07-27 00:00:00","Other","Universal mammal bait","None",NA,2085474,"S02_T16",0,"Camera Functioning","Knee height",NA,"Parallel",NA,NA,NA,NA,"Site_02",NA,NA,NA,NA,NA,2023-07-26 23:03:57,0,0,0,0
2004409,"S02_T16_2023","dfcf94c0-135d-495b-9a26-d0ccb1ae28e8","site_02__trap_16__2023-07-25__17-56-04(1).JPG","gs://145625598251_2004409_606_usyd_tfe_2022__main/deployment/2244941/prod/directUpload/dfcf94c0-135d-495b-9a26-d0ccb1ae28e8.JPG",0,"Sayle Johnston","d8cabc3b-7bbe-45b0-b9a9-600e114d189b","Mammalia","","","","","Small Mammal",NA,"2023-07-25 17:56:04",1,NA,NA,NA,NA,NA,NA,"false",NA,NA,"CC-BY-NC",2004409,"S02_T16",151.7388683,-32.24040167,"2023-07-24 00:00:00","2023-07-27 00:00:00","Other","Universal mammal bait","None",NA,2085474,"S02_T16",0,"Camera Functioning","Knee height",NA,"Parallel",NA,NA,NA,NA,"Site_02",NA,NA,NA,NA,NA,2023-07-25 17:56:04,0,0,0,0
2004409,"S02_T16_2023","982916fe-0916-469a-9176-e42c7dd3059c","site_05__trap_16__2023-07-25__09-33-09(1).JPG","gs://145625598251_2004409_606_usyd_tfe_2022__main/deployment/2244941/prod/directUpload/982916fe-0916-469a-9176-e42c7dd3059c.JPG",0,"Sayle Johnston","3450b781-acf9-4bdf-af8f-c555034e0271","Aves","Passeriformes","Acanthizidae","Sericornis","citreogularis","Yellow-throated Scrubwren",NA,"2023-07-25 09:33:09",1,NA,NA,NA,NA,NA,NA,"false",NA,NA,"CC-BY-NC",2004409,"S02_T16",151.7388683,-32.24040167,"2023-07-24 00:00:00","2023-07-27 00:00:00","Other","Universal mammal bait","None",NA,2085474,"S02_T16",0,"Camera Functioning","Knee height",NA,"Parallel",NA,NA,NA,NA,"Site_02",NA,NA,NA,NA,NA,2023-07-25 09:33:09,0,0,0,0
2004409,"S02_T20_2023","ad9bb780-17ec-48ea-8dcb-49ec29ce434b","site_02__trap_20__2023-07-25__01-14-49(1).JPG","gs://145625598251_2004409_606_usyd_tfe_2022__main/deployment/2244942/prod/directUpload/ad9bb780-17ec-48ea-8dcb-49ec29ce434b.JPG",0,"Yida Jiang","6e975946-43db-40cf-a4bb-2977319097a1","Mammalia","Dasyuromorphia","Dasyuridae","Antechinus","","Antechinus Species",NA,"2023-07-25 01:14:49",3,NA,NA,NA,NA,NA,NA,"false",NA,NA,"CC-BY-NC",2004409,"S02_T20",151.73935,-32.24015,"2023-07-24 00:00:00","2023-07-27 00:00:00","Other","Universal mammal bait","None",NA,2085475,"S02_T20",0,"Camera Functioning","Knee height",NA,"Parallel",NA,NA,NA,NA,"Site_02",NA,NA,NA,NA,NA,2023-07-25 01:14:49,0,0,0,0
2004409,"S02_T20_2023","42a61988-7b37-4ae8-a24a-83cc4f32a8bd","site_02__trap_20__2023-07-25__16-49-48(1).JPG","gs://145625598251_2004409_606_usyd_tfe_2022__main/deployment/2244942/prod/directUpload/42a61988-7b37-4ae8-a24a-83cc4f32a8bd.JPG",0,"Aaron Greenville","b1352069-a39c-4a84-a949-60044271c0c1","Aves","","","","","Bird",NA,"2023-07-25 16:49:48",1,NA,NA,NA,NA,NA,NA,"false",NA,NA,"CC-BY-NC",2004409,"S02_T20",151.73935,-32.24015,"2023-07-24 00:00:00","2023-07-27 00:00:00","Other","Universal mammal bait","None",NA,2085475,"S02_T20",0,"Camera Functioning","Knee height",NA,"Parallel",NA,NA,NA,NA,"Site_02",NA,NA,NA,NA,NA,2023-07-25 16:49:48,0,0,0,0
2004409,"S02_T20_2023","500fded1-78d3-40b4-8860-88267a2b0113","site_02__trap_20__2023-07-26__16-11-20(1).JPG","gs://145625598251_2004409_606_usyd_tfe_2022__main/deployment/2244942/prod/directUpload/500fded1-78d3-40b4-8860-88267a2b0113.JPG",0,"Aaron Greenville","3450b781-acf9-4bdf-af8f-c555034e0271","Aves","Passeriformes","Acanthizidae","Sericornis","citreogularis","Yellow-throated Scrubwren",NA,"2023-07-26 16:11:20",1,NA,NA,NA,NA,NA,NA,"false",NA,NA,"CC-BY-NC",2004409,"S02_T20",151.73935,-32.24015,"2023-07-24 00:00:00","2023-07-27 00:00:00","Other","Universal mammal bait","None",NA,2085475,"S02_T20",0,"Camera Functioning","Knee height",NA,"Parallel",NA,NA,NA,NA,"Site_02",NA,NA,NA,NA,NA,2023-07-26 16:11:20,0,0,0,0
2004409,"S02_T22_2023","0018562b-f8eb-42f3-adab-65f3d91ef375","site_02__trap_22__2023-07-26__04-58-47(1).JPG","gs://145625598251_2004409_606_usyd_tfe_2022__main/deployment/2244943/prod/directUpload/0018562b-f8eb-42f3-adab-65f3d91ef375.JPG",0,"Aaron Greenville","6e975946-43db-40cf-a4bb-2977319097a1","Mammalia","Dasyuromorphia","Dasyuridae","Antechinus","","Antechinus Species",NA,"2023-07-26 04:58:47",1,NA,NA,NA,NA,NA,NA,"false",NA,NA,"CC-BY-NC",2004409,"S02_T22",151.7393833,-32.23995,"2023-07-24 00:00:00","2023-07-27 00:00:00","Other","Universal mammal bait","None",NA,2085476,"S02_T22",0,"Camera Functioning","Knee height",NA,"Parallel",NA,NA,NA,NA,"Site_02",NA,NA,NA,NA,NA,2023-07-26 04:58:47,0,0,0,0
2004409,"S02_T22_2023","c648f5cf-4f92-4177-87b3-9a6d505464b8","site_02__trap_22__2023-07-24__19-53-05(1).JPG","gs://145625598251_2004409_606_usyd_tfe_2022__main/deployment/2244943/prod/directUpload/c648f5cf-4f92-4177-87b3-9a6d505464b8.JPG",0,"Songyu Chai","6ccf0c56-72ce-49c5-84bd-3aca403c1b26","Mammalia","Dasyuromorphia","Dasyuridae","Antechinus","stuartii","Brown Antechinus",NA,"2023-07-24 19:53:05",1,NA,NA,NA,NA,NA,NA,"false",NA,NA,"CC-BY-NC",2004409,"S02_T22",151.7393833,-32.23995,"2023-07-24 00:00:00","2023-07-27 00:00:00","Other","Universal mammal bait","None",NA,2085476,"S02_T22",0,"Camera Functioning","Knee height",NA,"Parallel",NA,NA,NA,NA,"Site_02",NA,NA,NA,NA,NA,2023-07-24 19:53:05,0,0,0,0
2004409,"S02_T22_2023","1afe4511-f0bb-4097-91bb-cd0968299156","site_02__trap_22__2023-07-25__17-15-39(1).JPG","gs://145625598251_2004409_606_usyd_tfe_2022__main/deployment/2244943/prod/directUpload/1afe4511-f0bb-4097-91bb-cd0968299156.JPG",0,"Songyu Chai","6ccf0c56-72ce-49c5-84bd-3aca403c1b26","Mammalia","Dasyuromorphia","Dasyuridae","Antechinus","stuartii","Brown Antechinus",NA,"2023-07-25 17:15:39",1,NA,NA,NA,NA,NA,NA,"false",NA,NA,"CC-BY-NC",2004409,"S02_T22",151.7393833,-32.23995,"2023-07-24 00:00:00","2023-07-27 00:00:00","Other","Universal mammal bait","None",NA,2085476,"S02_T22",0,"Camera Functioning","Knee height",NA,"Parallel",NA,NA,NA,NA,"Site_02",NA,NA,NA,NA,NA,2023-07-25 17:15:39,76954,1283,21.4,0.9
2004409,"S02_T22_2023","e2b5094f-5311-44dd-aefe-1c89fc7cf0b9","site_02__trap_22__2023-07-26__04-59-03(1).JPG","gs://145625598251_2004409_606_usyd_tfe_2022__main/deployment/2244943/prod/directUpload/e2b5094f-5311-44dd-aefe-1c89fc7cf0b9.JPG",0,"Songyu Chai","6ccf0c56-72ce-49c5-84bd-3aca403c1b26","Mammalia","Dasyuromorphia","Dasyuridae","Antechinus","stuartii","Brown Antechinus",NA,"2023-07-26 04:59:03",1,NA,NA,NA,NA,NA,NA,"false",NA,NA,"CC-BY-NC",2004409,"S02_T22",151.7393833,-32.23995,"2023-07-24 00:00:00","2023-07-27 00:00:00","Other","Universal mammal bait","None",NA,2085476,"S02_T22",0,"Camera Functioning","Knee height",NA,"Parallel",NA,NA,NA,NA,"Site_02",NA,NA,NA,NA,NA,2023-07-26 04:59:03,42204,703,11.7,0.5
2004409,"S02_T22_2023","144cc217-8d47-404d-908e-474c6d2e6027","site_02__trap_22__2023-07-26__05-05-39(1).JPG","gs://145625598251_2004409_606_usyd_tfe_2022__main/deployment/2244943/prod/directUpload/144cc217-8d47-404d-908e-474c6d2e6027.JPG",0,"Songyu Chai","6ccf0c56-72ce-49c5-84bd-3aca403c1b26","Mammalia","Dasyuromorphia","Dasyuridae","Antechinus","stuartii","Brown Antechinus",NA,"2023-07-26 05:05:39",1,NA,NA,NA,NA,NA,NA,"false",NA,NA,"CC-BY-NC",2004409,"S02_T22",151.7393833,-32.23995,"2023-07-24 00:00:00","2023-07-27 00:00:00","Other","Universal mammal bait","None",NA,2085476,"S02_T22",0,"Camera Functioning","Knee height",NA,"Parallel",NA,NA,NA,NA,"Site_02",NA,NA,NA,NA,NA,2023-07-26 05:05:39,396,7,0.1,0
2004409,"S02_T22_2023","bdeb7ded-d796-413c-af68-50a2e84d177e","site_02__trap_22__2023-07-26__10-28-54(2).JPG","gs://145625598251_2004409_606_usyd_tfe_2022__main/deployment/2244943/prod/directUpload/bdeb7ded-d796-413c-af68-50a2e84d177e.JPG",0,"Songyu Chai","6ccf0c56-72ce-49c5-84bd-3aca403c1b26","Mammalia","Dasyuromorphia","Dasyuridae","Antechinus","stuartii","Brown Antechinus",NA,"2023-07-26 10:28:54",1,NA,NA,NA,NA,NA,NA,"false",NA,NA,"CC-BY-NC",2004409,"S02_T22",151.7393833,-32.23995,"2023-07-24 00:00:00","2023-07-27 00:00:00","Other","Universal mammal bait","None",NA,2085476,"S02_T22",0,"Camera Functioning","Knee height",NA,"Parallel",NA,NA,NA,NA,"Site_02",NA,NA,NA,NA,NA,2023-07-26 10:28:54,19395,323,5.4,0.2
2004409,"S02_T22_2023","a0ea259f-1b67-4513-a234-57ec6c88addc","site_02__trap_22__2023-07-26__10-40-10(2).JPG","gs://145625598251_2004409_606_usyd_tfe_2022__main/deployment/2244943/prod/directUpload/a0ea259f-1b67-4513-a234-57ec6c88addc.JPG",0,"Songyu Chai","6ccf0c56-72ce-49c5-84bd-3aca403c1b26","Mammalia","Dasyuromorphia","Dasyuridae","Antechinus","stuartii","Brown Antechinus",NA,"2023-07-26 10:40:10",1,NA,NA,NA,NA,NA,NA,"false",NA,NA,"CC-BY-NC",2004409,"S02_T22",151.7393833,-32.23995,"2023-07-24 00:00:00","2023-07-27 00:00:00","Other","Universal mammal bait","None",NA,2085476,"S02_T22",0,"Camera Functioning","Knee height",NA,"Parallel",NA,NA,NA,NA,"Site_02",NA,NA,NA,NA,NA,2023-07-26 10:40:10,676,11,0.2,0
2004409,"S02_T22_2023","53515b21-1561-4986-ac8b-843cedf59379","site_02__trap_22__2023-07-26__11-06-28(1).JPG","gs://145625598251_2004409_606_usyd_tfe_2022__main/deployment/2244943/prod/directUpload/53515b21-1561-4986-ac8b-843cedf59379.JPG",0,"Songyu Chai","6ccf0c56-72ce-49c5-84bd-3aca403c1b26","Mammalia","Dasyuromorphia","Dasyuridae","Antechinus","stuartii","Brown Antechinus",NA,"2023-07-26 11:06:28",1,NA,NA,NA,NA,NA,NA,"false",NA,NA,"CC-BY-NC",2004409,"S02_T22",151.7393833,-32.23995,"2023-07-24 00:00:00","2023-07-27 00:00:00","Other","Universal mammal bait","None",NA,2085476,"S02_T22",0,"Camera Functioning","Knee height",NA,"Parallel",NA,NA,NA,NA,"Site_02",NA,NA,NA,NA,NA,2023-07-26 11:06:28,1578,26,0.4,0
2004409,"S02_T22_2023","c3a124cd-12af-476f-9c92-ae8f087ff716","site_02__trap_22__2023-07-26__14-58-08(1).JPG","gs://145625598251_2004409_606_usyd_tfe_2022__main/deployment/2244943/prod/directUpload/c3a124cd-12af-476f-9c92-ae8f087ff716.JPG",0,"Songyu Chai","6ccf0c56-72ce-49c5-84bd-3aca403c1b26","Mammalia","Dasyuromorphia","Dasyuridae","Antechinus","stuartii","Brown Antechinus",NA,"2023-07-26 14:58:08",1,NA,NA,NA,NA,NA,NA,"false",NA,NA,"CC-BY-NC",2004409,"S02_T22",151.7393833,-32.23995,"2023-07-24 00:00:00","2023-07-27 00:00:00","Other","Universal mammal bait","None",NA,2085476,"S02_T22",0,"Camera Functioning","Knee height",NA,"Parallel",NA,NA,NA,NA,"Site_02",NA,NA,NA,NA,NA,2023-07-26 14:58:08,13900,232,3.9,0.2
2004409,"S02_T22_2023","fee4299d-8172-4bff-bddb-9440c4a944ca","site_02__trap_22__2023-07-26__15-05-35(1).JPG","gs://145625598251_2004409_606_usyd_tfe_2022__main/deployment/2244943/prod/directUpload/fee4299d-8172-4bff-bddb-9440c4a944ca.JPG",0,"Songyu Chai","6ccf0c56-72ce-49c5-84bd-3aca403c1b26","Mammalia","Dasyuromorphia","Dasyuridae","Antechinus","stuartii","Brown Antechinus",NA,"2023-07-26 15:05:35",1,NA,NA,NA,NA,NA,NA,"false",NA,NA,"CC-BY-NC",2004409,"S02_T22",151.7393833,-32.23995,"2023-07-24 00:00:00","2023-07-27 00:00:00","Other","Universal mammal bait","None",NA,2085476,"S02_T22",0,"Camera Functioning","Knee height",NA,"Parallel",NA,NA,NA,NA,"Site_02",NA,NA,NA,NA,NA,2023-07-26 15:05:35,447,7,0.1,0
2004409,"S02_T22_2023","55db5d48-1bbd-4599-8a29-83e29ec6a13e","site_02__trap_22__2023-07-26__15-27-54(1).JPG","gs://145625598251_2004409_606_usyd_tfe_2022__main/deployment/2244943/prod/directUpload/55db5d48-1bbd-4599-8a29-83e29ec6a13e.JPG",0,"Songyu Chai","6ccf0c56-72ce-49c5-84bd-3aca403c1b26","Mammalia","Dasyuromorphia","Dasyuridae","Antechinus","stuartii","Brown Antechinus",NA,"2023-07-26 15:27:54",1,NA,NA,NA,NA,NA,NA,"false",NA,NA,"CC-BY-NC",2004409,"S02_T22",151.7393833,-32.23995,"2023-07-24 00:00:00","2023-07-27 00:00:00","Other","Universal mammal bait","None",NA,2085476,"S02_T22",0,"Camera Functioning","Knee height",NA,"Parallel",NA,NA,NA,NA,"Site_02",NA,NA,NA,NA,NA,2023-07-26 15:27:54,1339,22,0.4,0
2004409,"S02_T22_2023","6f25cd24-269d-44f9-8418-ac6dcdeb5b70","site_02__trap_22__2023-07-26__15-35-00(1).JPG","gs://145625598251_2004409_606_usyd_tfe_2022__main/deployment/2244943/prod/directUpload/6f25cd24-269d-44f9-8418-ac6dcdeb5b70.JPG",0,"Songyu Chai","6ccf0c56-72ce-49c5-84bd-3aca403c1b26","Mammalia","Dasyuromorphia","Dasyuridae","Antechinus","stuartii","Brown Antechinus",NA,"2023-07-26 15:35:00",1,NA,NA,NA,NA,NA,NA,"false",NA,NA,"CC-BY-NC",2004409,"S02_T22",151.7393833,-32.23995,"2023-07-24 00:00:00","2023-07-27 00:00:00","Other","Universal mammal bait","None",NA,2085476,"S02_T22",0,"Camera Functioning","Knee height",NA,"Parallel",NA,NA,NA,NA,"Site_02",NA,NA,NA,NA,NA,2023-07-26 15:35:00,426,7,0.1,0
2004409,"S02_T22_2023","eee93951-1146-4725-baa6-bd19f11ba5f3","site_02__trap_22__2023-07-26__16-01-47(1).JPG","gs://145625598251_2004409_606_usyd_tfe_2022__main/deployment/2244943/prod/directUpload/eee93951-1146-4725-baa6-bd19f11ba5f3.JPG",0,"Songyu Chai","6ccf0c56-72ce-49c5-84bd-3aca403c1b26","Mammalia","Dasyuromorphia","Dasyuridae","Antechinus","stuartii","Brown Antechinus",NA,"2023-07-26 16:01:47",1,NA,NA,NA,NA,NA,NA,"false",NA,NA,"CC-BY-NC",2004409,"S02_T22",151.7393833,-32.23995,"2023-07-24 00:00:00","2023-07-27 00:00:00","Other","Universal mammal bait","None",NA,2085476,"S02_T22",0,"Camera Functioning","Knee height",NA,"Parallel",NA,NA,NA,NA,"Site_02",NA,NA,NA,NA,NA,2023-07-26 16:01:47,1607,27,0.4,0
2004409,"S02_T22_2023","ec8badce-90fc-4141-93a2-b6ff6233ad1d","site_02__trap_22__2023-07-26__16-18-11(1).JPG","gs://145625598251_2004409_606_usyd_tfe_2022__main/deployment/2244943/prod/directUpload/ec8badce-90fc-4141-93a2-b6ff6233ad1d.JPG",0,"Songyu Chai","6ccf0c56-72ce-49c5-84bd-3aca403c1b26","Mammalia","Dasyuromorphia","Dasyuridae","Antechinus","stuartii","Brown Antechinus",NA,"2023-07-26 16:18:11",1,NA,NA,NA,NA,NA,NA,"false",NA,NA,"CC-BY-NC",2004409,"S02_T22",151.7393833,-32.23995,"2023-07-24 00:00:00","2023-07-27 00:00:00","Other","Universal mammal bait","None",NA,2085476,"S02_T22",0,"Camera Functioning","Knee height",NA,"Parallel",NA,NA,NA,NA,"Site_02",NA,NA,NA,NA,NA,2023-07-26 16:18:11,984,16,0.3,0
2004409,"S02_T22_2023","5ecbf285-b00c-40fb-b437-f418aa3bfb9b","site_02__trap_22__2023-07-26__16-59-17(1).JPG","gs://145625598251_2004409_606_usyd_tfe_2022__main/deployment/2244943/prod/directUpload/5ecbf285-b00c-40fb-b437-f418aa3bfb9b.JPG",0,"Songyu Chai","6ccf0c56-72ce-49c5-84bd-3aca403c1b26","Mammalia","Dasyuromorphia","Dasyuridae","Antechinus","stuartii","Brown Antechinus",NA,"2023-07-26 16:59:17",1,NA,NA,NA,NA,NA,NA,"false",NA,NA,"CC-BY-NC",2004409,"S02_T22",151.7393833,-32.23995,"2023-07-24 00:00:00","2023-07-27 00:00:00","Other","Universal mammal bait","None",NA,2085476,"S02_T22",0,"Camera Functioning","Knee height",NA,"Parallel",NA,NA,NA,NA,"Site_02",NA,NA,NA,NA,NA,2023-07-26 16:59:17,2466,41,0.7,0
2004409,"S02_T22_2023","1e264010-97fd-4501-93a0-8502daf85d90","site_02__trap_22__2023-07-25__22-13-58(1).JPG","gs://145625598251_2004409_606_usyd_tfe_2022__main/deployment/2244943/prod/directUpload/1e264010-97fd-4501-93a0-8502daf85d90.JPG",0,"Songyu Chai","e3df98de-20bf-44e2-a0a6-6fb2adc35519","Mammalia","Diprotodontia","Phalangeridae","Trichosurus","caninus","Short-eared Brushtail Possum",NA,"2023-07-25 22:13:58",1,NA,NA,NA,NA,NA,NA,"false",NA,NA,"CC-BY-NC",2004409,"S02_T22",151.7393833,-32.23995,"2023-07-24 00:00:00","2023-07-27 00:00:00","Other","Universal mammal bait","None",NA,2085476,"S02_T22",0,"Camera Functioning","Knee height",NA,"Parallel",NA,NA,NA,NA,"Site_02",NA,NA,NA,NA,NA,2023-07-25 22:13:58,0,0,0,0
2004409,"S02_T22_2023","61d8c6b3-ea7f-4501-98a6-6199dbcc2254","site_02__trap_22__2023-07-27__09-17-22(1).JPG","gs://145625598251_2004409_606_usyd_tfe_2022__main/deployment/2244943/prod/directUpload/61d8c6b3-ea7f-4501-98a6-6199dbcc2254.JPG",0,"Songyu Chai","d8cabc3b-7bbe-45b0-b9a9-600e114d189b","Mammalia","","","","","Small Mammal",NA,"2023-07-27 09:17:22",1,NA,NA,NA,NA,NA,NA,"false",NA,NA,"CC-BY-NC",2004409,"S02_T22",151.7393833,-32.23995,"2023-07-24 00:00:00","2023-07-27 00:00:00","Other","Universal mammal bait","None",NA,2085476,"S02_T22",0,"Camera Functioning","Knee height",NA,"Parallel",NA,NA,NA,NA,"Site_02",NA,NA,NA,NA,NA,2023-07-27 09:17:22,0,0,0,0
2004409,"S02_T22_2023","3b307c43-f4fb-4b67-b79d-cb8bd6d9c49f","site_02__trap_22__2023-07-26__16-40-25(1).JPG","gs://145625598251_2004409_606_usyd_tfe_2022__main/deployment/2244943/prod/directUpload/3b307c43-f4fb-4b67-b79d-cb8bd6d9c49f.JPG",0,"Aaron Greenville","3450b781-acf9-4bdf-af8f-c555034e0271","Aves","Passeriformes","Acanthizidae","Sericornis","citreogularis","Yellow-throated Scrubwren",NA,"2023-07-26 16:40:25",1,NA,NA,NA,NA,NA,NA,"false",NA,NA,"CC-BY-NC",2004409,"S02_T22",151.7393833,-32.23995,"2023-07-24 00:00:00","2023-07-27 00:00:00","Other","Universal mammal bait","None",NA,2085476,"S02_T22",0,"Camera Functioning","Knee height",NA,"Parallel",NA,NA,NA,NA,"Site_02",NA,NA,NA,NA,NA,2023-07-26 16:40:25,0,0,0,0
2004409,"S02_T24_2023","2c0c8b16-cb00-4c2c-851b-74c62af3d156","site_02__trap_24__2023-07-25__19-22-48(1).JPG","gs://145625598251_2004409_606_usyd_tfe_2022__main/deployment/2244944/prod/directUpload/2c0c8b16-cb00-4c2c-851b-74c62af3d156.JPG",0,"Yida Jiang","00049ff0-2ffa-4d82-8cf3-c861fbbfa9d5","Mammalia","Rodentia","Muridae","Rattus","","Rattus Species",NA,"2023-07-25 19:22:48",1,NA,NA,NA,NA,NA,NA,"false",NA,NA,"CC-BY-NC",2004409,"S02_T24",151.7400333,-32.24046667,"2023-07-24 00:00:00","2023-07-27 00:00:00","Other","Universal mammal bait","None",NA,2085477,"S02_T24",0,"Camera Functioning","Knee height",NA,"Parallel",NA,NA,NA,NA,"Site_02",NA,NA,NA,NA,NA,2023-07-25 19:22:48,0,0,0,0
2004409,"S03_T04_2023","aafbc17e-b30d-4b57-9ee7-ef7862308d82","site_03__trap_04__2023-07-25__04-16-55(1).JPG","gs://145625598251_2004409_606_usyd_tfe_2022__main/deployment/2244946/prod/directUpload/aafbc17e-b30d-4b57-9ee7-ef7862308d82.JPG",0,"Thomas Stevens","6e975946-43db-40cf-a4bb-2977319097a1","Mammalia","Dasyuromorphia","Dasyuridae","Antechinus","","Antechinus Species",NA,"2023-07-25 04:16:55",1,NA,NA,NA,NA,NA,NA,"false",NA,NA,"CC-BY-NC",2004409,"S03_T04",151.7405333,-32.24297167,"2023-07-24 00:00:00","2023-07-27 00:00:00","Other","Universal mammal bait","None",NA,2085479,"S03_T04",0,"Camera Functioning","Knee height",NA,"Parallel",NA,NA,NA,NA,"Site_03",NA,NA,NA,NA,NA,2023-07-25 04:16:55,0,0,0,0
2004409,"S03_T04_2023","a6efdb34-1ec2-47a1-9502-6c6278f3d503","site_03__trap_04__2023-07-25__17-22-39(1).JPG","gs://145625598251_2004409_606_usyd_tfe_2022__main/deployment/2244946/prod/directUpload/a6efdb34-1ec2-47a1-9502-6c6278f3d503.JPG",0,"Thomas Stevens","6e975946-43db-40cf-a4bb-2977319097a1","Mammalia","Dasyuromorphia","Dasyuridae","Antechinus","","Antechinus Species",NA,"2023-07-25 17:22:39",1,NA,NA,NA,NA,NA,NA,"false",NA,NA,"CC-BY-NC",2004409,"S03_T04",151.7405333,-32.24297167,"2023-07-24 00:00:00","2023-07-27 00:00:00","Other","Universal mammal bait","None",NA,2085479,"S03_T04",0,"Camera Functioning","Knee height",NA,"Parallel",NA,NA,NA,NA,"Site_03",NA,NA,NA,NA,NA,2023-07-25 17:22:39,47144,786,13.1,0.5
2004409,"S03_T04_2023","0803886a-c61c-46c3-9450-26d36f4b1bad","site_03__trap_04__2023-07-25__17-40-16(4).JPG","gs://145625598251_2004409_606_usyd_tfe_2022__main/deployment/2244946/prod/directUpload/0803886a-c61c-46c3-9450-26d36f4b1bad.JPG",0,"Thomas Stevens","6e975946-43db-40cf-a4bb-2977319097a1","Mammalia","Dasyuromorphia","Dasyuridae","Antechinus","","Antechinus Species",NA,"2023-07-25 17:40:16",1,NA,NA,NA,NA,NA,NA,"false",NA,NA,"CC-BY-NC",2004409,"S03_T04",151.7405333,-32.24297167,"2023-07-24 00:00:00","2023-07-27 00:00:00","Other","Universal mammal bait","None",NA,2085479,"S03_T04",0,"Camera Functioning","Knee height",NA,"Parallel",NA,NA,NA,NA,"Site_03",NA,NA,NA,NA,NA,2023-07-25 17:40:16,1057,18,0.3,0
2004409,"S03_T04_2023","cf3166fd-a79d-452a-9460-b806a6751117","site_03__trap_04__2023-07-27__00-37-47(1).JPG","gs://145625598251_2004409_606_usyd_tfe_2022__main/deployment/2244946/prod/directUpload/cf3166fd-a79d-452a-9460-b806a6751117.JPG",0,"Thomas Stevens","6e975946-43db-40cf-a4bb-2977319097a1","Mammalia","Dasyuromorphia","Dasyuridae","Antechinus","","Antechinus Species",NA,"2023-07-27 00:37:47",1,NA,NA,NA,NA,NA,NA,"false",NA,NA,"CC-BY-NC",2004409,"S03_T04",151.7405333,-32.24297167,"2023-07-24 00:00:00","2023-07-27 00:00:00","Other","Universal mammal bait","None",NA,2085479,"S03_T04",0,"Camera Functioning","Knee height",NA,"Parallel",NA,NA,NA,NA,"Site_03",NA,NA,NA,NA,NA,2023-07-27 00:37:47,111451,1858,31,1.3
2004409,"S03_T04_2023","c750cc03-2a92-440b-859f-de7931084e51","site_03__trap_04__2023-07-27__03-39-39(1).JPG","gs://145625598251_2004409_606_usyd_tfe_2022__main/deployment/2244946/prod/directUpload/c750cc03-2a92-440b-859f-de7931084e51.JPG",0,"Thomas Stevens","6e975946-43db-40cf-a4bb-2977319097a1","Mammalia","Dasyuromorphia","Dasyuridae","Antechinus","","Antechinus Species",NA,"2023-07-27 03:39:39",1,NA,NA,NA,NA,NA,NA,"false",NA,NA,"CC-BY-NC",2004409,"S03_T04",151.7405333,-32.24297167,"2023-07-24 00:00:00","2023-07-27 00:00:00","Other","Universal mammal bait","None",NA,2085479,"S03_T04",0,"Camera Functioning","Knee height",NA,"Parallel",NA,NA,NA,NA,"Site_03",NA,NA,NA,NA,NA,2023-07-27 03:39:39,10912,182,3,0.1
2004409,"S03_T04_2023","0380339c-29b2-456c-9e0a-166ec8bef98b","site_03__trap_04__2023-07-27__04-24-08(1).JPG","gs://145625598251_2004409_606_usyd_tfe_2022__main/deployment/2244946/prod/directUpload/0380339c-29b2-456c-9e0a-166ec8bef98b.JPG",0,"Thomas Stevens","6e975946-43db-40cf-a4bb-2977319097a1","Mammalia","Dasyuromorphia","Dasyuridae","Antechinus","","Antechinus Species",NA,"2023-07-27 04:24:08",1,NA,NA,NA,NA,NA,NA,"false",NA,NA,"CC-BY-NC",2004409,"S03_T04",151.7405333,-32.24297167,"2023-07-24 00:00:00","2023-07-27 00:00:00","Other","Universal mammal bait","None",NA,2085479,"S03_T04",0,"Camera Functioning","Knee height",NA,"Parallel",NA,NA,NA,NA,"Site_03",NA,NA,NA,NA,NA,2023-07-27 04:24:08,2669,44,0.7,0
2004409,"S03_T04_2023","a89929ca-88ec-4751-98d5-a90863e89965","site_03__trap_04__2023-07-26__18-05-08(1).JPG","gs://145625598251_2004409_606_usyd_tfe_2022__main/deployment/2244946/prod/directUpload/a89929ca-88ec-4751-98d5-a90863e89965.JPG",0,"Thomas Stevens","6ccf0c56-72ce-49c5-84bd-3aca403c1b26","Mammalia","Dasyuromorphia","Dasyuridae","Antechinus","stuartii","Brown Antechinus",NA,"2023-07-26 18:05:08",1,NA,NA,NA,NA,NA,NA,"false",NA,NA,"CC-BY-NC",2004409,"S03_T04",151.7405333,-32.24297167,"2023-07-24 00:00:00","2023-07-27 00:00:00","Other","Universal mammal bait","None",NA,2085479,"S03_T04",0,"Camera Functioning","Knee height",NA,"Parallel",NA,NA,NA,NA,"Site_03",NA,NA,NA,NA,NA,2023-07-26 18:05:08,0,0,0,0
2004409,"S03_T04_2023","1cdb7c85-2af4-4720-9912-7130e294c9d6","site_03__trap_04__2023-07-25__17-37-33(1).JPG","gs://145625598251_2004409_606_usyd_tfe_2022__main/deployment/2244946/prod/directUpload/1cdb7c85-2af4-4720-9912-7130e294c9d6.JPG",0,"Thomas Stevens","f97e5485-9bda-4eeb-83a3-d65ba57f410c","Mammalia","Rodentia","Muridae","Rattus","fuscipes","Bush Rat",NA,"2023-07-25 17:37:33",1,NA,NA,NA,NA,NA,NA,"false",NA,NA,"CC-BY-NC",2004409,"S03_T04",151.7405333,-32.24297167,"2023-07-24 00:00:00","2023-07-27 00:00:00","Other","Universal mammal bait","None",NA,2085479,"S03_T04",0,"Camera Functioning","Knee height",NA,"Parallel",NA,NA,NA,NA,"Site_03",NA,NA,NA,NA,NA,2023-07-25 17:37:33,0,0,0,0
2004409,"S03_T04_2023","56888002-e3ae-4b10-8815-73dd3eea436a","site_03__trap_04__2023-07-25__19-17-03(1).JPG","gs://145625598251_2004409_606_usyd_tfe_2022__main/deployment/2244946/prod/directUpload/56888002-e3ae-4b10-8815-73dd3eea436a.JPG",0,"Thomas Stevens","f97e5485-9bda-4eeb-83a3-d65ba57f410c","Mammalia","Rodentia","Muridae","Rattus","fuscipes","Bush Rat",NA,"2023-07-25 19:17:03",1,NA,NA,NA,NA,NA,NA,"false",NA,NA,"CC-BY-NC",2004409,"S03_T04",151.7405333,-32.24297167,"2023-07-24 00:00:00","2023-07-27 00:00:00","Other","Universal mammal bait","None",NA,2085479,"S03_T04",0,"Camera Functioning","Knee height",NA,"Parallel",NA,NA,NA,NA,"Site_03",NA,NA,NA,NA,NA,2023-07-25 19:17:03,5970,100,1.7,0.1
2004409,"S03_T04_2023","8bf2501a-ad35-4711-8f2f-d1f21c44edbb","site_03__trap_04__2023-07-26__18-09-13(1).JPG","gs://145625598251_2004409_606_usyd_tfe_2022__main/deployment/2244946/prod/directUpload/8bf2501a-ad35-4711-8f2f-d1f21c44edbb.JPG",0,"Thomas Stevens","f97e5485-9bda-4eeb-83a3-d65ba57f410c","Mammalia","Rodentia","Muridae","Rattus","fuscipes","Bush Rat",NA,"2023-07-26 18:09:13",1,NA,NA,NA,NA,NA,NA,"false",NA,NA,"CC-BY-NC",2004409,"S03_T04",151.7405333,-32.24297167,"2023-07-24 00:00:00","2023-07-27 00:00:00","Other","Universal mammal bait","None",NA,2085479,"S03_T04",0,"Camera Functioning","Knee height",NA,"Parallel",NA,NA,NA,NA,"Site_03",NA,NA,NA,NA,NA,2023-07-26 18:09:13,82330,1372,22.9,1
2004409,"S03_T04_2023","fd57fe0e-87a1-4436-98b9-f5d963f4931d","site_03__trap_04__2023-07-26__19-12-00(1).JPG","gs://145625598251_2004409_606_usyd_tfe_2022__main/deployment/2244946/prod/directUpload/fd57fe0e-87a1-4436-98b9-f5d963f4931d.JPG",0,"Thomas Stevens","f97e5485-9bda-4eeb-83a3-d65ba57f410c","Mammalia","Rodentia","Muridae","Rattus","fuscipes","Bush Rat",NA,"2023-07-26 19:12:00",1,NA,NA,NA,NA,NA,NA,"false",NA,NA,"CC-BY-NC",2004409,"S03_T04",151.7405333,-32.24297167,"2023-07-24 00:00:00","2023-07-27 00:00:00","Other","Universal mammal bait","None",NA,2085479,"S03_T04",0,"Camera Functioning","Knee height",NA,"Parallel",NA,NA,NA,NA,"Site_03",NA,NA,NA,NA,NA,2023-07-26 19:12:00,3767,63,1,0
2004409,"S03_T04_2023","b2c487bf-f086-46b9-9aea-20a2e2142aac","site_03__trap_04__2023-07-26__22-43-08(1).JPG","gs://145625598251_2004409_606_usyd_tfe_2022__main/deployment/2244946/prod/directUpload/b2c487bf-f086-46b9-9aea-20a2e2142aac.JPG",0,"Thomas Stevens","f97e5485-9bda-4eeb-83a3-d65ba57f410c","Mammalia","Rodentia","Muridae","Rattus","fuscipes","Bush Rat",NA,"2023-07-26 22:43:08",1,NA,NA,NA,NA,NA,NA,"false",NA,NA,"CC-BY-NC",2004409,"S03_T04",151.7405333,-32.24297167,"2023-07-24 00:00:00","2023-07-27 00:00:00","Other","Universal mammal bait","None",NA,2085479,"S03_T04",0,"Camera Functioning","Knee height",NA,"Parallel",NA,NA,NA,NA,"Site_03",NA,NA,NA,NA,NA,2023-07-26 22:43:08,12668,211,3.5,0.1
2004409,"S03_T04_2023","d693a02c-a5ec-4c64-8566-f03c67d38cd3","site_03__trap_04__2023-07-27__00-13-11(1).JPG","gs://145625598251_2004409_606_usyd_tfe_2022__main/deployment/2244946/prod/directUpload/d693a02c-a5ec-4c64-8566-f03c67d38cd3.JPG",0,"Thomas Stevens","f97e5485-9bda-4eeb-83a3-d65ba57f410c","Mammalia","Rodentia","Muridae","Rattus","fuscipes","Bush Rat",NA,"2023-07-27 00:13:11",1,NA,NA,NA,NA,NA,NA,"false",NA,NA,"CC-BY-NC",2004409,"S03_T04",151.7405333,-32.24297167,"2023-07-24 00:00:00","2023-07-27 00:00:00","Other","Universal mammal bait","None",NA,2085479,"S03_T04",0,"Camera Functioning","Knee height",NA,"Parallel",NA,NA,NA,NA,"Site_03",NA,NA,NA,NA,NA,2023-07-27 00:13:11,5403,90,1.5,0.1
2004409,"S03_T04_2023","9688ea6a-4b5d-4b5c-bbd4-b5537297ffc0","site_03__trap_04__2023-07-26__17-01-14(1).JPG","gs://145625598251_2004409_606_usyd_tfe_2022__main/deployment/2244946/prod/directUpload/9688ea6a-4b5d-4b5c-bbd4-b5537297ffc0.JPG",0,"Thomas Stevens","78af66bc-7397-4d14-b1ae-8fb5f2d18d00","Aves","Passeriformes","Artamidae","Strepera","graculina","Pied Currawong",NA,"2023-07-26 17:01:14",1,NA,NA,NA,NA,NA,NA,"false",NA,NA,"CC-BY-NC",2004409,"S03_T04",151.7405333,-32.24297167,"2023-07-24 00:00:00","2023-07-27 00:00:00","Other","Universal mammal bait","None",NA,2085479,"S03_T04",0,"Camera Functioning","Knee height",NA,"Parallel",NA,NA,NA,NA,"Site_03",NA,NA,NA,NA,NA,2023-07-26 17:01:14,0,0,0,0
2004409,"S03_T04_2023","8d670943-d27e-4085-a353-ee1e6cd908a4","site_03__trap_04__2023-07-27__07-27-42(1).JPG","gs://145625598251_2004409_606_usyd_tfe_2022__main/deployment/2244946/prod/directUpload/8d670943-d27e-4085-a353-ee1e6cd908a4.JPG",0,"Thomas Stevens","78af66bc-7397-4d14-b1ae-8fb5f2d18d00","Aves","Passeriformes","Artamidae","Strepera","graculina","Pied Currawong",NA,"2023-07-27 07:27:42",1,NA,NA,NA,NA,NA,NA,"false",NA,NA,"CC-BY-NC",2004409,"S03_T04",151.7405333,-32.24297167,"2023-07-24 00:00:00","2023-07-27 00:00:00","Other","Universal mammal bait","None",NA,2085479,"S03_T04",0,"Camera Functioning","Knee height",NA,"Parallel",NA,NA,NA,NA,"Site_03",NA,NA,NA,NA,NA,2023-07-27 07:27:42,51988,866,14.4,0.6
2004409,"S03_T04_2023","75d10aac-594b-4505-a0c0-fef52dd7eee7","site_03__trap_04__2023-07-27__00-38-35(4).JPG","gs://145625598251_2004409_606_usyd_tfe_2022__main/deployment/2244946/prod/directUpload/75d10aac-594b-4505-a0c0-fef52dd7eee7.JPG",0,"Thomas Stevens","00049ff0-2ffa-4d82-8cf3-c861fbbfa9d5","Mammalia","Rodentia","Muridae","Rattus","","Rattus Species",NA,"2023-07-27 00:38:35",1,NA,NA,NA,NA,NA,NA,"false",NA,NA,"CC-BY-NC",2004409,"S03_T04",151.7405333,-32.24297167,"2023-07-24 00:00:00","2023-07-27 00:00:00","Other","Universal mammal bait","None",NA,2085479,"S03_T04",0,"Camera Functioning","Knee height",NA,"Parallel",NA,NA,NA,NA,"Site_03",NA,NA,NA,NA,NA,2023-07-27 00:38:35,0,0,0,0
2004409,"S03_T04_2023","0f3e048a-c552-40b3-a04b-2c8022657bfc","site_03__trap_04__2023-07-27__01-39-54(1).JPG","gs://145625598251_2004409_606_usyd_tfe_2022__main/deployment/2244946/prod/directUpload/0f3e048a-c552-40b3-a04b-2c8022657bfc.JPG",0,"Thomas Stevens","00049ff0-2ffa-4d82-8cf3-c861fbbfa9d5","Mammalia","Rodentia","Muridae","Rattus","","Rattus Species",NA,"2023-07-27 01:39:54",1,NA,NA,NA,NA,NA,NA,"false",NA,NA,"CC-BY-NC",2004409,"S03_T04",151.7405333,-32.24297167,"2023-07-24 00:00:00","2023-07-27 00:00:00","Other","Universal mammal bait","None",NA,2085479,"S03_T04",0,"Camera Functioning","Knee height",NA,"Parallel",NA,NA,NA,NA,"Site_03",NA,NA,NA,NA,NA,2023-07-27 01:39:54,3679,61,1,0
2004409,"S03_T04_2023","f645444e-6db3-4eca-8a15-30a7735c0615","site_03__trap_04__2023-07-27__04-43-31(1).JPG","gs://145625598251_2004409_606_usyd_tfe_2022__main/deployment/2244946/prod/directUpload/f645444e-6db3-4eca-8a15-30a7735c0615.JPG",0,"Thomas Stevens","00049ff0-2ffa-4d82-8cf3-c861fbbfa9d5","Mammalia","Rodentia","Muridae","Rattus","","Rattus Species",NA,"2023-07-27 04:43:31",1,NA,NA,NA,NA,NA,NA,"false",NA,NA,"CC-BY-NC",2004409,"S03_T04",151.7405333,-32.24297167,"2023-07-24 00:00:00","2023-07-27 00:00:00","Other","Universal mammal bait","None",NA,2085479,"S03_T04",0,"Camera Functioning","Knee height",NA,"Parallel",NA,NA,NA,NA,"Site_03",NA,NA,NA,NA,NA,2023-07-27 04:43:31,11017,184,3.1,0.1
2004409,"S03_T04_2023","d2a504cc-9d6b-4b5c-a9a9-db0985311c24","site_03__trap_04__2023-07-27__06-06-47(4).JPG","gs://145625598251_2004409_606_usyd_tfe_2022__main/deployment/2244946/prod/directUpload/d2a504cc-9d6b-4b5c-a9a9-db0985311c24.JPG",0,"Thomas Stevens","00049ff0-2ffa-4d82-8cf3-c861fbbfa9d5","Mammalia","Rodentia","Muridae","Rattus","","Rattus Species",NA,"2023-07-27 06:06:47",1,NA,NA,NA,NA,NA,NA,"false",NA,NA,"CC-BY-NC",2004409,"S03_T04",151.7405333,-32.24297167,"2023-07-24 00:00:00","2023-07-27 00:00:00","Other","Universal mammal bait","None",NA,2085479,"S03_T04",0,"Camera Functioning","Knee height",NA,"Parallel",NA,NA,NA,NA,"Site_03",NA,NA,NA,NA,NA,2023-07-27 06:06:47,4996,83,1.4,0.1
2004409,"S03_T06_2023","26132c7c-bb49-4e89-9561-7f7ad225862e","site_03__trap_06__2023-07-24__20-34-19(1).JPG","gs://145625598251_2004409_606_usyd_tfe_2022__main/deployment/2244947/prod/directUpload/26132c7c-bb49-4e89-9561-7f7ad225862e.JPG",0,"Niamh Ryan","f97e5485-9bda-4eeb-83a3-d65ba57f410c","Mammalia","Rodentia","Muridae","Rattus","fuscipes","Bush Rat",NA,"2023-07-24 20:34:19",1,NA,NA,NA,NA,NA,NA,"false",NA,NA,"CC-BY-NC",2004409,"S03_T06",151.74042,-32.24286833,"2023-07-24 00:00:00","2023-07-27 00:00:00","Other","Universal mammal bait","None",NA,2085480,"S03_T06",0,"Camera Functioning","Knee height",NA,"Parallel",NA,NA,NA,NA,"Site_03",NA,NA,NA,NA,NA,2023-07-24 20:34:19,0,0,0,0
2004409,"S03_T06_2023","45f9eb10-b90f-431d-8d0e-e06b0e1266d8","site_03__trap_06__2023-07-24__20-46-21(1).JPG","gs://145625598251_2004409_606_usyd_tfe_2022__main/deployment/2244947/prod/directUpload/45f9eb10-b90f-431d-8d0e-e06b0e1266d8.JPG",0,"Niamh Ryan","f97e5485-9bda-4eeb-83a3-d65ba57f410c","Mammalia","Rodentia","Muridae","Rattus","fuscipes","Bush Rat",NA,"2023-07-24 20:46:21",1,NA,NA,NA,NA,NA,NA,"false",NA,NA,"CC-BY-NC",2004409,"S03_T06",151.74042,-32.24286833,"2023-07-24 00:00:00","2023-07-27 00:00:00","Other","Universal mammal bait","None",NA,2085480,"S03_T06",0,"Camera Functioning","Knee height",NA,"Parallel",NA,NA,NA,NA,"Site_03",NA,NA,NA,NA,NA,2023-07-24 20:46:21,722,12,0.2,0
2004409,"S03_T06_2023","6ea6a031-4fbf-4b1e-9638-29e427c73b71","site_03__trap_06__2023-07-24__21-06-57(1).JPG","gs://145625598251_2004409_606_usyd_tfe_2022__main/deployment/2244947/prod/directUpload/6ea6a031-4fbf-4b1e-9638-29e427c73b71.JPG",0,"Niamh Ryan","f97e5485-9bda-4eeb-83a3-d65ba57f410c","Mammalia","Rodentia","Muridae","Rattus","fuscipes","Bush Rat",NA,"2023-07-24 21:06:57",1,NA,NA,NA,NA,NA,NA,"false",NA,NA,"CC-BY-NC",2004409,"S03_T06",151.74042,-32.24286833,"2023-07-24 00:00:00","2023-07-27 00:00:00","Other","Universal mammal bait","None",NA,2085480,"S03_T06",0,"Camera Functioning","Knee height",NA,"Parallel",NA,NA,NA,NA,"Site_03",NA,NA,NA,NA,NA,2023-07-24 21:06:57,1236,21,0.3,0
2004409,"S03_T06_2023","436663e6-95d6-4ccb-bfb2-4dd5c3d105e2","site_03__trap_06__2023-07-24__21-17-17(1).JPG","gs://145625598251_2004409_606_usyd_tfe_2022__main/deployment/2244947/prod/directUpload/436663e6-95d6-4ccb-bfb2-4dd5c3d105e2.JPG",0,"Niamh Ryan","f97e5485-9bda-4eeb-83a3-d65ba57f410c","Mammalia","Rodentia","Muridae","Rattus","fuscipes","Bush Rat",NA,"2023-07-24 21:17:17",1,NA,NA,NA,NA,NA,NA,"false",NA,NA,"CC-BY-NC",2004409,"S03_T06",151.74042,-32.24286833,"2023-07-24 00:00:00","2023-07-27 00:00:00","Other","Universal mammal bait","None",NA,2085480,"S03_T06",0,"Camera Functioning","Knee height",NA,"Parallel",NA,NA,NA,NA,"Site_03",NA,NA,NA,NA,NA,2023-07-24 21:17:17,620,10,0.2,0
2004409,"S03_T06_2023","6b340312-60cb-480f-b940-60265db0b9c0","site_03__trap_06__2023-07-24__21-58-41(1).JPG","gs://145625598251_2004409_606_usyd_tfe_2022__main/deployment/2244947/prod/directUpload/6b340312-60cb-480f-b940-60265db0b9c0.JPG",0,"Niamh Ryan","f97e5485-9bda-4eeb-83a3-d65ba57f410c","Mammalia","Rodentia","Muridae","Rattus","fuscipes","Bush Rat",NA,"2023-07-24 21:58:41",1,NA,NA,NA,NA,NA,NA,"false",NA,NA,"CC-BY-NC",2004409,"S03_T06",151.74042,-32.24286833,"2023-07-24 00:00:00","2023-07-27 00:00:00","Other","Universal mammal bait","None",NA,2085480,"S03_T06",0,"Camera Functioning","Knee height",NA,"Parallel",NA,NA,NA,NA,"Site_03",NA,NA,NA,NA,NA,2023-07-24 21:58:41,2484,41,0.7,0
2004409,"S03_T06_2023","7794f200-3512-40f9-97fa-9717775792b4","site_03__trap_06__2023-07-26__02-16-55(1).JPG","gs://145625598251_2004409_606_usyd_tfe_2022__main/deployment/2244947/prod/directUpload/7794f200-3512-40f9-97fa-9717775792b4.JPG",0,"Niamh Ryan","f97e5485-9bda-4eeb-83a3-d65ba57f410c","Mammalia","Rodentia","Muridae","Rattus","fuscipes","Bush Rat",NA,"2023-07-26 02:16:55",1,NA,NA,NA,NA,NA,NA,"false",NA,NA,"CC-BY-NC",2004409,"S03_T06",151.74042,-32.24286833,"2023-07-24 00:00:00","2023-07-27 00:00:00","Other","Universal mammal bait","None",NA,2085480,"S03_T06",0,"Camera Functioning","Knee height",NA,"Parallel",NA,NA,NA,NA,"Site_03",NA,NA,NA,NA,NA,2023-07-26 02:16:55,101894,1698,28.3,1.2
2004409,"S03_T06_2023","ee62205e-e361-4b7a-b14a-6a5029526009","site_03__trap_06__2023-07-27__02-48-59(1).JPG","gs://145625598251_2004409_606_usyd_tfe_2022__main/deployment/2244947/prod/directUpload/ee62205e-e361-4b7a-b14a-6a5029526009.JPG",0,"Niamh Ryan","f97e5485-9bda-4eeb-83a3-d65ba57f410c","Mammalia","Rodentia","Muridae","Rattus","fuscipes","Bush Rat",NA,"2023-07-27 02:48:59",1,NA,NA,NA,NA,NA,NA,"false",NA,NA,"CC-BY-NC",2004409,"S03_T06",151.74042,-32.24286833,"2023-07-24 00:00:00","2023-07-27 00:00:00","Other","Universal mammal bait","None",NA,2085480,"S03_T06",0,"Camera Functioning","Knee height",NA,"Parallel",NA,NA,NA,NA,"Site_03",NA,NA,NA,NA,NA,2023-07-27 02:48:59,88324,1472,24.5,1
2004409,"S03_T06_2023","882d70e9-f37a-4d3d-bcf8-bbc0b135b93c","site_03__trap_06__2023-07-24__19-06-42(1).JPG","gs://145625598251_2004409_606_usyd_tfe_2022__main/deployment/2244947/prod/directUpload/882d70e9-f37a-4d3d-bcf8-bbc0b135b93c.JPG",0,"Niamh Ryan","00049ff0-2ffa-4d82-8cf3-c861fbbfa9d5","Mammalia","Rodentia","Muridae","Rattus","","Rattus Species",NA,"2023-07-24 19:06:42",1,NA,NA,NA,NA,NA,NA,"false",NA,NA,"CC-BY-NC",2004409,"S03_T06",151.74042,-32.24286833,"2023-07-24 00:00:00","2023-07-27 00:00:00","Other","Universal mammal bait","None",NA,2085480,"S03_T06",0,"Camera Functioning","Knee height",NA,"Parallel",NA,NA,NA,NA,"Site_03",NA,NA,NA,NA,NA,2023-07-24 19:06:42,0,0,0,0
2004409,"S03_T08_2023","590581dc-fe8b-4fde-904d-76b2d9e2cefd","site_03__trap_08__2023-07-26__00-56-15(1).JPG","gs://145625598251_2004409_606_usyd_tfe_2022__main/deployment/2244948/prod/directUpload/590581dc-fe8b-4fde-904d-76b2d9e2cefd.JPG",0,"Niamh Ryan","f97e5485-9bda-4eeb-83a3-d65ba57f410c","Mammalia","Rodentia","Muridae","Rattus","fuscipes","Bush Rat",NA,"2023-07-26 00:56:15",1,NA,NA,NA,NA,NA,NA,"false",NA,NA,"CC-BY-NC",2004409,"S03_T08",151.7402583,-32.24302333,"2023-07-24 00:00:00","2023-07-27 00:00:00","Other","Universal mammal bait","None",NA,2085481,"S03_T08",0,"Camera Functioning","Knee height",NA,"Parallel",NA,NA,NA,NA,"Site_03",NA,NA,NA,NA,NA,2023-07-26 00:56:15,0,0,0,0
2004409,"S03_T08_2023","a46615c0-dc8f-4757-af0f-d98f7825cd3f","site_03__trap_08__2023-07-26__04-22-32(1).JPG","gs://145625598251_2004409_606_usyd_tfe_2022__main/deployment/2244948/prod/directUpload/a46615c0-dc8f-4757-af0f-d98f7825cd3f.JPG",0,"Niamh Ryan","f97e5485-9bda-4eeb-83a3-d65ba57f410c","Mammalia","Rodentia","Muridae","Rattus","fuscipes","Bush Rat",NA,"2023-07-26 04:22:32",1,NA,NA,NA,NA,NA,NA,"false",NA,NA,"CC-BY-NC",2004409,"S03_T08",151.7402583,-32.24302333,"2023-07-24 00:00:00","2023-07-27 00:00:00","Other","Universal mammal bait","None",NA,2085481,"S03_T08",0,"Camera Functioning","Knee height",NA,"Parallel",NA,NA,NA,NA,"Site_03",NA,NA,NA,NA,NA,2023-07-26 04:22:32,12377,206,3.4,0.1
2004409,"S03_T08_2023","37e9b11f-52df-487c-896e-92399ba99093","site_03__trap_08__2023-07-26__04-55-52(1).JPG","gs://145625598251_2004409_606_usyd_tfe_2022__main/deployment/2244948/prod/directUpload/37e9b11f-52df-487c-896e-92399ba99093.JPG",0,"Niamh Ryan","00049ff0-2ffa-4d82-8cf3-c861fbbfa9d5","Mammalia","Rodentia","Muridae","Rattus","","Rattus Species",NA,"2023-07-26 04:55:52",1,NA,NA,NA,NA,NA,NA,"false",NA,NA,"CC-BY-NC",2004409,"S03_T08",151.7402583,-32.24302333,"2023-07-24 00:00:00","2023-07-27 00:00:00","Other","Universal mammal bait","None",NA,2085481,"S03_T08",0,"Camera Functioning","Knee height",NA,"Parallel",NA,NA,NA,NA,"Site_03",NA,NA,NA,NA,NA,2023-07-26 04:55:52,0,0,0,0
2004409,"S03_T08_2023","3c85197e-61f2-43c2-83e1-ac34e1a12ae4","site_03__trap_08__2023-07-27__01-42-26(1).JPG","gs://145625598251_2004409_606_usyd_tfe_2022__main/deployment/2244948/prod/directUpload/3c85197e-61f2-43c2-83e1-ac34e1a12ae4.JPG",0,"Niamh Ryan","00049ff0-2ffa-4d82-8cf3-c861fbbfa9d5","Mammalia","Rodentia","Muridae","Rattus","","Rattus Species",NA,"2023-07-27 01:42:26",1,NA,NA,NA,NA,NA,NA,"false",NA,NA,"CC-BY-NC",2004409,"S03_T08",151.7402583,-32.24302333,"2023-07-24 00:00:00","2023-07-27 00:00:00","Other","Universal mammal bait","None",NA,2085481,"S03_T08",0,"Camera Functioning","Knee height",NA,"Parallel",NA,NA,NA,NA,"Site_03",NA,NA,NA,NA,NA,2023-07-27 01:42:26,74794,1247,20.8,0.9
2004409,"S03_T10_2023","36a9c39a-b3fd-476b-8131-61b15e6ead18","site_03__trap_10__2023-07-26__01-20-28(1).JPG","gs://145625598251_2004409_606_usyd_tfe_2022__main/deployment/2244949/prod/directUpload/36a9c39a-b3fd-476b-8131-61b15e6ead18.JPG",0,"Niamh Ryan","f97e5485-9bda-4eeb-83a3-d65ba57f410c","Mammalia","Rodentia","Muridae","Rattus","fuscipes","Bush Rat",NA,"2023-07-26 01:20:28",1,NA,NA,NA,NA,NA,NA,"false",NA,NA,"CC-BY-NC",2004409,"S03_T10",151.7401233,-32.24303167,"2023-07-24 00:00:00","2023-07-27 00:00:00","Other","Universal mammal bait","None",NA,2085482,"S03_T10",0,"Camera Functioning","Knee height",NA,"Parallel",NA,NA,NA,NA,"Site_03",NA,NA,NA,NA,NA,2023-07-26 01:20:28,0,0,0,0
2004409,"S03_T10_2023","a7007d73-64dc-4e07-83ba-0d8ec3676794","site_03__trap_10__2023-07-26__04-33-26(1).JPG","gs://145625598251_2004409_606_usyd_tfe_2022__main/deployment/2244949/prod/directUpload/a7007d73-64dc-4e07-83ba-0d8ec3676794.JPG",0,"Niamh Ryan","f97e5485-9bda-4eeb-83a3-d65ba57f410c","Mammalia","Rodentia","Muridae","Rattus","fuscipes","Bush Rat",NA,"2023-07-26 04:33:26",1,NA,NA,NA,NA,NA,NA,"false",NA,NA,"CC-BY-NC",2004409,"S03_T10",151.7401233,-32.24303167,"2023-07-24 00:00:00","2023-07-27 00:00:00","Other","Universal mammal bait","None",NA,2085482,"S03_T10",0,"Camera Functioning","Knee height",NA,"Parallel",NA,NA,NA,NA,"Site_03",NA,NA,NA,NA,NA,2023-07-26 04:33:26,11578,193,3.2,0.1
2004409,"S03_T12_2023","ffa06969-1665-48ba-a8b7-a1b912837db0","site_03__trap_12__2023-07-24__18-57-37(1).JPG","gs://145625598251_2004409_606_usyd_tfe_2022__main/deployment/2244950/prod/directUpload/ffa06969-1665-48ba-a8b7-a1b912837db0.JPG",0,"Phillip You","6e975946-43db-40cf-a4bb-2977319097a1","Mammalia","Dasyuromorphia","Dasyuridae","Antechinus","","Antechinus Species",NA,"2023-07-24 18:57:37",1,NA,NA,NA,NA,NA,NA,"false",NA,NA,"CC-BY-NC",2004409,"S03_T12",151.74,-32.24316667,"2023-07-24 00:00:00","2023-07-27 00:00:00","Other","Universal mammal bait","None",NA,2085483,"S03_T12",0,"Camera Functioning","Knee height",NA,"Parallel",NA,NA,NA,NA,"Site_03",NA,NA,NA,NA,NA,2023-07-24 18:57:37,0,0,0,0
2004409,"S03_T12_2023","17bf0728-0489-467b-baee-ebc52ac63d09","site_03__trap_12__2023-07-24__16-08-33(1).JPG","gs://145625598251_2004409_606_usyd_tfe_2022__main/deployment/2244950/prod/directUpload/17bf0728-0489-467b-baee-ebc52ac63d09.JPG",0,"Phillip You","2f833b9c-3f9e-431f-b6e7-1d6dca01a0b6","Aves","Passeriformes","Turdidae","Zoothera","lunulata","Bassian Thrush",NA,"2023-07-24 16:08:33",1,NA,NA,NA,NA,NA,NA,"false",NA,NA,"CC-BY-NC",2004409,"S03_T12",151.74,-32.24316667,"2023-07-24 00:00:00","2023-07-27 00:00:00","Other","Universal mammal bait","None",NA,2085483,"S03_T12",0,"Camera Functioning","Knee height",NA,"Parallel",NA,NA,NA,NA,"Site_03",NA,NA,NA,NA,NA,2023-07-24 16:08:33,0,0,0,0
2004409,"S03_T12_2023","3c812d4e-21b4-49ab-a983-426c1de6434f","site_03__trap_12__2023-07-25__17-23-00(1).JPG","gs://145625598251_2004409_606_usyd_tfe_2022__main/deployment/2244950/prod/directUpload/3c812d4e-21b4-49ab-a983-426c1de6434f.JPG",0,"Phillip You","00049ff0-2ffa-4d82-8cf3-c861fbbfa9d5","Mammalia","Rodentia","Muridae","Rattus","","Rattus Species",NA,"2023-07-25 17:23:00",1,NA,NA,NA,NA,NA,NA,"false",NA,NA,"CC-BY-NC",2004409,"S03_T12",151.74,-32.24316667,"2023-07-24 00:00:00","2023-07-27 00:00:00","Other","Universal mammal bait","None",NA,2085483,"S03_T12",0,"Camera Functioning","Knee height",NA,"Parallel",NA,NA,NA,NA,"Site_03",NA,NA,NA,NA,NA,2023-07-25 17:23:00,0,0,0,0
2004409,"S03_T12_2023","a0094024-c057-42f1-a5d6-c567b209002a","site_03__trap_12__2023-07-25__19-15-14(1).JPG","gs://145625598251_2004409_606_usyd_tfe_2022__main/deployment/2244950/prod/directUpload/a0094024-c057-42f1-a5d6-c567b209002a.JPG",0,"Phillip You","00049ff0-2ffa-4d82-8cf3-c861fbbfa9d5","Mammalia","Rodentia","Muridae","Rattus","","Rattus Species",NA,"2023-07-25 19:15:14",1,NA,NA,NA,NA,NA,NA,"false",NA,NA,"CC-BY-NC",2004409,"S03_T12",151.74,-32.24316667,"2023-07-24 00:00:00","2023-07-27 00:00:00","Other","Universal mammal bait","None",NA,2085483,"S03_T12",0,"Camera Functioning","Knee height",NA,"Parallel",NA,NA,NA,NA,"Site_03",NA,NA,NA,NA,NA,2023-07-25 19:15:14,6734,112,1.9,0.1
2004409,"S03_T12_2023","11243ddd-037c-4197-bafd-43be5cf1fcf6","site_03__trap_12__2023-07-26__01-16-10(1).JPG","gs://145625598251_2004409_606_usyd_tfe_2022__main/deployment/2244950/prod/directUpload/11243ddd-037c-4197-bafd-43be5cf1fcf6.JPG",0,"Phillip You","00049ff0-2ffa-4d82-8cf3-c861fbbfa9d5","Mammalia","Rodentia","Muridae","Rattus","","Rattus Species",NA,"2023-07-26 01:16:10",1,NA,NA,NA,NA,NA,NA,"false",NA,NA,"CC-BY-NC",2004409,"S03_T12",151.74,-32.24316667,"2023-07-24 00:00:00","2023-07-27 00:00:00","Other","Universal mammal bait","None",NA,2085483,"S03_T12",0,"Camera Functioning","Knee height",NA,"Parallel",NA,NA,NA,NA,"Site_03",NA,NA,NA,NA,NA,2023-07-26 01:16:10,21656,361,6,0.2
2004409,"S03_T12_2023","c8c83503-5a34-423d-a413-38fec093d61f","site_03__trap_12__2023-07-26__02-11-09(1).JPG","gs://145625598251_2004409_606_usyd_tfe_2022__main/deployment/2244950/prod/directUpload/c8c83503-5a34-423d-a413-38fec093d61f.JPG",0,"Phillip You","00049ff0-2ffa-4d82-8cf3-c861fbbfa9d5","Mammalia","Rodentia","Muridae","Rattus","","Rattus Species",NA,"2023-07-26 02:11:09",1,NA,NA,NA,NA,NA,NA,"false",NA,NA,"CC-BY-NC",2004409,"S03_T12",151.74,-32.24316667,"2023-07-24 00:00:00","2023-07-27 00:00:00","Other","Universal mammal bait","None",NA,2085483,"S03_T12",0,"Camera Functioning","Knee height",NA,"Parallel",NA,NA,NA,NA,"Site_03",NA,NA,NA,NA,NA,2023-07-26 02:11:09,3299,55,0.9,0
2004409,"S03_T12_2023","4ade89a5-349e-4b73-8cf3-6056acc3c6ca","site_03__trap_12__2023-07-26__21-45-01(1).JPG","gs://145625598251_2004409_606_usyd_tfe_2022__main/deployment/2244950/prod/directUpload/4ade89a5-349e-4b73-8cf3-6056acc3c6ca.JPG",0,"Phillip You","00049ff0-2ffa-4d82-8cf3-c861fbbfa9d5","Mammalia","Rodentia","Muridae","Rattus","","Rattus Species",NA,"2023-07-26 21:45:01",1,NA,NA,NA,NA,NA,NA,"false",NA,NA,"CC-BY-NC",2004409,"S03_T12",151.74,-32.24316667,"2023-07-24 00:00:00","2023-07-27 00:00:00","Other","Universal mammal bait","None",NA,2085483,"S03_T12",0,"Camera Functioning","Knee height",NA,"Parallel",NA,NA,NA,NA,"Site_03",NA,NA,NA,NA,NA,2023-07-26 21:45:01,70432,1174,19.6,0.8
2004409,"S03_T12_2023","be05c02f-baac-4d4e-896f-8c24a34e62f7","site_03__trap_12__2023-07-26__22-27-41(1).JPG","gs://145625598251_2004409_606_usyd_tfe_2022__main/deployment/2244950/prod/directUpload/be05c02f-baac-4d4e-896f-8c24a34e62f7.JPG",0,"Phillip You","00049ff0-2ffa-4d82-8cf3-c861fbbfa9d5","Mammalia","Rodentia","Muridae","Rattus","","Rattus Species",NA,"2023-07-26 22:27:41",1,NA,NA,NA,NA,NA,NA,"false",NA,NA,"CC-BY-NC",2004409,"S03_T12",151.74,-32.24316667,"2023-07-24 00:00:00","2023-07-27 00:00:00","Other","Universal mammal bait","None",NA,2085483,"S03_T12",0,"Camera Functioning","Knee height",NA,"Parallel",NA,NA,NA,NA,"Site_03",NA,NA,NA,NA,NA,2023-07-26 22:27:41,2560,43,0.7,0
2004409,"S03_T12_2023","315b21e9-8ed2-4451-b78f-a851a5fc867a","site_03__trap_12__2023-07-27__01-01-32(1).JPG","gs://145625598251_2004409_606_usyd_tfe_2022__main/deployment/2244950/prod/directUpload/315b21e9-8ed2-4451-b78f-a851a5fc867a.JPG",0,"Phillip You","00049ff0-2ffa-4d82-8cf3-c861fbbfa9d5","Mammalia","Rodentia","Muridae","Rattus","","Rattus Species",NA,"2023-07-27 01:01:32",1,NA,NA,NA,NA,NA,NA,"false",NA,NA,"CC-BY-NC",2004409,"S03_T12",151.74,-32.24316667,"2023-07-24 00:00:00","2023-07-27 00:00:00","Other","Universal mammal bait","None",NA,2085483,"S03_T12",0,"Camera Functioning","Knee height",NA,"Parallel",NA,NA,NA,NA,"Site_03",NA,NA,NA,NA,NA,2023-07-27 01:01:32,9231,154,2.6,0.1
2004409,"S03_T12_2023","45a7949e-c29b-4b02-abca-37dd927ab3ca","site_03__trap_12__2023-07-26__01-16-15(4).JPG","gs://145625598251_2004409_606_usyd_tfe_2022__main/deployment/2244950/prod/directUpload/45a7949e-c29b-4b02-abca-37dd927ab3ca.JPG",0,"Phillip You","90d950db-2106-4bd9-a4c1-777604c3eada","Mammalia","Rodentia","","","","Rodent",NA,"2023-07-26 01:16:15",1,NA,NA,NA,NA,NA,NA,"false",NA,NA,"CC-BY-NC",2004409,"S03_T12",151.74,-32.24316667,"2023-07-24 00:00:00","2023-07-27 00:00:00","Other","Universal mammal bait","None",NA,2085483,"S03_T12",0,"Camera Functioning","Knee height",NA,"Parallel",NA,NA,NA,NA,"Site_03",NA,NA,NA,NA,NA,2023-07-26 01:16:15,0,0,0,0
2004409,"S03_T12_2023","2cce5586-b806-4e96-96d0-71cba1f3054c","site_03__trap_12__2023-07-26__21-45-39(10).JPG","gs://145625598251_2004409_606_usyd_tfe_2022__main/deployment/2244950/prod/directUpload/2cce5586-b806-4e96-96d0-71cba1f3054c.JPG",0,"Phillip You","90d950db-2106-4bd9-a4c1-777604c3eada","Mammalia","Rodentia","","","","Rodent",NA,"2023-07-26 21:45:39",1,NA,NA,NA,NA,NA,NA,"false",NA,NA,"CC-BY-NC",2004409,"S03_T12",151.74,-32.24316667,"2023-07-24 00:00:00","2023-07-27 00:00:00","Other","Universal mammal bait","None",NA,2085483,"S03_T12",0,"Camera Functioning","Knee height",NA,"Parallel",NA,NA,NA,NA,"Site_03",NA,NA,NA,NA,NA,2023-07-26 21:45:39,73764,1229,20.5,0.9
2004409,"S03_T16_2023","9c7b5141-45b8-4bc0-b0fa-54f7d3027b90","site_03__trap_16__2023-07-24__17-36-00(1).JPG","gs://145625598251_2004409_606_usyd_tfe_2022__main/deployment/2244952/prod/directUpload/9c7b5141-45b8-4bc0-b0fa-54f7d3027b90.JPG",0,"Kai Cheng  Lim","f97e5485-9bda-4eeb-83a3-d65ba57f410c","Mammalia","Rodentia","Muridae","Rattus","fuscipes","Bush Rat",NA,"2023-07-24 17:36:00",1,NA,NA,NA,NA,NA,NA,"false",NA,NA,"CC-BY-NC",2004409,"S03_T16",151.7399,-32.24238333,"2023-07-24 00:00:00","2023-07-27 00:00:00","Other","Universal mammal bait","None",NA,2085485,"S03_T16",0,"Camera Functioning","Knee height",NA,"Parallel",NA,NA,NA,NA,"Site_03",NA,NA,NA,NA,NA,2023-07-24 17:36:00,0,0,0,0
2004409,"S03_T16_2023","dc1bc31c-d824-4ab0-8e5d-ab3894bb36bf","site_03__trap_16__2023-07-27__01-52-00(1).JPG","gs://145625598251_2004409_606_usyd_tfe_2022__main/deployment/2244952/prod/directUpload/dc1bc31c-d824-4ab0-8e5d-ab3894bb36bf.JPG",0,"Kai Cheng  Lim","22f3d415-b3bc-4e37-a81a-504a69897974","Mammalia","Didelphimorphia","Didelphidae","","","Possum Family",NA,"2023-07-27 01:52:00",1,NA,NA,NA,NA,NA,NA,"false",NA,NA,"CC-BY-NC",2004409,"S03_T16",151.7399,-32.24238333,"2023-07-24 00:00:00","2023-07-27 00:00:00","Other","Universal mammal bait","None",NA,2085485,"S03_T16",0,"Camera Functioning","Knee height",NA,"Parallel",NA,NA,NA,NA,"Site_03",NA,NA,NA,NA,NA,2023-07-27 01:52:00,0,0,0,0
2004409,"S03_T18_2023","227fca98-4cc1-44d1-8b31-4af3d8a4c5e8","site_03__trap_18__2023-07-25__17-12-31(8).JPG","gs://145625598251_2004409_606_usyd_tfe_2022__main/deployment/2244953/prod/directUpload/227fca98-4cc1-44d1-8b31-4af3d8a4c5e8.JPG",0,"Reilly Seet","6e975946-43db-40cf-a4bb-2977319097a1","Mammalia","Dasyuromorphia","Dasyuridae","Antechinus","","Antechinus Species",NA,"2023-07-25 17:12:31",1,NA,NA,NA,NA,NA,NA,"false",NA,NA,"CC-BY-NC",2004409,"S03_T18",151.74005,-32.24221667,"2023-07-24 00:00:00","2023-07-27 00:00:00","Other","Universal mammal bait","None",NA,2085486,"S03_T18",0,"Camera Functioning","Knee height",NA,"Parallel",NA,NA,NA,NA,"Site_03",NA,NA,NA,NA,NA,2023-07-25 17:12:31,0,0,0,0
2004409,"S03_T18_2023","fb74f4c7-72ca-403c-9072-25da4bfdfb14","site_03__trap_18__2023-07-25__17-19-56(2).JPG","gs://145625598251_2004409_606_usyd_tfe_2022__main/deployment/2244953/prod/directUpload/fb74f4c7-72ca-403c-9072-25da4bfdfb14.JPG",0,"Reilly Seet","6e975946-43db-40cf-a4bb-2977319097a1","Mammalia","Dasyuromorphia","Dasyuridae","Antechinus","","Antechinus Species",NA,"2023-07-25 17:19:56",1,NA,NA,NA,NA,NA,NA,"false",NA,NA,"CC-BY-NC",2004409,"S03_T18",151.74005,-32.24221667,"2023-07-24 00:00:00","2023-07-27 00:00:00","Other","Universal mammal bait","None",NA,2085486,"S03_T18",0,"Camera Functioning","Knee height",NA,"Parallel",NA,NA,NA,NA,"Site_03",NA,NA,NA,NA,NA,2023-07-25 17:19:56,445,7,0.1,0
2004409,"S03_T18_2023","66d866d2-1f42-48c4-b57b-333a876f8075","site_03__trap_18__2023-07-26__00-15-50(2).JPG","gs://145625598251_2004409_606_usyd_tfe_2022__main/deployment/2244953/prod/directUpload/66d866d2-1f42-48c4-b57b-333a876f8075.JPG",0,"Reilly Seet","6e975946-43db-40cf-a4bb-2977319097a1","Mammalia","Dasyuromorphia","Dasyuridae","Antechinus","","Antechinus Species",NA,"2023-07-26 00:15:50",1,NA,NA,NA,NA,NA,NA,"false",NA,NA,"CC-BY-NC",2004409,"S03_T18",151.74005,-32.24221667,"2023-07-24 00:00:00","2023-07-27 00:00:00","Other","Universal mammal bait","None",NA,2085486,"S03_T18",0,"Camera Functioning","Knee height",NA,"Parallel",NA,NA,NA,NA,"Site_03",NA,NA,NA,NA,NA,2023-07-26 00:15:50,24954,416,6.9,0.3
2004409,"S03_T18_2023","89aa9dac-5fa1-48d3-a357-d94f469179c2","site_03__trap_18__2023-07-26__07-02-14(6).JPG","gs://145625598251_2004409_606_usyd_tfe_2022__main/deployment/2244953/prod/directUpload/89aa9dac-5fa1-48d3-a357-d94f469179c2.JPG",0,"Reilly Seet","6e975946-43db-40cf-a4bb-2977319097a1","Mammalia","Dasyuromorphia","Dasyuridae","Antechinus","","Antechinus Species",NA,"2023-07-26 07:02:14",1,NA,NA,NA,NA,NA,NA,"false",NA,NA,"CC-BY-NC",2004409,"S03_T18",151.74005,-32.24221667,"2023-07-24 00:00:00","2023-07-27 00:00:00","Other","Universal mammal bait","None",NA,2085486,"S03_T18",0,"Camera Functioning","Knee height",NA,"Parallel",NA,NA,NA,NA,"Site_03",NA,NA,NA,NA,NA,2023-07-26 07:02:14,24384,406,6.8,0.3
2004409,"S03_T18_2023","09fd01af-a8ba-4887-bffc-94f3a1c306ab","site_03__trap_18__2023-07-27__07-34-53(2).JPG","gs://145625598251_2004409_606_usyd_tfe_2022__main/deployment/2244953/prod/directUpload/09fd01af-a8ba-4887-bffc-94f3a1c306ab.JPG",0,"Reilly Seet","6e975946-43db-40cf-a4bb-2977319097a1","Mammalia","Dasyuromorphia","Dasyuridae","Antechinus","","Antechinus Species",NA,"2023-07-27 07:34:53",1,NA,NA,NA,NA,NA,NA,"false",NA,NA,"CC-BY-NC",2004409,"S03_T18",151.74005,-32.24221667,"2023-07-24 00:00:00","2023-07-27 00:00:00","Other","Universal mammal bait","None",NA,2085486,"S03_T18",0,"Camera Functioning","Knee height",NA,"Parallel",NA,NA,NA,NA,"Site_03",NA,NA,NA,NA,NA,2023-07-27 07:34:53,88359,1473,24.6,1
2004409,"S03_T18_2023","a80c8e75-f726-4688-98c2-158f7b2c0308","site_03__trap_18__2023-07-24__17-42-23(2).JPG","gs://145625598251_2004409_606_usyd_tfe_2022__main/deployment/2244953/prod/directUpload/a80c8e75-f726-4688-98c2-158f7b2c0308.JPG",0,"Reilly Seet","f97e5485-9bda-4eeb-83a3-d65ba57f410c","Mammalia","Rodentia","Muridae","Rattus","fuscipes","Bush Rat",NA,"2023-07-24 17:42:23",1,NA,NA,NA,NA,NA,NA,"false",NA,NA,"CC-BY-NC",2004409,"S03_T18",151.74005,-32.24221667,"2023-07-24 00:00:00","2023-07-27 00:00:00","Other","Universal mammal bait","None",NA,2085486,"S03_T18",0,"Camera Functioning","Knee height",NA,"Parallel",NA,NA,NA,NA,"Site_03",NA,NA,NA,NA,NA,2023-07-24 17:42:23,0,0,0,0
2004409,"S03_T18_2023","d5401e8d-e9fd-4f3a-a885-bc67f980a76c","site_03__trap_18__2023-07-24__19-33-00(1).JPG","gs://145625598251_2004409_606_usyd_tfe_2022__main/deployment/2244953/prod/directUpload/d5401e8d-e9fd-4f3a-a885-bc67f980a76c.JPG",0,"Reilly Seet","f97e5485-9bda-4eeb-83a3-d65ba57f410c","Mammalia","Rodentia","Muridae","Rattus","fuscipes","Bush Rat",NA,"2023-07-24 19:33:00",1,NA,NA,NA,NA,NA,NA,"false",NA,NA,"CC-BY-NC",2004409,"S03_T18",151.74005,-32.24221667,"2023-07-24 00:00:00","2023-07-27 00:00:00","Other","Universal mammal bait","None",NA,2085486,"S03_T18",0,"Camera Functioning","Knee height",NA,"Parallel",NA,NA,NA,NA,"Site_03",NA,NA,NA,NA,NA,2023-07-24 19:33:00,6637,111,1.9,0.1
2004409,"S03_T18_2023","7b28b136-46d1-4cad-904d-2b8b2a249e9e","site_03__trap_18__2023-07-25__19-13-06(2).JPG","gs://145625598251_2004409_606_usyd_tfe_2022__main/deployment/2244953/prod/directUpload/7b28b136-46d1-4cad-904d-2b8b2a249e9e.JPG",0,"Reilly Seet","f97e5485-9bda-4eeb-83a3-d65ba57f410c","Mammalia","Rodentia","Muridae","Rattus","fuscipes","Bush Rat",NA,"2023-07-25 19:13:06",1,NA,NA,NA,NA,NA,NA,"false",NA,NA,"CC-BY-NC",2004409,"S03_T18",151.74005,-32.24221667,"2023-07-24 00:00:00","2023-07-27 00:00:00","Other","Universal mammal bait","None",NA,2085486,"S03_T18",0,"Camera Functioning","Knee height",NA,"Parallel",NA,NA,NA,NA,"Site_03",NA,NA,NA,NA,NA,2023-07-25 19:13:06,85206,1420,23.7,1
2004409,"S03_T18_2023","8662750c-1bfa-49bb-986b-2394a3d30f9f","site_03__trap_18__2023-07-25__19-18-09(3).JPG","gs://145625598251_2004409_606_usyd_tfe_2022__main/deployment/2244953/prod/directUpload/8662750c-1bfa-49bb-986b-2394a3d30f9f.JPG",0,"Reilly Seet","f97e5485-9bda-4eeb-83a3-d65ba57f410c","Mammalia","Rodentia","Muridae","Rattus","fuscipes","Bush Rat",NA,"2023-07-25 19:18:09",1,NA,NA,NA,NA,NA,NA,"false",NA,NA,"CC-BY-NC",2004409,"S03_T18",151.74005,-32.24221667,"2023-07-24 00:00:00","2023-07-27 00:00:00","Other","Universal mammal bait","None",NA,2085486,"S03_T18",0,"Camera Functioning","Knee height",NA,"Parallel",NA,NA,NA,NA,"Site_03",NA,NA,NA,NA,NA,2023-07-25 19:18:09,303,5,0.1,0
2004409,"S03_T18_2023","924a21b2-c95d-4b4c-9d96-18cc868862f9","site_03__trap_18__2023-07-25__19-23-24(6).JPG","gs://145625598251_2004409_606_usyd_tfe_2022__main/deployment/2244953/prod/directUpload/924a21b2-c95d-4b4c-9d96-18cc868862f9.JPG",0,"Reilly Seet","f97e5485-9bda-4eeb-83a3-d65ba57f410c","Mammalia","Rodentia","Muridae","Rattus","fuscipes","Bush Rat",NA,"2023-07-25 19:23:24",1,NA,NA,NA,NA,NA,NA,"false",NA,NA,"CC-BY-NC",2004409,"S03_T18",151.74005,-32.24221667,"2023-07-24 00:00:00","2023-07-27 00:00:00","Other","Universal mammal bait","None",NA,2085486,"S03_T18",0,"Camera Functioning","Knee height",NA,"Parallel",NA,NA,NA,NA,"Site_03",NA,NA,NA,NA,NA,2023-07-25 19:23:24,315,5,0.1,0
2004409,"S03_T18_2023","9019c928-d3b8-4b97-ba7a-dc26b3a6ae56","site_03__trap_18__2023-07-25__19-29-39(2).JPG","gs://145625598251_2004409_606_usyd_tfe_2022__main/deployment/2244953/prod/directUpload/9019c928-d3b8-4b97-ba7a-dc26b3a6ae56.JPG",0,"Reilly Seet","f97e5485-9bda-4eeb-83a3-d65ba57f410c","Mammalia","Rodentia","Muridae","Rattus","fuscipes","Bush Rat",NA,"2023-07-25 19:29:39",1,NA,NA,NA,NA,NA,NA,"false",NA,NA,"CC-BY-NC",2004409,"S03_T18",151.74005,-32.24221667,"2023-07-24 00:00:00","2023-07-27 00:00:00","Other","Universal mammal bait","None",NA,2085486,"S03_T18",0,"Camera Functioning","Knee height",NA,"Parallel",NA,NA,NA,NA,"Site_03",NA,NA,NA,NA,NA,2023-07-25 19:29:39,375,6,0.1,0
2004409,"S03_T18_2023","5533e9cd-fe44-401c-98e8-b659c8f1694d","site_03__trap_18__2023-07-25__19-41-40(2).JPG","gs://145625598251_2004409_606_usyd_tfe_2022__main/deployment/2244953/prod/directUpload/5533e9cd-fe44-401c-98e8-b659c8f1694d.JPG",0,"Reilly Seet","f97e5485-9bda-4eeb-83a3-d65ba57f410c","Mammalia","Rodentia","Muridae","Rattus","fuscipes","Bush Rat",NA,"2023-07-25 19:41:40",1,NA,NA,NA,NA,NA,NA,"false",NA,NA,"CC-BY-NC",2004409,"S03_T18",151.74005,-32.24221667,"2023-07-24 00:00:00","2023-07-27 00:00:00","Other","Universal mammal bait","None",NA,2085486,"S03_T18",0,"Camera Functioning","Knee height",NA,"Parallel",NA,NA,NA,NA,"Site_03",NA,NA,NA,NA,NA,2023-07-25 19:41:40,721,12,0.2,0
2004409,"S03_T18_2023","6d4f0eeb-4021-4a51-bece-7863c3fe240d","site_03__trap_18__2023-07-25__20-03-28(2).JPG","gs://145625598251_2004409_606_usyd_tfe_2022__main/deployment/2244953/prod/directUpload/6d4f0eeb-4021-4a51-bece-7863c3fe240d.JPG",0,"Reilly Seet","f97e5485-9bda-4eeb-83a3-d65ba57f410c","Mammalia","Rodentia","Muridae","Rattus","fuscipes","Bush Rat",NA,"2023-07-25 20:03:28",1,NA,NA,NA,NA,NA,NA,"false",NA,NA,"CC-BY-NC",2004409,"S03_T18",151.74005,-32.24221667,"2023-07-24 00:00:00","2023-07-27 00:00:00","Other","Universal mammal bait","None",NA,2085486,"S03_T18",0,"Camera Functioning","Knee height",NA,"Parallel",NA,NA,NA,NA,"Site_03",NA,NA,NA,NA,NA,2023-07-25 20:03:28,1308,22,0.4,0
2004409,"S03_T18_2023","d6ff071d-24b7-4c96-afd3-872f7fae5814","site_03__trap_18__2023-07-25__20-30-30(2).JPG","gs://145625598251_2004409_606_usyd_tfe_2022__main/deployment/2244953/prod/directUpload/d6ff071d-24b7-4c96-afd3-872f7fae5814.JPG",0,"Reilly Seet","f97e5485-9bda-4eeb-83a3-d65ba57f410c","Mammalia","Rodentia","Muridae","Rattus","fuscipes","Bush Rat",NA,"2023-07-25 20:30:30",1,NA,NA,NA,NA,NA,NA,"false",NA,NA,"CC-BY-NC",2004409,"S03_T18",151.74005,-32.24221667,"2023-07-24 00:00:00","2023-07-27 00:00:00","Other","Universal mammal bait","None",NA,2085486,"S03_T18",0,"Camera Functioning","Knee height",NA,"Parallel",NA,NA,NA,NA,"Site_03",NA,NA,NA,NA,NA,2023-07-25 20:30:30,1622,27,0.4,0
2004409,"S03_T18_2023","e7caa586-f9af-402d-bd9c-a299b6e94190","site_03__trap_18__2023-07-25__20-43-10(2).JPG","gs://145625598251_2004409_606_usyd_tfe_2022__main/deployment/2244953/prod/directUpload/e7caa586-f9af-402d-bd9c-a299b6e94190.JPG",0,"Reilly Seet","00049ff0-2ffa-4d82-8cf3-c861fbbfa9d5","Mammalia","Rodentia","Muridae","Rattus","","Rattus Species",NA,"2023-07-25 20:43:10",1,NA,NA,NA,NA,NA,NA,"false",NA,NA,"CC-BY-NC",2004409,"S03_T18",151.74005,-32.24221667,"2023-07-24 00:00:00","2023-07-27 00:00:00","Other","Universal mammal bait","None",NA,2085486,"S03_T18",0,"Camera Functioning","Knee height",NA,"Parallel",NA,NA,NA,NA,"Site_03",NA,NA,NA,NA,NA,2023-07-25 20:43:10,0,0,0,0
2004409,"S03_T18_2023","5fa9b2a2-9195-4c69-bc7a-1cb0f3d8c508","site_03__trap_18__2023-07-25__21-37-42(2).JPG","gs://145625598251_2004409_606_usyd_tfe_2022__main/deployment/2244953/prod/directUpload/5fa9b2a2-9195-4c69-bc7a-1cb0f3d8c508.JPG",0,"Reilly Seet","00049ff0-2ffa-4d82-8cf3-c861fbbfa9d5","Mammalia","Rodentia","Muridae","Rattus","","Rattus Species",NA,"2023-07-25 21:37:42",1,NA,NA,NA,NA,NA,NA,"false",NA,NA,"CC-BY-NC",2004409,"S03_T18",151.74005,-32.24221667,"2023-07-24 00:00:00","2023-07-27 00:00:00","Other","Universal mammal bait","None",NA,2085486,"S03_T18",0,"Camera Functioning","Knee height",NA,"Parallel",NA,NA,NA,NA,"Site_03",NA,NA,NA,NA,NA,2023-07-25 21:37:42,3272,55,0.9,0
2004409,"S03_T18_2023","f4a421a9-072a-4915-9e20-f75bc352339d","site_03__trap_18__2023-07-25__21-43-00(1).JPG","gs://145625598251_2004409_606_usyd_tfe_2022__main/deployment/2244953/prod/directUpload/f4a421a9-072a-4915-9e20-f75bc352339d.JPG",0,"Reilly Seet","00049ff0-2ffa-4d82-8cf3-c861fbbfa9d5","Mammalia","Rodentia","Muridae","Rattus","","Rattus Species",NA,"2023-07-25 21:43:00",1,NA,NA,NA,NA,NA,NA,"false",NA,NA,"CC-BY-NC",2004409,"S03_T18",151.74005,-32.24221667,"2023-07-24 00:00:00","2023-07-27 00:00:00","Other","Universal mammal bait","None",NA,2085486,"S03_T18",0,"Camera Functioning","Knee height",NA,"Parallel",NA,NA,NA,NA,"Site_03",NA,NA,NA,NA,NA,2023-07-25 21:43:00,318,5,0.1,0
2004409,"S03_T18_2023","e9dc9cd7-c081-45e5-a161-3556abf4d577","site_03__trap_18__2023-07-25__21-49-00(1).JPG","gs://145625598251_2004409_606_usyd_tfe_2022__main/deployment/2244953/prod/directUpload/e9dc9cd7-c081-45e5-a161-3556abf4d577.JPG",0,"Reilly Seet","00049ff0-2ffa-4d82-8cf3-c861fbbfa9d5","Mammalia","Rodentia","Muridae","Rattus","","Rattus Species",NA,"2023-07-25 21:49:00",1,NA,NA,NA,NA,NA,NA,"false",NA,NA,"CC-BY-NC",2004409,"S03_T18",151.74005,-32.24221667,"2023-07-24 00:00:00","2023-07-27 00:00:00","Other","Universal mammal bait","None",NA,2085486,"S03_T18",0,"Camera Functioning","Knee height",NA,"Parallel",NA,NA,NA,NA,"Site_03",NA,NA,NA,NA,NA,2023-07-25 21:49:00,360,6,0.1,0
2004409,"S03_T18_2023","4206b49e-3da0-44c5-afeb-3eff511fff04","site_03__trap_18__2023-07-25__21-55-00(1).JPG","gs://145625598251_2004409_606_usyd_tfe_2022__main/deployment/2244953/prod/directUpload/4206b49e-3da0-44c5-afeb-3eff511fff04.JPG",0,"Reilly Seet","00049ff0-2ffa-4d82-8cf3-c861fbbfa9d5","Mammalia","Rodentia","Muridae","Rattus","","Rattus Species",NA,"2023-07-25 21:55:00",1,NA,NA,NA,NA,NA,NA,"false",NA,NA,"CC-BY-NC",2004409,"S03_T18",151.74005,-32.24221667,"2023-07-24 00:00:00","2023-07-27 00:00:00","Other","Universal mammal bait","None",NA,2085486,"S03_T18",0,"Camera Functioning","Knee height",NA,"Parallel",NA,NA,NA,NA,"Site_03",NA,NA,NA,NA,NA,2023-07-25 21:55:00,360,6,0.1,0
2004409,"S03_T18_2023","183dea23-906d-4434-a49f-8f8869753805","site_03__trap_18__2023-07-25__22-01-00(1).JPG","gs://145625598251_2004409_606_usyd_tfe_2022__main/deployment/2244953/prod/directUpload/183dea23-906d-4434-a49f-8f8869753805.JPG",0,"Reilly Seet","00049ff0-2ffa-4d82-8cf3-c861fbbfa9d5","Mammalia","Rodentia","Muridae","Rattus","","Rattus Species",NA,"2023-07-25 22:01:00",1,NA,NA,NA,NA,NA,NA,"false",NA,NA,"CC-BY-NC",2004409,"S03_T18",151.74005,-32.24221667,"2023-07-24 00:00:00","2023-07-27 00:00:00","Other","Universal mammal bait","None",NA,2085486,"S03_T18",0,"Camera Functioning","Knee height",NA,"Parallel",NA,NA,NA,NA,"Site_03",NA,NA,NA,NA,NA,2023-07-25 22:01:00,360,6,0.1,0
2004409,"S03_T18_2023","e794319a-b014-4ee0-ad59-db9008e3be4b","site_03__trap_18__2023-07-25__22-07-00(1).JPG","gs://145625598251_2004409_606_usyd_tfe_2022__main/deployment/2244953/prod/directUpload/e794319a-b014-4ee0-ad59-db9008e3be4b.JPG",0,"Reilly Seet","00049ff0-2ffa-4d82-8cf3-c861fbbfa9d5","Mammalia","Rodentia","Muridae","Rattus","","Rattus Species",NA,"2023-07-25 22:07:00",1,NA,NA,NA,NA,NA,NA,"false",NA,NA,"CC-BY-NC",2004409,"S03_T18",151.74005,-32.24221667,"2023-07-24 00:00:00","2023-07-27 00:00:00","Other","Universal mammal bait","None",NA,2085486,"S03_T18",0,"Camera Functioning","Knee height",NA,"Parallel",NA,NA,NA,NA,"Site_03",NA,NA,NA,NA,NA,2023-07-25 22:07:00,360,6,0.1,0
2004409,"S03_T18_2023","96fa3619-a4fd-42e3-beef-d7f13f4768f6","site_03__trap_18__2023-07-25__22-13-00(1).JPG","gs://145625598251_2004409_606_usyd_tfe_2022__main/deployment/2244953/prod/directUpload/96fa3619-a4fd-42e3-beef-d7f13f4768f6.JPG",0,"Reilly Seet","00049ff0-2ffa-4d82-8cf3-c861fbbfa9d5","Mammalia","Rodentia","Muridae","Rattus","","Rattus Species",NA,"2023-07-25 22:13:00",1,NA,NA,NA,NA,NA,NA,"false",NA,NA,"CC-BY-NC",2004409,"S03_T18",151.74005,-32.24221667,"2023-07-24 00:00:00","2023-07-27 00:00:00","Other","Universal mammal bait","None",NA,2085486,"S03_T18",0,"Camera Functioning","Knee height",NA,"Parallel",NA,NA,NA,NA,"Site_03",NA,NA,NA,NA,NA,2023-07-25 22:13:00,360,6,0.1,0
2004409,"S03_T18_2023","c7c81414-8032-4d3f-bff6-5f4f29659c64","site_03__trap_18__2023-07-26__00-59-47(2).JPG","gs://145625598251_2004409_606_usyd_tfe_2022__main/deployment/2244953/prod/directUpload/c7c81414-8032-4d3f-bff6-5f4f29659c64.JPG",0,"Reilly Seet","00049ff0-2ffa-4d82-8cf3-c861fbbfa9d5","Mammalia","Rodentia","Muridae","Rattus","","Rattus Species",NA,"2023-07-26 00:59:47",1,NA,NA,NA,NA,NA,NA,"false",NA,NA,"CC-BY-NC",2004409,"S03_T18",151.74005,-32.24221667,"2023-07-24 00:00:00","2023-07-27 00:00:00","Other","Universal mammal bait","None",NA,2085486,"S03_T18",0,"Camera Functioning","Knee height",NA,"Parallel",NA,NA,NA,NA,"Site_03",NA,NA,NA,NA,NA,2023-07-26 00:59:47,10007,167,2.8,0.1
2004409,"S03_T18_2023","9dce903b-0c53-47b6-a5f9-63b7054e8d6b","site_03__trap_18__2023-07-26__02-46-26(2).JPG","gs://145625598251_2004409_606_usyd_tfe_2022__main/deployment/2244953/prod/directUpload/9dce903b-0c53-47b6-a5f9-63b7054e8d6b.JPG",0,"Reilly Seet","00049ff0-2ffa-4d82-8cf3-c861fbbfa9d5","Mammalia","Rodentia","Muridae","Rattus","","Rattus Species",NA,"2023-07-26 02:46:26",1,NA,NA,NA,NA,NA,NA,"false",NA,NA,"CC-BY-NC",2004409,"S03_T18",151.74005,-32.24221667,"2023-07-24 00:00:00","2023-07-27 00:00:00","Other","Universal mammal bait","None",NA,2085486,"S03_T18",0,"Camera Functioning","Knee height",NA,"Parallel",NA,NA,NA,NA,"Site_03",NA,NA,NA,NA,NA,2023-07-26 02:46:26,6399,107,1.8,0.1
2004409,"S03_T18_2023","fadad456-af54-457e-9d8d-fa93d95f02ee","site_03__trap_18__2023-07-26__02-51-54(2).JPG","gs://145625598251_2004409_606_usyd_tfe_2022__main/deployment/2244953/prod/directUpload/fadad456-af54-457e-9d8d-fa93d95f02ee.JPG",0,"Reilly Seet","00049ff0-2ffa-4d82-8cf3-c861fbbfa9d5","Mammalia","Rodentia","Muridae","Rattus","","Rattus Species",NA,"2023-07-26 02:51:54",1,NA,NA,NA,NA,NA,NA,"false",NA,NA,"CC-BY-NC",2004409,"S03_T18",151.74005,-32.24221667,"2023-07-24 00:00:00","2023-07-27 00:00:00","Other","Universal mammal bait","None",NA,2085486,"S03_T18",0,"Camera Functioning","Knee height",NA,"Parallel",NA,NA,NA,NA,"Site_03",NA,NA,NA,NA,NA,2023-07-26 02:51:54,328,5,0.1,0
2004409,"S03_T18_2023","b84873b0-cbb6-41b8-a965-30e55cbd2ec4","site_03__trap_18__2023-07-26__02-58-04(2).JPG","gs://145625598251_2004409_606_usyd_tfe_2022__main/deployment/2244953/prod/directUpload/b84873b0-cbb6-41b8-a965-30e55cbd2ec4.JPG",0,"Reilly Seet","00049ff0-2ffa-4d82-8cf3-c861fbbfa9d5","Mammalia","Rodentia","Muridae","Rattus","","Rattus Species",NA,"2023-07-26 02:58:04",1,NA,NA,NA,NA,NA,NA,"false",NA,NA,"CC-BY-NC",2004409,"S03_T18",151.74005,-32.24221667,"2023-07-24 00:00:00","2023-07-27 00:00:00","Other","Universal mammal bait","None",NA,2085486,"S03_T18",0,"Camera Functioning","Knee height",NA,"Parallel",NA,NA,NA,NA,"Site_03",NA,NA,NA,NA,NA,2023-07-26 02:58:04,370,6,0.1,0
2004409,"S03_T18_2023","f3288244-3516-4113-aeea-b2f8ed1595f1","site_03__trap_18__2023-07-26__03-23-40(2).JPG","gs://145625598251_2004409_606_usyd_tfe_2022__main/deployment/2244953/prod/directUpload/f3288244-3516-4113-aeea-b2f8ed1595f1.JPG",0,"Reilly Seet","00049ff0-2ffa-4d82-8cf3-c861fbbfa9d5","Mammalia","Rodentia","Muridae","Rattus","","Rattus Species",NA,"2023-07-26 03:23:40",1,NA,NA,NA,NA,NA,NA,"false",NA,NA,"CC-BY-NC",2004409,"S03_T18",151.74005,-32.24221667,"2023-07-24 00:00:00","2023-07-27 00:00:00","Other","Universal mammal bait","None",NA,2085486,"S03_T18",0,"Camera Functioning","Knee height",NA,"Parallel",NA,NA,NA,NA,"Site_03",NA,NA,NA,NA,NA,2023-07-26 03:23:40,1536,26,0.4,0
2004409,"S03_T18_2023","3bb44098-c2ed-4e66-b648-8a2f0d1fa981","site_03__trap_18__2023-07-26__03-28-46(3).JPG","gs://145625598251_2004409_606_usyd_tfe_2022__main/deployment/2244953/prod/directUpload/3bb44098-c2ed-4e66-b648-8a2f0d1fa981.JPG",0,"Reilly Seet","00049ff0-2ffa-4d82-8cf3-c861fbbfa9d5","Mammalia","Rodentia","Muridae","Rattus","","Rattus Species",NA,"2023-07-26 03:28:46",1,NA,NA,NA,NA,NA,NA,"false",NA,NA,"CC-BY-NC",2004409,"S03_T18",151.74005,-32.24221667,"2023-07-24 00:00:00","2023-07-27 00:00:00","Other","Universal mammal bait","None",NA,2085486,"S03_T18",0,"Camera Functioning","Knee height",NA,"Parallel",NA,NA,NA,NA,"Site_03",NA,NA,NA,NA,NA,2023-07-26 03:28:46,306,5,0.1,0
2004409,"S03_T18_2023","e2b23e42-5c03-4c6e-b6a2-b951b97d1669","site_03__trap_18__2023-07-26__05-34-27(2).JPG","gs://145625598251_2004409_606_usyd_tfe_2022__main/deployment/2244953/prod/directUpload/e2b23e42-5c03-4c6e-b6a2-b951b97d1669.JPG",0,"Reilly Seet","00049ff0-2ffa-4d82-8cf3-c861fbbfa9d5","Mammalia","Rodentia","Muridae","Rattus","","Rattus Species",NA,"2023-07-26 05:34:27",1,NA,NA,NA,NA,NA,NA,"false",NA,NA,"CC-BY-NC",2004409,"S03_T18",151.74005,-32.24221667,"2023-07-24 00:00:00","2023-07-27 00:00:00","Other","Universal mammal bait","None",NA,2085486,"S03_T18",0,"Camera Functioning","Knee height",NA,"Parallel",NA,NA,NA,NA,"Site_03",NA,NA,NA,NA,NA,2023-07-26 05:34:27,7541,126,2.1,0.1
2004409,"S03_T18_2023","591fb2d5-7567-4590-bb3f-1e9d24f806b2","site_03__trap_18__2023-07-26__17-29-13(3).JPG","gs://145625598251_2004409_606_usyd_tfe_2022__main/deployment/2244953/prod/directUpload/591fb2d5-7567-4590-bb3f-1e9d24f806b2.JPG",0,"Reilly Seet","00049ff0-2ffa-4d82-8cf3-c861fbbfa9d5","Mammalia","Rodentia","Muridae","Rattus","","Rattus Species",NA,"2023-07-26 17:29:13",1,NA,NA,NA,NA,NA,NA,"false",NA,NA,"CC-BY-NC",2004409,"S03_T18",151.74005,-32.24221667,"2023-07-24 00:00:00","2023-07-27 00:00:00","Other","Universal mammal bait","None",NA,2085486,"S03_T18",0,"Camera Functioning","Knee height",NA,"Parallel",NA,NA,NA,NA,"Site_03",NA,NA,NA,NA,NA,2023-07-26 17:29:13,42886,715,11.9,0.5
2004409,"S03_T18_2023","3bfd739f-0eb0-4c21-9752-b9a3e0a4c3e4","site_03__trap_18__2023-07-27__01-51-33(2).JPG","gs://145625598251_2004409_606_usyd_tfe_2022__main/deployment/2244953/prod/directUpload/3bfd739f-0eb0-4c21-9752-b9a3e0a4c3e4.JPG",0,"Reilly Seet","00049ff0-2ffa-4d82-8cf3-c861fbbfa9d5","Mammalia","Rodentia","Muridae","Rattus","","Rattus Species",NA,"2023-07-27 01:51:33",1,NA,NA,NA,NA,NA,NA,"false",NA,NA,"CC-BY-NC",2004409,"S03_T18",151.74005,-32.24221667,"2023-07-24 00:00:00","2023-07-27 00:00:00","Other","Universal mammal bait","None",NA,2085486,"S03_T18",0,"Camera Functioning","Knee height",NA,"Parallel",NA,NA,NA,NA,"Site_03",NA,NA,NA,NA,NA,2023-07-27 01:51:33,30140,502,8.4,0.4
2004409,"S03_T18_2023","1885a113-887c-4d0d-a575-515d47835fc7","site_03__trap_18__2023-07-27__01-57-00(1).JPG","gs://145625598251_2004409_606_usyd_tfe_2022__main/deployment/2244953/prod/directUpload/1885a113-887c-4d0d-a575-515d47835fc7.JPG",0,"Reilly Seet","00049ff0-2ffa-4d82-8cf3-c861fbbfa9d5","Mammalia","Rodentia","Muridae","Rattus","","Rattus Species",NA,"2023-07-27 01:57:00",1,NA,NA,NA,NA,NA,NA,"false",NA,NA,"CC-BY-NC",2004409,"S03_T18",151.74005,-32.24221667,"2023-07-24 00:00:00","2023-07-27 00:00:00","Other","Universal mammal bait","None",NA,2085486,"S03_T18",0,"Camera Functioning","Knee height",NA,"Parallel",NA,NA,NA,NA,"Site_03",NA,NA,NA,NA,NA,2023-07-27 01:57:00,327,5,0.1,0
2004409,"S03_T18_2023","a4008d6f-30b2-4e40-aa2c-c981bca58cda","site_03__trap_18__2023-07-27__02-04-00(1).JPG","gs://145625598251_2004409_606_usyd_tfe_2022__main/deployment/2244953/prod/directUpload/a4008d6f-30b2-4e40-aa2c-c981bca58cda.JPG",0,"Reilly Seet","00049ff0-2ffa-4d82-8cf3-c861fbbfa9d5","Mammalia","Rodentia","Muridae","Rattus","","Rattus Species",NA,"2023-07-27 02:04:00",1,NA,NA,NA,NA,NA,NA,"false",NA,NA,"CC-BY-NC",2004409,"S03_T18",151.74005,-32.24221667,"2023-07-24 00:00:00","2023-07-27 00:00:00","Other","Universal mammal bait","None",NA,2085486,"S03_T18",0,"Camera Functioning","Knee height",NA,"Parallel",NA,NA,NA,NA,"Site_03",NA,NA,NA,NA,NA,2023-07-27 02:04:00,420,7,0.1,0
2004409,"S03_T18_2023","865d76e0-0a41-46d9-84c9-32bab2995384","site_03__trap_18__2023-07-27__02-10-00(1).JPG","gs://145625598251_2004409_606_usyd_tfe_2022__main/deployment/2244953/prod/directUpload/865d76e0-0a41-46d9-84c9-32bab2995384.JPG",0,"Reilly Seet","00049ff0-2ffa-4d82-8cf3-c861fbbfa9d5","Mammalia","Rodentia","Muridae","Rattus","","Rattus Species",NA,"2023-07-27 02:10:00",1,NA,NA,NA,NA,NA,NA,"false",NA,NA,"CC-BY-NC",2004409,"S03_T18",151.74005,-32.24221667,"2023-07-24 00:00:00","2023-07-27 00:00:00","Other","Universal mammal bait","None",NA,2085486,"S03_T18",0,"Camera Functioning","Knee height",NA,"Parallel",NA,NA,NA,NA,"Site_03",NA,NA,NA,NA,NA,2023-07-27 02:10:00,360,6,0.1,0
2004409,"S03_T18_2023","de6398cc-2c12-460e-80a8-a47ef66f7f9e","site_03__trap_18__2023-07-27__02-42-53(5).JPG","gs://145625598251_2004409_606_usyd_tfe_2022__main/deployment/2244953/prod/directUpload/de6398cc-2c12-460e-80a8-a47ef66f7f9e.JPG",0,"Reilly Seet","00049ff0-2ffa-4d82-8cf3-c861fbbfa9d5","Mammalia","Rodentia","Muridae","Rattus","","Rattus Species",NA,"2023-07-27 02:42:53",1,NA,NA,NA,NA,NA,NA,"false",NA,NA,"CC-BY-NC",2004409,"S03_T18",151.74005,-32.24221667,"2023-07-24 00:00:00","2023-07-27 00:00:00","Other","Universal mammal bait","None",NA,2085486,"S03_T18",0,"Camera Functioning","Knee height",NA,"Parallel",NA,NA,NA,NA,"Site_03",NA,NA,NA,NA,NA,2023-07-27 02:42:53,1973,33,0.6,0
2004409,"S03_T18_2023","2e466aa0-15d6-4952-a5a9-02b5777ed55b","site_03__trap_18__2023-07-26__12-06-09(2).JPG","gs://145625598251_2004409_606_usyd_tfe_2022__main/deployment/2244953/prod/directUpload/2e466aa0-15d6-4952-a5a9-02b5777ed55b.JPG",0,"Reilly Seet","d8cabc3b-7bbe-45b0-b9a9-600e114d189b","Mammalia","","","","","Small Mammal",NA,"2023-07-26 12:06:09",1,NA,NA,NA,NA,NA,NA,"false",NA,NA,"CC-BY-NC",2004409,"S03_T18",151.74005,-32.24221667,"2023-07-24 00:00:00","2023-07-27 00:00:00","Other","Universal mammal bait","None",NA,2085486,"S03_T18",0,"Camera Functioning","Knee height",NA,"Parallel",NA,NA,NA,NA,"Site_03",NA,NA,NA,NA,NA,2023-07-26 12:06:09,0,0,0,0
2004409,"S03_T20_2023","8255bc1a-ddc1-4831-aad2-7eb9c0ccf7d6","site_03__trap_20__2023-07-24__22-17-42(2).JPG","gs://145625598251_2004409_606_usyd_tfe_2022__main/deployment/2244954/prod/directUpload/8255bc1a-ddc1-4831-aad2-7eb9c0ccf7d6.JPG",0,"Bethan Waddington","6e975946-43db-40cf-a4bb-2977319097a1","Mammalia","Dasyuromorphia","Dasyuridae","Antechinus","","Antechinus Species",NA,"2023-07-24 22:17:42",1,NA,NA,NA,NA,NA,NA,"false",NA,NA,"CC-BY-NC",2004409,"S03_T20",151.7401333,-32.24205,"2023-07-24 00:00:00","2023-07-27 00:00:00","Other","Universal mammal bait","None",NA,2085487,"S03_T20",0,"Camera Functioning","Knee height",NA,"Parallel",NA,NA,NA,NA,"Site_03",NA,NA,NA,NA,NA,2023-07-24 22:17:42,0,0,0,0
2004409,"S03_T20_2023","bc83204e-3a2e-4774-b9d3-dc9bb7f6c339","site_03__trap_20__2023-07-27__00-23-07(2).JPG","gs://145625598251_2004409_606_usyd_tfe_2022__main/deployment/2244954/prod/directUpload/bc83204e-3a2e-4774-b9d3-dc9bb7f6c339.JPG",0,"Alec Boal","9880b662-dc21-453b-aa2f-dd97338f623b","Mammalia","Rodentia","Muridae","","","Muridae Family",NA,"2023-07-27 00:23:07",1,NA,NA,NA,NA,NA,NA,"false",NA,NA,"CC-BY-NC",2004409,"S03_T20",151.7401333,-32.24205,"2023-07-24 00:00:00","2023-07-27 00:00:00","Other","Universal mammal bait","None",NA,2085487,"S03_T20",0,"Camera Functioning","Knee height",NA,"Parallel",NA,NA,NA,NA,"Site_03",NA,NA,NA,NA,NA,2023-07-27 00:23:07,0,0,0,0
2004409,"S03_T20_2023","7ed5d6bc-f3a2-4988-a616-ea35b9d19c4d","site_03__trap_20__2023-07-24__20-21-34(2).JPG","gs://145625598251_2004409_606_usyd_tfe_2022__main/deployment/2244954/prod/directUpload/7ed5d6bc-f3a2-4988-a616-ea35b9d19c4d.JPG",0,"Bethan Waddington","00049ff0-2ffa-4d82-8cf3-c861fbbfa9d5","Mammalia","Rodentia","Muridae","Rattus","","Rattus Species",NA,"2023-07-24 20:21:34",1,NA,NA,NA,NA,NA,NA,"false",NA,NA,"CC-BY-NC",2004409,"S03_T20",151.7401333,-32.24205,"2023-07-24 00:00:00","2023-07-27 00:00:00","Other","Universal mammal bait","None",NA,2085487,"S03_T20",0,"Camera Functioning","Knee height",NA,"Parallel",NA,NA,NA,NA,"Site_03",NA,NA,NA,NA,NA,2023-07-24 20:21:34,0,0,0,0
2004409,"S03_T20_2023","139d1c66-3d6b-4448-8263-17cc54380c43","site_03__trap_20__2023-07-24__20-59-35(2).JPG","gs://145625598251_2004409_606_usyd_tfe_2022__main/deployment/2244954/prod/directUpload/139d1c66-3d6b-4448-8263-17cc54380c43.JPG",0,"Bethan Waddington","00049ff0-2ffa-4d82-8cf3-c861fbbfa9d5","Mammalia","Rodentia","Muridae","Rattus","","Rattus Species",NA,"2023-07-24 20:59:35",1,NA,NA,NA,NA,NA,NA,"false",NA,NA,"CC-BY-NC",2004409,"S03_T20",151.7401333,-32.24205,"2023-07-24 00:00:00","2023-07-27 00:00:00","Other","Universal mammal bait","None",NA,2085487,"S03_T20",0,"Camera Functioning","Knee height",NA,"Parallel",NA,NA,NA,NA,"Site_03",NA,NA,NA,NA,NA,2023-07-24 20:59:35,2281,38,0.6,0
2004409,"S03_T20_2023","67df4079-651e-4a09-b431-5b8621594649","site_03__trap_20__2023-07-27__00-23-00(1).JPG","gs://145625598251_2004409_606_usyd_tfe_2022__main/deployment/2244954/prod/directUpload/67df4079-651e-4a09-b431-5b8621594649.JPG",0,"Alec Boal","00049ff0-2ffa-4d82-8cf3-c861fbbfa9d5","Mammalia","Rodentia","Muridae","Rattus","","Rattus Species",NA,"2023-07-27 00:23:00",1,NA,NA,NA,NA,NA,NA,"false",NA,NA,"CC-BY-NC",2004409,"S03_T20",151.7401333,-32.24205,"2023-07-24 00:00:00","2023-07-27 00:00:00","Other","Universal mammal bait","None",NA,2085487,"S03_T20",0,"Camera Functioning","Knee height",NA,"Parallel",NA,NA,NA,NA,"Site_03",NA,NA,NA,NA,NA,2023-07-27 00:23:00,185005,3083,51.4,2.1
2004409,"S03_T20_2023","c7261f3f-a84f-4138-89a3-c35790d47674","site_03__trap_20__2023-07-27__00-23-37(8).JPG","gs://145625598251_2004409_606_usyd_tfe_2022__main/deployment/2244954/prod/directUpload/c7261f3f-a84f-4138-89a3-c35790d47674.JPG",0,"Alec Boal","90d950db-2106-4bd9-a4c1-777604c3eada","Mammalia","Rodentia","","","","Rodent",NA,"2023-07-27 00:23:37",1,NA,NA,NA,NA,NA,NA,"false",NA,NA,"CC-BY-NC",2004409,"S03_T20",151.7401333,-32.24205,"2023-07-24 00:00:00","2023-07-27 00:00:00","Other","Universal mammal bait","None",NA,2085487,"S03_T20",0,"Camera Functioning","Knee height",NA,"Parallel",NA,NA,NA,NA,"Site_03",NA,NA,NA,NA,NA,2023-07-27 00:23:37,0,0,0,0
2004409,"S03_T22_2023","15f85f71-4dad-4203-8d5c-efb1e59ef552","site_03__trap_22__2023-07-24__18-52-22(1).JPG","gs://145625598251_2004409_606_usyd_tfe_2022__main/deployment/2244955/prod/directUpload/15f85f71-4dad-4203-8d5c-efb1e59ef552.JPG",0,"Niamh Ryan","00049ff0-2ffa-4d82-8cf3-c861fbbfa9d5","Mammalia","Rodentia","Muridae","Rattus","","Rattus Species",NA,"2023-07-24 18:52:22",1,NA,NA,NA,NA,NA,NA,"false",NA,NA,"CC-BY-NC",2004409,"S03_T22",151.7404167,-32.24188333,"2023-07-24 00:00:00","2023-07-27 00:00:00","Other","Universal mammal bait","None",NA,2085488,"S03_T22",0,"Camera Functioning","Knee height",NA,"Parallel",NA,NA,NA,NA,"Site_03",NA,NA,NA,NA,NA,2023-07-24 18:52:22,0,0,0,0
2004409,"S03_T22_2023","b2dd0450-cb73-48ec-808a-d3ca2d02135e","site_03__trap_22__2023-07-25__22-17-07(1).JPG","gs://145625598251_2004409_606_usyd_tfe_2022__main/deployment/2244955/prod/directUpload/b2dd0450-cb73-48ec-808a-d3ca2d02135e.JPG",0,"Niamh Ryan","00049ff0-2ffa-4d82-8cf3-c861fbbfa9d5","Mammalia","Rodentia","Muridae","Rattus","","Rattus Species",NA,"2023-07-25 22:17:07",1,NA,NA,NA,NA,NA,NA,"false",NA,NA,"CC-BY-NC",2004409,"S03_T22",151.7404167,-32.24188333,"2023-07-24 00:00:00","2023-07-27 00:00:00","Other","Universal mammal bait","None",NA,2085488,"S03_T22",0,"Camera Functioning","Knee height",NA,"Parallel",NA,NA,NA,NA,"Site_03",NA,NA,NA,NA,NA,2023-07-25 22:17:07,98685,1645,27.4,1.1
2004409,"S03_T22_2023","f81a015c-2e84-4c63-a9fb-d74f9027f0c9","site_03__trap_22__2023-07-26__17-10-27(1).JPG","gs://145625598251_2004409_606_usyd_tfe_2022__main/deployment/2244955/prod/directUpload/f81a015c-2e84-4c63-a9fb-d74f9027f0c9.JPG",0,"Niamh Ryan","00049ff0-2ffa-4d82-8cf3-c861fbbfa9d5","Mammalia","Rodentia","Muridae","Rattus","","Rattus Species",NA,"2023-07-26 17:10:27",1,NA,NA,NA,NA,NA,NA,"false",NA,NA,"CC-BY-NC",2004409,"S03_T22",151.7404167,-32.24188333,"2023-07-24 00:00:00","2023-07-27 00:00:00","Other","Universal mammal bait","None",NA,2085488,"S03_T22",0,"Camera Functioning","Knee height",NA,"Parallel",NA,NA,NA,NA,"Site_03",NA,NA,NA,NA,NA,2023-07-26 17:10:27,68000,1133,18.9,0.8
2004409,"S03_T22_2023","0020c75e-8a2a-45a4-8eff-78ff6be040b0","site_03__trap_22__2023-07-27__01-07-21(1).JPG","gs://145625598251_2004409_606_usyd_tfe_2022__main/deployment/2244955/prod/directUpload/0020c75e-8a2a-45a4-8eff-78ff6be040b0.JPG",0,"Niamh Ryan","00049ff0-2ffa-4d82-8cf3-c861fbbfa9d5","Mammalia","Rodentia","Muridae","Rattus","","Rattus Species",NA,"2023-07-27 01:07:21",1,NA,NA,NA,NA,NA,NA,"false",NA,NA,"CC-BY-NC",2004409,"S03_T22",151.7404167,-32.24188333,"2023-07-24 00:00:00","2023-07-27 00:00:00","Other","Universal mammal bait","None",NA,2085488,"S03_T22",0,"Camera Functioning","Knee height",NA,"Parallel",NA,NA,NA,NA,"Site_03",NA,NA,NA,NA,NA,2023-07-27 01:07:21,28614,477,8,0.3
2004409,"S03_T24_2023","0c01871a-ef60-4c82-9a7b-28ddfa624176","site_03__trap_24__2022-07-25__19-12-06(1).JPG","gs://145625598251_2004409_606_usyd_tfe_2022__main/deployment/2244956/prod/directUpload/0c01871a-ef60-4c82-9a7b-28ddfa624176.JPG",0,"Kai Cheng  Lim","6ccf0c56-72ce-49c5-84bd-3aca403c1b26","Mammalia","Dasyuromorphia","Dasyuridae","Antechinus","stuartii","Brown Antechinus",NA,"2022-07-25 19:12:06",1,NA,NA,NA,NA,NA,NA,"false",NA,NA,"CC-BY-NC",2004409,"S03_T24",151.7406167,-32.24191667,"2023-07-24 00:00:00","2023-07-27 00:00:00","Other","Universal mammal bait","None",NA,2085489,"S03_T24",0,"Camera Functioning","Knee height",NA,"Parallel",NA,NA,NA,NA,"Site_03",NA,NA,NA,NA,NA,2022-07-25 19:12:06,0,0,0,0
2004409,"S03_T24_2023","f04ab728-268a-4c18-93fa-0ee2eeab4b20","site_03__trap_24__2022-07-25__23-24-27(1).JPG","gs://145625598251_2004409_606_usyd_tfe_2022__main/deployment/2244956/prod/directUpload/f04ab728-268a-4c18-93fa-0ee2eeab4b20.JPG",0,"Kai Cheng  Lim","f97e5485-9bda-4eeb-83a3-d65ba57f410c","Mammalia","Rodentia","Muridae","Rattus","fuscipes","Bush Rat",NA,"2022-07-25 23:24:27",1,NA,NA,NA,NA,NA,NA,"false",NA,NA,"CC-BY-NC",2004409,"S03_T24",151.7406167,-32.24191667,"2023-07-24 00:00:00","2023-07-27 00:00:00","Other","Universal mammal bait","None",NA,2085489,"S03_T24",0,"Camera Functioning","Knee height",NA,"Parallel",NA,NA,NA,NA,"Site_03",NA,NA,NA,NA,NA,2022-07-25 23:24:27,0,0,0,0
2004409,"S03_T24_2023","fdbbc962-10f6-4f86-b304-7d466b4b960c","site_03__trap_24__2022-07-26__02-59-05(1).JPG","gs://145625598251_2004409_606_usyd_tfe_2022__main/deployment/2244956/prod/directUpload/fdbbc962-10f6-4f86-b304-7d466b4b960c.JPG",0,"Kai Cheng  Lim","f97e5485-9bda-4eeb-83a3-d65ba57f410c","Mammalia","Rodentia","Muridae","Rattus","fuscipes","Bush Rat",NA,"2022-07-26 02:59:05",1,NA,NA,NA,NA,NA,NA,"false",NA,NA,"CC-BY-NC",2004409,"S03_T24",151.7406167,-32.24191667,"2023-07-24 00:00:00","2023-07-27 00:00:00","Other","Universal mammal bait","None",NA,2085489,"S03_T24",0,"Camera Functioning","Knee height",NA,"Parallel",NA,NA,NA,NA,"Site_03",NA,NA,NA,NA,NA,2022-07-26 02:59:05,12878,215,3.6,0.1
2004409,"S03_T24_2023","ce334882-5dba-4897-b841-fcd9542663ba","site_03__trap_24__2022-07-26__05-32-43(2).JPG","gs://145625598251_2004409_606_usyd_tfe_2022__main/deployment/2244956/prod/directUpload/ce334882-5dba-4897-b841-fcd9542663ba.JPG",0,"Kai Cheng  Lim","f97e5485-9bda-4eeb-83a3-d65ba57f410c","Mammalia","Rodentia","Muridae","Rattus","fuscipes","Bush Rat",NA,"2022-07-26 05:32:43",1,NA,NA,NA,NA,NA,NA,"false",NA,NA,"CC-BY-NC",2004409,"S03_T24",151.7406167,-32.24191667,"2023-07-24 00:00:00","2023-07-27 00:00:00","Other","Universal mammal bait","None",NA,2085489,"S03_T24",0,"Camera Functioning","Knee height",NA,"Parallel",NA,NA,NA,NA,"Site_03",NA,NA,NA,NA,NA,2022-07-26 05:32:43,9218,154,2.6,0.1
2004409,"S03_T24_2023","93c45dd5-a22b-4664-9215-64d6903958e7","site_03__trap_24__2022-07-26__19-58-02(1).JPG","gs://145625598251_2004409_606_usyd_tfe_2022__main/deployment/2244956/prod/directUpload/93c45dd5-a22b-4664-9215-64d6903958e7.JPG",0,"Kai Cheng  Lim","f97e5485-9bda-4eeb-83a3-d65ba57f410c","Mammalia","Rodentia","Muridae","Rattus","fuscipes","Bush Rat",NA,"2022-07-26 19:58:02",2,NA,NA,NA,NA,NA,NA,"false",NA,NA,"CC-BY-NC",2004409,"S03_T24",151.7406167,-32.24191667,"2023-07-24 00:00:00","2023-07-27 00:00:00","Other","Universal mammal bait","None",NA,2085489,"S03_T24",0,"Camera Functioning","Knee height",NA,"Parallel",NA,NA,NA,NA,"Site_03",NA,NA,NA,NA,NA,2022-07-26 19:58:02,51919,865,14.4,0.6
2004409,"S03_T24_2023","601dae98-aeb8-4d69-aeaa-1f037519277d","site_03__trap_24__2022-07-26__22-17-02(1).JPG","gs://145625598251_2004409_606_usyd_tfe_2022__main/deployment/2244956/prod/directUpload/601dae98-aeb8-4d69-aeaa-1f037519277d.JPG",0,"Kai Cheng  Lim","f97e5485-9bda-4eeb-83a3-d65ba57f410c","Mammalia","Rodentia","Muridae","Rattus","fuscipes","Bush Rat",NA,"2022-07-26 22:17:02",2,NA,NA,NA,NA,NA,NA,"false",NA,NA,"CC-BY-NC",2004409,"S03_T24",151.7406167,-32.24191667,"2023-07-24 00:00:00","2023-07-27 00:00:00","Other","Universal mammal bait","None",NA,2085489,"S03_T24",0,"Camera Functioning","Knee height",NA,"Parallel",NA,NA,NA,NA,"Site_03",NA,NA,NA,NA,NA,2022-07-26 22:17:02,8340,139,2.3,0.1
2004409,"S03_T24_2023","78a13a48-9b30-4e64-8cfb-87c48537b46b","site_03__trap_24__2022-07-26__23-34-47(1).JPG","gs://145625598251_2004409_606_usyd_tfe_2022__main/deployment/2244956/prod/directUpload/78a13a48-9b30-4e64-8cfb-87c48537b46b.JPG",0,"Kai Cheng  Lim","f97e5485-9bda-4eeb-83a3-d65ba57f410c","Mammalia","Rodentia","Muridae","Rattus","fuscipes","Bush Rat",NA,"2022-07-26 23:34:47",1,NA,NA,NA,NA,NA,NA,"false",NA,NA,"CC-BY-NC",2004409,"S03_T24",151.7406167,-32.24191667,"2023-07-24 00:00:00","2023-07-27 00:00:00","Other","Universal mammal bait","None",NA,2085489,"S03_T24",0,"Camera Functioning","Knee height",NA,"Parallel",NA,NA,NA,NA,"Site_03",NA,NA,NA,NA,NA,2022-07-26 23:34:47,4665,78,1.3,0.1
2004409,"S03_T24_2023","0e34dfe8-0b21-4b06-9f4c-12a5606bd6ac","site_03__trap_24__2022-07-25__16-38-18(1).JPG","gs://145625598251_2004409_606_usyd_tfe_2022__main/deployment/2244956/prod/directUpload/0e34dfe8-0b21-4b06-9f4c-12a5606bd6ac.JPG",0,"Aaron Greenville","e243a2de-1379-4026-a312-1f54fac4719b","Aves","Passeriformes","Psophodidae","Psophodes","olivaceus","Eastern Whipbird",NA,"2022-07-25 16:38:18",1,NA,NA,NA,NA,NA,NA,"false",NA,NA,"CC-BY-NC",2004409,"S03_T24",151.7406167,-32.24191667,"2023-07-24 00:00:00","2023-07-27 00:00:00","Other","Universal mammal bait","None",NA,2085489,"S03_T24",0,"Camera Functioning","Knee height",NA,"Parallel",NA,NA,NA,NA,"Site_03",NA,NA,NA,NA,NA,2022-07-25 16:38:18,0,0,0,0
2004409,"S04_T02_2023","f6a24596-341a-4322-9969-0855495a64f1","site_04__trap_02__2023-07-26__20-35-43(2).JPG","gs://145625598251_2004409_606_usyd_tfe_2022__main/deployment/2244957/prod/directUpload/f6a24596-341a-4322-9969-0855495a64f1.JPG",0,"Aaron Greenville","6e975946-43db-40cf-a4bb-2977319097a1","Mammalia","Dasyuromorphia","Dasyuridae","Antechinus","","Antechinus Species",NA,"2023-07-26 20:35:43",1,NA,NA,NA,NA,NA,NA,"false",NA,NA,"CC-BY-NC",2004409,"S04_T02",151.7452,-32.2443,"2023-07-24 00:00:00","2023-07-27 00:00:00","Other","Universal mammal bait","None",NA,2085490,"S04_T02",0,"Camera Functioning","Knee height",NA,"Parallel",NA,NA,NA,NA,"Site_04",NA,NA,NA,NA,NA,2023-07-26 20:35:43,0,0,0,0
2004409,"S04_T02_2023","bead2a5b-3b85-4554-a7b0-ce546ccf71e1","site_04__trap_02__2023-07-24__18-13-32(2).JPG","gs://145625598251_2004409_606_usyd_tfe_2022__main/deployment/2244957/prod/directUpload/bead2a5b-3b85-4554-a7b0-ce546ccf71e1.JPG",0,"Anna Cameron","6ccf0c56-72ce-49c5-84bd-3aca403c1b26","Mammalia","Dasyuromorphia","Dasyuridae","Antechinus","stuartii","Brown Antechinus",NA,"2023-07-24 18:13:32",1,NA,NA,NA,NA,NA,NA,"false",NA,NA,"CC-BY-NC",2004409,"S04_T02",151.7452,-32.2443,"2023-07-24 00:00:00","2023-07-27 00:00:00","Other","Universal mammal bait","None",NA,2085490,"S04_T02",0,"Camera Functioning","Knee height",NA,"Parallel",NA,NA,NA,NA,"Site_04",NA,NA,NA,NA,NA,2023-07-24 18:13:32,0,0,0,0
2004409,"S04_T02_2023","f3cca6c8-6439-48b2-99b8-5a1a3b087ba6","site_04__trap_02__2023-07-25__02-13-53(2).JPG","gs://145625598251_2004409_606_usyd_tfe_2022__main/deployment/2244957/prod/directUpload/f3cca6c8-6439-48b2-99b8-5a1a3b087ba6.JPG",0,"Anna Cameron","f97e5485-9bda-4eeb-83a3-d65ba57f410c","Mammalia","Rodentia","Muridae","Rattus","fuscipes","Bush Rat",NA,"2023-07-25 02:13:53",1,NA,NA,NA,NA,NA,NA,"false",NA,NA,"CC-BY-NC",2004409,"S04_T02",151.7452,-32.2443,"2023-07-24 00:00:00","2023-07-27 00:00:00","Other","Universal mammal bait","None",NA,2085490,"S04_T02",0,"Camera Functioning","Knee height",NA,"Parallel",NA,NA,NA,NA,"Site_04",NA,NA,NA,NA,NA,2023-07-25 02:13:53,0,0,0,0
2004409,"S04_T02_2023","ad5ec537-b26d-4117-91ba-dae310334df8","site_04__trap_02__2023-07-25__21-59-24(2).JPG","gs://145625598251_2004409_606_usyd_tfe_2022__main/deployment/2244957/prod/directUpload/ad5ec537-b26d-4117-91ba-dae310334df8.JPG",0,"Anna Cameron","f97e5485-9bda-4eeb-83a3-d65ba57f410c","Mammalia","Rodentia","Muridae","Rattus","fuscipes","Bush Rat",NA,"2023-07-25 21:59:24",1,NA,NA,NA,NA,NA,NA,"false",NA,NA,"CC-BY-NC",2004409,"S04_T02",151.7452,-32.2443,"2023-07-24 00:00:00","2023-07-27 00:00:00","Other","Universal mammal bait","None",NA,2085490,"S04_T02",0,"Camera Functioning","Knee height",NA,"Parallel",NA,NA,NA,NA,"Site_04",NA,NA,NA,NA,NA,2023-07-25 21:59:24,71131,1186,19.8,0.8
2004409,"S04_T02_2023","c081cc5b-236f-4d75-b4f1-61fd8a5ac79b","site_04__trap_02__2023-07-26__03-50-32(2).JPG","gs://145625598251_2004409_606_usyd_tfe_2022__main/deployment/2244957/prod/directUpload/c081cc5b-236f-4d75-b4f1-61fd8a5ac79b.JPG",0,"Anna Cameron","f97e5485-9bda-4eeb-83a3-d65ba57f410c","Mammalia","Rodentia","Muridae","Rattus","fuscipes","Bush Rat",NA,"2023-07-26 03:50:32",1,NA,NA,NA,NA,NA,NA,"false",NA,NA,"CC-BY-NC",2004409,"S04_T02",151.7452,-32.2443,"2023-07-24 00:00:00","2023-07-27 00:00:00","Other","Universal mammal bait","None",NA,2085490,"S04_T02",0,"Camera Functioning","Knee height",NA,"Parallel",NA,NA,NA,NA,"Site_04",NA,NA,NA,NA,NA,2023-07-26 03:50:32,21068,351,5.8,0.2
2004409,"S04_T02_2023","6fdbcc5e-066b-4087-918d-e5e901cba6ab","site_04__trap_02__2023-07-25__21-58-53(2).JPG","gs://145625598251_2004409_606_usyd_tfe_2022__main/deployment/2244957/prod/directUpload/6fdbcc5e-066b-4087-918d-e5e901cba6ab.JPG",0,"Aaron Greenville","00049ff0-2ffa-4d82-8cf3-c861fbbfa9d5","Mammalia","Rodentia","Muridae","Rattus","","Rattus Species",NA,"2023-07-25 21:58:53",1,NA,NA,NA,NA,NA,NA,"false",NA,NA,"CC-BY-NC",2004409,"S04_T02",151.7452,-32.2443,"2023-07-24 00:00:00","2023-07-27 00:00:00","Other","Universal mammal bait","None",NA,2085490,"S04_T02",0,"Camera Functioning","Knee height",NA,"Parallel",NA,NA,NA,NA,"Site_04",NA,NA,NA,NA,NA,2023-07-25 21:58:53,0,0,0,0
2004409,"S04_T02_2023","a50c4995-0d9f-4881-9adf-27c1b6a52a96","site_04__trap_02__2023-07-26__03-45-27(2).JPG","gs://145625598251_2004409_606_usyd_tfe_2022__main/deployment/2244957/prod/directUpload/a50c4995-0d9f-4881-9adf-27c1b6a52a96.JPG",0,"Anna Cameron","00049ff0-2ffa-4d82-8cf3-c861fbbfa9d5","Mammalia","Rodentia","Muridae","Rattus","","Rattus Species",NA,"2023-07-26 03:45:27",1,NA,NA,NA,NA,NA,NA,"false",NA,NA,"CC-BY-NC",2004409,"S04_T02",151.7452,-32.2443,"2023-07-24 00:00:00","2023-07-27 00:00:00","Other","Universal mammal bait","None",NA,2085490,"S04_T02",0,"Camera Functioning","Knee height",NA,"Parallel",NA,NA,NA,NA,"Site_04",NA,NA,NA,NA,NA,2023-07-26 03:45:27,20794,347,5.8,0.2
2004409,"S04_T02_2023","04aac9c9-e70f-43fe-8d35-3aa3897a52b8","site_04__trap_02__2023-07-26__03-44-44(2).JPG","gs://145625598251_2004409_606_usyd_tfe_2022__main/deployment/2244957/prod/directUpload/04aac9c9-e70f-43fe-8d35-3aa3897a52b8.JPG",0,"Anna Cameron","90d950db-2106-4bd9-a4c1-777604c3eada","Mammalia","Rodentia","","","","Rodent",NA,"2023-07-26 03:44:44",1,NA,NA,NA,NA,NA,NA,"false",NA,NA,"CC-BY-NC",2004409,"S04_T02",151.7452,-32.2443,"2023-07-24 00:00:00","2023-07-27 00:00:00","Other","Universal mammal bait","None",NA,2085490,"S04_T02",0,"Camera Functioning","Knee height",NA,"Parallel",NA,NA,NA,NA,"Site_04",NA,NA,NA,NA,NA,2023-07-26 03:44:44,0,0,0,0
2004409,"S04_T02_2023","28a2db70-be1e-4d5b-a49a-b1a4a083cee8","site_04__trap_02__2023-07-25__07-41-39(2).JPG","gs://145625598251_2004409_606_usyd_tfe_2022__main/deployment/2244957/prod/directUpload/28a2db70-be1e-4d5b-a49a-b1a4a083cee8.JPG",0,"Anna Cameron","3450b781-acf9-4bdf-af8f-c555034e0271","Aves","Passeriformes","Acanthizidae","Sericornis","citreogularis","Yellow-throated Scrubwren",NA,"2023-07-25 07:41:39",1,NA,NA,NA,NA,NA,NA,"false",NA,NA,"CC-BY-NC",2004409,"S04_T02",151.7452,-32.2443,"2023-07-24 00:00:00","2023-07-27 00:00:00","Other","Universal mammal bait","None",NA,2085490,"S04_T02",0,"Camera Functioning","Knee height",NA,"Parallel",NA,NA,NA,NA,"Site_04",NA,NA,NA,NA,NA,2023-07-25 07:41:39,0,0,0,0
2004409,"S04_T02_2023","7be6b04e-5add-44ff-9c61-cc9a0ef0526a","site_04__trap_02__2023-07-26__11-24-29(2).JPG","gs://145625598251_2004409_606_usyd_tfe_2022__main/deployment/2244957/prod/directUpload/7be6b04e-5add-44ff-9c61-cc9a0ef0526a.JPG",0,"Anna Cameron","3450b781-acf9-4bdf-af8f-c555034e0271","Aves","Passeriformes","Acanthizidae","Sericornis","citreogularis","Yellow-throated Scrubwren",NA,"2023-07-26 11:24:29",1,NA,NA,NA,NA,NA,NA,"false",NA,NA,"CC-BY-NC",2004409,"S04_T02",151.7452,-32.2443,"2023-07-24 00:00:00","2023-07-27 00:00:00","Other","Universal mammal bait","None",NA,2085490,"S04_T02",0,"Camera Functioning","Knee height",NA,"Parallel",NA,NA,NA,NA,"Site_04",NA,NA,NA,NA,NA,2023-07-26 11:24:29,99770,1663,27.7,1.2
2004409,"S04_T02_2023","68d426e7-8371-4f4b-9819-fbdac84454ec","site_04__trap_02__2023-07-26__16-54-39(2).JPG","gs://145625598251_2004409_606_usyd_tfe_2022__main/deployment/2244957/prod/directUpload/68d426e7-8371-4f4b-9819-fbdac84454ec.JPG",0,"Anna Cameron","3450b781-acf9-4bdf-af8f-c555034e0271","Aves","Passeriformes","Acanthizidae","Sericornis","citreogularis","Yellow-throated Scrubwren",NA,"2023-07-26 16:54:39",1,NA,NA,NA,NA,NA,NA,"false",NA,NA,"CC-BY-NC",2004409,"S04_T02",151.7452,-32.2443,"2023-07-24 00:00:00","2023-07-27 00:00:00","Other","Universal mammal bait","None",NA,2085490,"S04_T02",0,"Camera Functioning","Knee height",NA,"Parallel",NA,NA,NA,NA,"Site_04",NA,NA,NA,NA,NA,2023-07-26 16:54:39,19810,330,5.5,0.2
2004409,"S04_T08_2023","3912dd7e-7f56-4419-9ea0-41bfcc2aabb5","site_04__trap_08__2023-07-26__13-14-10(1).JPG","gs://145625598251_2004409_606_usyd_tfe_2022__main/deployment/2244960/prod/directUpload/3912dd7e-7f56-4419-9ea0-41bfcc2aabb5.JPG",0,"Alec Boal","e243a2de-1379-4026-a312-1f54fac4719b","Aves","Passeriformes","Psophodidae","Psophodes","olivaceus","Eastern Whipbird",NA,"2023-07-26 13:14:10",1,NA,NA,NA,NA,NA,NA,"false",NA,NA,"CC-BY-NC",2004409,"S04_T08",151.7457,-32.2441,"2023-07-24 00:00:00","2023-07-27 00:00:00","Other","Universal mammal bait","None",NA,2085493,"S04_T08",0,"Camera Functioning","Knee height",NA,"Parallel",NA,NA,NA,NA,"Site_04",NA,NA,NA,NA,NA,2023-07-26 13:14:10,0,0,0,0
2004409,"S04_T08_2023","ccb68e5a-e91b-45b7-9765-b053d5e9c53c","site_04__trap_08__2023-07-27__00-31-07(1).JPG","gs://145625598251_2004409_606_usyd_tfe_2022__main/deployment/2244960/prod/directUpload/ccb68e5a-e91b-45b7-9765-b053d5e9c53c.JPG",0,"Alec Boal","f2d233e3-80e3-433d-9687-e29ecc7a467a","Mammalia","","","","","Mammal",NA,"2023-07-27 00:31:07",1,NA,NA,NA,NA,NA,NA,"false",NA,NA,"CC-BY-NC",2004409,"S04_T08",151.7457,-32.2441,"2023-07-24 00:00:00","2023-07-27 00:00:00","Other","Universal mammal bait","None",NA,2085493,"S04_T08",0,"Camera Functioning","Knee height",NA,"Parallel",NA,NA,NA,NA,"Site_04",NA,NA,NA,NA,NA,2023-07-27 00:31:07,0,0,0,0
2004409,"S04_T08_2023","b283c6a4-e1db-47f8-a175-26449f22242d","site_04__trap_08__2023-07-25__23-01-37(1).JPG","gs://145625598251_2004409_606_usyd_tfe_2022__main/deployment/2244960/prod/directUpload/b283c6a4-e1db-47f8-a175-26449f22242d.JPG",0,"Aaron Greenville","00049ff0-2ffa-4d82-8cf3-c861fbbfa9d5","Mammalia","Rodentia","Muridae","Rattus","","Rattus Species",NA,"2023-07-25 23:01:37",1,NA,NA,NA,NA,NA,NA,"false",NA,NA,"CC-BY-NC",2004409,"S04_T08",151.7457,-32.2441,"2023-07-24 00:00:00","2023-07-27 00:00:00","Other","Universal mammal bait","None",NA,2085493,"S04_T08",0,"Camera Functioning","Knee height",NA,"Parallel",NA,NA,NA,NA,"Site_04",NA,NA,NA,NA,NA,2023-07-25 23:01:37,0,0,0,0
2004409,"S04_T08_2023","00a8d726-af85-4844-9017-52d93a101e86","site_04__trap_08__2023-07-26__00-01-36(1).JPG","gs://145625598251_2004409_606_usyd_tfe_2022__main/deployment/2244960/prod/directUpload/00a8d726-af85-4844-9017-52d93a101e86.JPG",0,"Alec Boal","00049ff0-2ffa-4d82-8cf3-c861fbbfa9d5","Mammalia","Rodentia","Muridae","Rattus","","Rattus Species",NA,"2023-07-26 00:01:36",1,NA,NA,NA,NA,NA,NA,"false",NA,NA,"CC-BY-NC",2004409,"S04_T08",151.7457,-32.2441,"2023-07-24 00:00:00","2023-07-27 00:00:00","Other","Universal mammal bait","None",NA,2085493,"S04_T08",0,"Camera Functioning","Knee height",NA,"Parallel",NA,NA,NA,NA,"Site_04",NA,NA,NA,NA,NA,2023-07-26 00:01:36,3599,60,1,0
2004409,"S04_T10_2023","a19778dd-3bb3-4c5e-a552-8741e8ae8c8a","site_04__trap_10__2023-07-26__01-01-11(2).JPG","gs://145625598251_2004409_606_usyd_tfe_2022__main/deployment/2244961/prod/directUpload/a19778dd-3bb3-4c5e-a552-8741e8ae8c8a.JPG",0,"Alec Boal","d5b17565-2220-4d49-85e6-00e1295f6169","Mammalia","Peramelemorphia","Peramelidae","Perameles","nasuta","Long-nosed Bandicoot",NA,"2023-07-26 01:01:11",1,NA,NA,NA,NA,NA,NA,"false",NA,NA,"CC-BY-NC",2004409,"S04_T10",151.7458,-32.2441,"2023-07-24 00:00:00","2023-07-27 00:00:00","Other","Universal mammal bait","None",NA,2085494,"S04_T10",0,"Camera Functioning","Knee height",NA,"Parallel",NA,NA,NA,NA,"Site_04",NA,NA,NA,NA,NA,2023-07-26 01:01:11,0,0,0,0
2004409,"S04_T10_2023","61d7afbc-f210-44c3-ba2d-38d5c5f240e0","site_04__trap_10__2023-07-26__01-00-08(2).JPG","gs://145625598251_2004409_606_usyd_tfe_2022__main/deployment/2244961/prod/directUpload/61d7afbc-f210-44c3-ba2d-38d5c5f240e0.JPG",0,"Alec Boal","00049ff0-2ffa-4d82-8cf3-c861fbbfa9d5","Mammalia","Rodentia","Muridae","Rattus","","Rattus Species",NA,"2023-07-26 01:00:08",1,NA,NA,NA,NA,NA,NA,"false",NA,NA,"CC-BY-NC",2004409,"S04_T10",151.7458,-32.2441,"2023-07-24 00:00:00","2023-07-27 00:00:00","Other","Universal mammal bait","None",NA,2085494,"S04_T10",0,"Camera Functioning","Knee height",NA,"Parallel",NA,NA,NA,NA,"Site_04",NA,NA,NA,NA,NA,2023-07-26 01:00:08,0,0,0,0
2004409,"S04_T14_2023","c08e2a90-b411-49b0-8a4a-6402c7f26a8d","site_04__trap_14__2023-07-24__19-05-26(1).JPG","gs://145625598251_2004409_606_usyd_tfe_2022__main/deployment/2244963/prod/directUpload/c08e2a90-b411-49b0-8a4a-6402c7f26a8d.JPG",0,"Leilah Warlik","00049ff0-2ffa-4d82-8cf3-c861fbbfa9d5","Mammalia","Rodentia","Muridae","Rattus","","Rattus Species",NA,"2023-07-24 19:05:26",1,NA,NA,NA,NA,NA,NA,"false",NA,NA,"CC-BY-NC",2004409,"S04_T14",151.7462,-32.2443,"2023-07-24 00:00:00","2023-07-27 00:00:00","Other","Universal mammal bait","None",NA,2085496,"S04_T14",0,"Camera Functioning","Knee height",NA,"Parallel",NA,NA,NA,NA,"Site_04",NA,NA,NA,NA,NA,2023-07-24 19:05:26,0,0,0,0
2004409,"S04_T14_2023","afe2ae2c-005c-420d-9830-fb5fcd1575d7","site_04__trap_14__2023-07-27__00-05-06(1).JPG","gs://145625598251_2004409_606_usyd_tfe_2022__main/deployment/2244963/prod/directUpload/afe2ae2c-005c-420d-9830-fb5fcd1575d7.JPG",0,"Leilah Warlik","00049ff0-2ffa-4d82-8cf3-c861fbbfa9d5","Mammalia","Rodentia","Muridae","Rattus","","Rattus Species",NA,"2023-07-27 00:05:06",1,NA,NA,NA,NA,NA,NA,"false",NA,NA,"CC-BY-NC",2004409,"S04_T14",151.7462,-32.2443,"2023-07-24 00:00:00","2023-07-27 00:00:00","Other","Universal mammal bait","None",NA,2085496,"S04_T14",0,"Camera Functioning","Knee height",NA,"Parallel",NA,NA,NA,NA,"Site_04",NA,NA,NA,NA,NA,2023-07-27 00:05:06,190780,3180,53,2.2
2004409,"S04_T14_2023","60fa293b-44d1-424a-a5bc-f1506f51aaab","site_04__trap_14__2023-07-27__00-10-53(1).JPG","gs://145625598251_2004409_606_usyd_tfe_2022__main/deployment/2244963/prod/directUpload/60fa293b-44d1-424a-a5bc-f1506f51aaab.JPG",0,"Leilah Warlik","00049ff0-2ffa-4d82-8cf3-c861fbbfa9d5","Mammalia","Rodentia","Muridae","Rattus","","Rattus Species",NA,"2023-07-27 00:10:53",1,NA,NA,NA,NA,NA,NA,"false",NA,NA,"CC-BY-NC",2004409,"S04_T14",151.7462,-32.2443,"2023-07-24 00:00:00","2023-07-27 00:00:00","Other","Universal mammal bait","None",NA,2085496,"S04_T14",0,"Camera Functioning","Knee height",NA,"Parallel",NA,NA,NA,NA,"Site_04",NA,NA,NA,NA,NA,2023-07-27 00:10:53,347,6,0.1,0
2004409,"S04_T14_2023","8c520a8b-236a-423b-a4f1-3cf94be857c8","site_04__trap_14__2023-07-24__15-01-18(1).JPG","gs://145625598251_2004409_606_usyd_tfe_2022__main/deployment/2244963/prod/directUpload/8c520a8b-236a-423b-a4f1-3cf94be857c8.JPG",0,"Aaron Greenville","3450b781-acf9-4bdf-af8f-c555034e0271","Aves","Passeriformes","Acanthizidae","Sericornis","citreogularis","Yellow-throated Scrubwren",NA,"2023-07-24 15:01:18",1,NA,NA,NA,NA,NA,NA,"false",NA,NA,"CC-BY-NC",2004409,"S04_T14",151.7462,-32.2443,"2023-07-24 00:00:00","2023-07-27 00:00:00","Other","Universal mammal bait","None",NA,2085496,"S04_T14",0,"Camera Functioning","Knee height",NA,"Parallel",NA,NA,NA,NA,"Site_04",NA,NA,NA,NA,NA,2023-07-24 15:01:18,0,0,0,0
2004409,"S04_T14_2023","e21f381d-bb46-4046-9fac-26a3bbf065da","site_04__trap_14__2023-07-25__06-54-12(1).JPG","gs://145625598251_2004409_606_usyd_tfe_2022__main/deployment/2244963/prod/directUpload/e21f381d-bb46-4046-9fac-26a3bbf065da.JPG",0,"Aaron Greenville","3450b781-acf9-4bdf-af8f-c555034e0271","Aves","Passeriformes","Acanthizidae","Sericornis","citreogularis","Yellow-throated Scrubwren",NA,"2023-07-25 06:54:12",1,NA,NA,NA,NA,NA,NA,"false",NA,NA,"CC-BY-NC",2004409,"S04_T14",151.7462,-32.2443,"2023-07-24 00:00:00","2023-07-27 00:00:00","Other","Universal mammal bait","None",NA,2085496,"S04_T14",0,"Camera Functioning","Knee height",NA,"Parallel",NA,NA,NA,NA,"Site_04",NA,NA,NA,NA,NA,2023-07-25 06:54:12,57174,953,15.9,0.7
2004409,"S04_T14_2023","22f8d560-4c76-4b44-a9dc-2f76be8ce961","site_04__trap_14__2023-07-25__07-58-01(1).JPG","gs://145625598251_2004409_606_usyd_tfe_2022__main/deployment/2244963/prod/directUpload/22f8d560-4c76-4b44-a9dc-2f76be8ce961.JPG",0,"Aaron Greenville","3450b781-acf9-4bdf-af8f-c555034e0271","Aves","Passeriformes","Acanthizidae","Sericornis","citreogularis","Yellow-throated Scrubwren",NA,"2023-07-25 07:58:01",1,NA,NA,NA,NA,NA,NA,"false",NA,NA,"CC-BY-NC",2004409,"S04_T14",151.7462,-32.2443,"2023-07-24 00:00:00","2023-07-27 00:00:00","Other","Universal mammal bait","None",NA,2085496,"S04_T14",0,"Camera Functioning","Knee height",NA,"Parallel",NA,NA,NA,NA,"Site_04",NA,NA,NA,NA,NA,2023-07-25 07:58:01,3829,64,1.1,0
2004409,"S04_T14_2023","41181b69-f717-40e9-b8e5-2c7339ed98b1","site_04__trap_14__2023-07-25__13-51-21(1).JPG","gs://145625598251_2004409_606_usyd_tfe_2022__main/deployment/2244963/prod/directUpload/41181b69-f717-40e9-b8e5-2c7339ed98b1.JPG",0,"Aaron Greenville","3450b781-acf9-4bdf-af8f-c555034e0271","Aves","Passeriformes","Acanthizidae","Sericornis","citreogularis","Yellow-throated Scrubwren",NA,"2023-07-25 13:51:21",1,NA,NA,NA,NA,NA,NA,"false",NA,NA,"CC-BY-NC",2004409,"S04_T14",151.7462,-32.2443,"2023-07-24 00:00:00","2023-07-27 00:00:00","Other","Universal mammal bait","None",NA,2085496,"S04_T14",0,"Camera Functioning","Knee height",NA,"Parallel",NA,NA,NA,NA,"Site_04",NA,NA,NA,NA,NA,2023-07-25 13:51:21,21200,353,5.9,0.2
2004409,"S04_T14_2023","4ccd3440-5da6-41af-8373-e63a883601e9","site_04__trap_14__2023-07-25__14-09-44(1).JPG","gs://145625598251_2004409_606_usyd_tfe_2022__main/deployment/2244963/prod/directUpload/4ccd3440-5da6-41af-8373-e63a883601e9.JPG",0,"Aaron Greenville","3450b781-acf9-4bdf-af8f-c555034e0271","Aves","Passeriformes","Acanthizidae","Sericornis","citreogularis","Yellow-throated Scrubwren",NA,"2023-07-25 14:09:44",1,NA,NA,NA,NA,NA,NA,"false",NA,NA,"CC-BY-NC",2004409,"S04_T14",151.7462,-32.2443,"2023-07-24 00:00:00","2023-07-27 00:00:00","Other","Universal mammal bait","None",NA,2085496,"S04_T14",0,"Camera Functioning","Knee height",NA,"Parallel",NA,NA,NA,NA,"Site_04",NA,NA,NA,NA,NA,2023-07-25 14:09:44,1103,18,0.3,0
2004409,"S04_T14_2023","d163f0be-92f9-4e03-9af9-a5ff2aff64f9","site_04__trap_14__2023-07-25__14-39-47(1).JPG","gs://145625598251_2004409_606_usyd_tfe_2022__main/deployment/2244963/prod/directUpload/d163f0be-92f9-4e03-9af9-a5ff2aff64f9.JPG",0,"Aaron Greenville","3450b781-acf9-4bdf-af8f-c555034e0271","Aves","Passeriformes","Acanthizidae","Sericornis","citreogularis","Yellow-throated Scrubwren",NA,"2023-07-25 14:39:47",3,NA,NA,NA,NA,NA,NA,"false",NA,NA,"CC-BY-NC",2004409,"S04_T14",151.7462,-32.2443,"2023-07-24 00:00:00","2023-07-27 00:00:00","Other","Universal mammal bait","None",NA,2085496,"S04_T14",0,"Camera Functioning","Knee height",NA,"Parallel",NA,NA,NA,NA,"Site_04",NA,NA,NA,NA,NA,2023-07-25 14:39:47,1803,30,0.5,0
2004409,"S04_T14_2023","bea96cef-6bbb-46ec-b06d-7ff43549fff6","site_04__trap_14__2023-07-25__14-52-09(1).JPG","gs://145625598251_2004409_606_usyd_tfe_2022__main/deployment/2244963/prod/directUpload/bea96cef-6bbb-46ec-b06d-7ff43549fff6.JPG",0,"Aaron Greenville","3450b781-acf9-4bdf-af8f-c555034e0271","Aves","Passeriformes","Acanthizidae","Sericornis","citreogularis","Yellow-throated Scrubwren",NA,"2023-07-25 14:52:09",2,NA,NA,NA,NA,NA,NA,"false",NA,NA,"CC-BY-NC",2004409,"S04_T14",151.7462,-32.2443,"2023-07-24 00:00:00","2023-07-27 00:00:00","Other","Universal mammal bait","None",NA,2085496,"S04_T14",0,"Camera Functioning","Knee height",NA,"Parallel",NA,NA,NA,NA,"Site_04",NA,NA,NA,NA,NA,2023-07-25 14:52:09,742,12,0.2,0
2004409,"S04_T14_2023","0aea3557-810c-4230-a7fc-b5703bba9faa","site_04__trap_14__2023-07-26__12-59-41(1).JPG","gs://145625598251_2004409_606_usyd_tfe_2022__main/deployment/2244963/prod/directUpload/0aea3557-810c-4230-a7fc-b5703bba9faa.JPG",0,"Aaron Greenville","3450b781-acf9-4bdf-af8f-c555034e0271","Aves","Passeriformes","Acanthizidae","Sericornis","citreogularis","Yellow-throated Scrubwren",NA,"2023-07-26 12:59:41",2,NA,NA,NA,NA,NA,NA,"false",NA,NA,"CC-BY-NC",2004409,"S04_T14",151.7462,-32.2443,"2023-07-24 00:00:00","2023-07-27 00:00:00","Other","Universal mammal bait","None",NA,2085496,"S04_T14",0,"Camera Functioning","Knee height",NA,"Parallel",NA,NA,NA,NA,"Site_04",NA,NA,NA,NA,NA,2023-07-26 12:59:41,79652,1328,22.1,0.9
2004409,"S04_T14_2023","5c4edf52-5fc5-435d-96c2-e7da7f5751ac","site_04__trap_14__2023-07-26__14-22-56(1).JPG","gs://145625598251_2004409_606_usyd_tfe_2022__main/deployment/2244963/prod/directUpload/5c4edf52-5fc5-435d-96c2-e7da7f5751ac.JPG",0,"Aaron Greenville","3450b781-acf9-4bdf-af8f-c555034e0271","Aves","Passeriformes","Acanthizidae","Sericornis","citreogularis","Yellow-throated Scrubwren",NA,"2023-07-26 14:22:56",3,NA,NA,NA,NA,NA,NA,"false",NA,NA,"CC-BY-NC",2004409,"S04_T14",151.7462,-32.2443,"2023-07-24 00:00:00","2023-07-27 00:00:00","Other","Universal mammal bait","None",NA,2085496,"S04_T14",0,"Camera Functioning","Knee height",NA,"Parallel",NA,NA,NA,NA,"Site_04",NA,NA,NA,NA,NA,2023-07-26 14:22:56,4995,83,1.4,0.1
2004409,"S04_T14_2023","737de0cd-371e-4916-bdab-f9e45239e66e","site_04__trap_14__2023-07-26__16-07-23(1).JPG","gs://145625598251_2004409_606_usyd_tfe_2022__main/deployment/2244963/prod/directUpload/737de0cd-371e-4916-bdab-f9e45239e66e.JPG",0,"Aaron Greenville","3450b781-acf9-4bdf-af8f-c555034e0271","Aves","Passeriformes","Acanthizidae","Sericornis","citreogularis","Yellow-throated Scrubwren",NA,"2023-07-26 16:07:23",1,NA,NA,NA,NA,NA,NA,"false",NA,NA,"CC-BY-NC",2004409,"S04_T14",151.7462,-32.2443,"2023-07-24 00:00:00","2023-07-27 00:00:00","Other","Universal mammal bait","None",NA,2085496,"S04_T14",0,"Camera Functioning","Knee height",NA,"Parallel",NA,NA,NA,NA,"Site_04",NA,NA,NA,NA,NA,2023-07-26 16:07:23,6267,104,1.7,0.1
2004409,"S04_T18_2023","cda0603e-6cf9-4591-9c0f-1c5af7d4e488","site_04__trap_18__2023-07-26__19-15-27(1).JPG","gs://145625598251_2004409_606_usyd_tfe_2022__main/deployment/2244965/prod/directUpload/cda0603e-6cf9-4591-9c0f-1c5af7d4e488.JPG",0,"Leilah Warlik","6e975946-43db-40cf-a4bb-2977319097a1","Mammalia","Dasyuromorphia","Dasyuridae","Antechinus","","Antechinus Species",NA,"2023-07-26 19:15:27",3,NA,NA,NA,NA,NA,NA,"false",NA,NA,"CC-BY-NC",2004409,"S04_T18",151.7459,-32.2443,"2023-07-24 00:00:00","2023-07-27 00:00:00","Other","Universal mammal bait","None",NA,2085498,"S04_T18",0,"Camera Functioning","Knee height",NA,"Parallel",NA,NA,NA,NA,"Site_04",NA,NA,NA,NA,NA,2023-07-26 19:15:27,0,0,0,0
2004409,"S04_T18_2023","5e719fff-4e48-48eb-b395-a3b09d3c5b43","site_04__trap_18__2023-07-26__18-17-54(1).JPG","gs://145625598251_2004409_606_usyd_tfe_2022__main/deployment/2244965/prod/directUpload/5e719fff-4e48-48eb-b395-a3b09d3c5b43.JPG",0,"Leilah Warlik","00049ff0-2ffa-4d82-8cf3-c861fbbfa9d5","Mammalia","Rodentia","Muridae","Rattus","","Rattus Species",NA,"2023-07-26 18:17:54",1,NA,NA,NA,NA,NA,NA,"false",NA,NA,"CC-BY-NC",2004409,"S04_T18",151.7459,-32.2443,"2023-07-24 00:00:00","2023-07-27 00:00:00","Other","Universal mammal bait","None",NA,2085498,"S04_T18",0,"Camera Functioning","Knee height",NA,"Parallel",NA,NA,NA,NA,"Site_04",NA,NA,NA,NA,NA,2023-07-26 18:17:54,0,0,0,0
2004409,"S04_T18_2023","2bbe0d51-415b-4246-bd6d-e2b4561832c9","site_04__trap_18__2023-07-26__21-29-08(1).JPG","gs://145625598251_2004409_606_usyd_tfe_2022__main/deployment/2244965/prod/directUpload/2bbe0d51-415b-4246-bd6d-e2b4561832c9.JPG",0,"Leilah Warlik","00049ff0-2ffa-4d82-8cf3-c861fbbfa9d5","Mammalia","Rodentia","Muridae","Rattus","","Rattus Species",NA,"2023-07-26 21:29:08",1,NA,NA,NA,NA,NA,NA,"false",NA,NA,"CC-BY-NC",2004409,"S04_T18",151.7459,-32.2443,"2023-07-24 00:00:00","2023-07-27 00:00:00","Other","Universal mammal bait","None",NA,2085498,"S04_T18",0,"Camera Functioning","Knee height",NA,"Parallel",NA,NA,NA,NA,"Site_04",NA,NA,NA,NA,NA,2023-07-26 21:29:08,11474,191,3.2,0.1
2004409,"S04_T18_2023","9e71aa11-ce50-450b-94fd-cb4f856eaa28","site_04__trap_18__2023-07-26__21-34-24(1).JPG","gs://145625598251_2004409_606_usyd_tfe_2022__main/deployment/2244965/prod/directUpload/9e71aa11-ce50-450b-94fd-cb4f856eaa28.JPG",0,"Leilah Warlik","00049ff0-2ffa-4d82-8cf3-c861fbbfa9d5","Mammalia","Rodentia","Muridae","Rattus","","Rattus Species",NA,"2023-07-26 21:34:24",1,NA,NA,NA,NA,NA,NA,"false",NA,NA,"CC-BY-NC",2004409,"S04_T18",151.7459,-32.2443,"2023-07-24 00:00:00","2023-07-27 00:00:00","Other","Universal mammal bait","None",NA,2085498,"S04_T18",0,"Camera Functioning","Knee height",NA,"Parallel",NA,NA,NA,NA,"Site_04",NA,NA,NA,NA,NA,2023-07-26 21:34:24,316,5,0.1,0
2004409,"S04_T18_2023","9aa141eb-8086-459d-9df3-983b6b4f5b1d","site_04__trap_18__2023-07-26__21-42-41(1).JPG","gs://145625598251_2004409_606_usyd_tfe_2022__main/deployment/2244965/prod/directUpload/9aa141eb-8086-459d-9df3-983b6b4f5b1d.JPG",0,"Leilah Warlik","00049ff0-2ffa-4d82-8cf3-c861fbbfa9d5","Mammalia","Rodentia","Muridae","Rattus","","Rattus Species",NA,"2023-07-26 21:42:41",1,NA,NA,NA,NA,NA,NA,"false",NA,NA,"CC-BY-NC",2004409,"S04_T18",151.7459,-32.2443,"2023-07-24 00:00:00","2023-07-27 00:00:00","Other","Universal mammal bait","None",NA,2085498,"S04_T18",0,"Camera Functioning","Knee height",NA,"Parallel",NA,NA,NA,NA,"Site_04",NA,NA,NA,NA,NA,2023-07-26 21:42:41,497,8,0.1,0
2004409,"S04_T18_2023","69c48811-8d8c-4b4b-ad48-22f4b48f2157","site_04__trap_18__2023-07-27__01-35-41(1).JPG","gs://145625598251_2004409_606_usyd_tfe_2022__main/deployment/2244965/prod/directUpload/69c48811-8d8c-4b4b-ad48-22f4b48f2157.JPG",0,"Leilah Warlik","00049ff0-2ffa-4d82-8cf3-c861fbbfa9d5","Mammalia","Rodentia","Muridae","Rattus","","Rattus Species",NA,"2023-07-27 01:35:41",1,NA,NA,NA,NA,NA,NA,"false",NA,NA,"CC-BY-NC",2004409,"S04_T18",151.7459,-32.2443,"2023-07-24 00:00:00","2023-07-27 00:00:00","Other","Universal mammal bait","None",NA,2085498,"S04_T18",0,"Camera Functioning","Knee height",NA,"Parallel",NA,NA,NA,NA,"Site_04",NA,NA,NA,NA,NA,2023-07-27 01:35:41,13980,233,3.9,0.2
2004409,"S04_T18_2023","356ad6f3-f181-47d6-910c-dc15d755b4c3","site_04__trap_18__2023-07-27__03-25-36(1).JPG","gs://145625598251_2004409_606_usyd_tfe_2022__main/deployment/2244965/prod/directUpload/356ad6f3-f181-47d6-910c-dc15d755b4c3.JPG",0,"Leilah Warlik","00049ff0-2ffa-4d82-8cf3-c861fbbfa9d5","Mammalia","Rodentia","Muridae","Rattus","","Rattus Species",NA,"2023-07-27 03:25:36",1,NA,NA,NA,NA,NA,NA,"false",NA,NA,"CC-BY-NC",2004409,"S04_T18",151.7459,-32.2443,"2023-07-24 00:00:00","2023-07-27 00:00:00","Other","Universal mammal bait","None",NA,2085498,"S04_T18",0,"Camera Functioning","Knee height",NA,"Parallel",NA,NA,NA,NA,"Site_04",NA,NA,NA,NA,NA,2023-07-27 03:25:36,6595,110,1.8,0.1
2004409,"S04_T20_2023","66d20616-aabc-427a-854e-681ef8b60c05","site_04__trap_20__2023-07-25__18-10-27(1).JPG","gs://145625598251_2004409_606_usyd_tfe_2022__main/deployment/2244966/prod/directUpload/66d20616-aabc-427a-854e-681ef8b60c05.JPG",0,"Ellie Arndt","6e975946-43db-40cf-a4bb-2977319097a1","Mammalia","Dasyuromorphia","Dasyuridae","Antechinus","","Antechinus Species",NA,"2023-07-25 18:10:27",1,NA,NA,NA,NA,NA,NA,"false",NA,NA,"CC-BY-NC",2004409,"S04_T20",151.7457,-32.2444,"2023-07-24 00:00:00","2023-07-27 00:00:00","Other","Universal mammal bait","None",NA,2085499,"S04_T20",0,"Camera Functioning","Knee height",NA,"Parallel",NA,NA,NA,NA,"Site_04",NA,NA,NA,NA,NA,2023-07-25 18:10:27,0,0,0,0
2004409,"S04_T20_2023","18129485-78ed-4642-b9cd-2bf90be44f42","site_04__trap_20__2023-07-25__20-25-50(4).JPG","gs://145625598251_2004409_606_usyd_tfe_2022__main/deployment/2244966/prod/directUpload/18129485-78ed-4642-b9cd-2bf90be44f42.JPG",0,"Ellie Arndt","00049ff0-2ffa-4d82-8cf3-c861fbbfa9d5","Mammalia","Rodentia","Muridae","Rattus","","Rattus Species",NA,"2023-07-25 20:25:50",1,NA,NA,NA,NA,NA,NA,"false",NA,NA,"CC-BY-NC",2004409,"S04_T20",151.7457,-32.2444,"2023-07-24 00:00:00","2023-07-27 00:00:00","Other","Universal mammal bait","None",NA,2085499,"S04_T20",0,"Camera Functioning","Knee height",NA,"Parallel",NA,NA,NA,NA,"Site_04",NA,NA,NA,NA,NA,2023-07-25 20:25:50,0,0,0,0
2004409,"S04_T20_2023","75e39c99-9590-4e64-b20d-6019bab8e1a2","site_04__trap_20__2023-07-26__00-08-35(1).JPG","gs://145625598251_2004409_606_usyd_tfe_2022__main/deployment/2244966/prod/directUpload/75e39c99-9590-4e64-b20d-6019bab8e1a2.JPG",0,"Ellie Arndt","00049ff0-2ffa-4d82-8cf3-c861fbbfa9d5","Mammalia","Rodentia","Muridae","Rattus","","Rattus Species",NA,"2023-07-26 00:08:35",1,NA,NA,NA,NA,NA,NA,"false",NA,NA,"CC-BY-NC",2004409,"S04_T20",151.7457,-32.2444,"2023-07-24 00:00:00","2023-07-27 00:00:00","Other","Universal mammal bait","None",NA,2085499,"S04_T20",0,"Camera Functioning","Knee height",NA,"Parallel",NA,NA,NA,NA,"Site_04",NA,NA,NA,NA,NA,2023-07-26 00:08:35,13365,223,3.7,0.2
2004409,"S04_T24_2023","381b2c40-c395-41e8-a87c-801caebe95c4","site_04__trap_24__2023-07-24__21-48-00(1).JPG","gs://145625598251_2004409_606_usyd_tfe_2022__main/deployment/2244968/prod/directUpload/381b2c40-c395-41e8-a87c-801caebe95c4.JPG",0,"Ellie Arndt","6e975946-43db-40cf-a4bb-2977319097a1","Mammalia","Dasyuromorphia","Dasyuridae","Antechinus","","Antechinus Species",NA,"2023-07-24 21:48:00",1,NA,NA,NA,NA,NA,NA,"false",NA,NA,"CC-BY-NC",2004409,"S04_T24",151.7454,-32.2445,"2023-07-24 00:00:00","2023-07-27 00:00:00","Other","Universal mammal bait","None",NA,2085501,"S04_T24",0,"Camera Functioning","Knee height",NA,"Parallel",NA,NA,NA,NA,"Site_04",NA,NA,NA,NA,NA,2023-07-24 21:48:00,0,0,0,0
2004409,"S04_T24_2023","55a994d1-f349-4dde-ada3-2365701eeb9e","site_04__trap_24__2023-07-24__21-53-06(2).JPG","gs://145625598251_2004409_606_usyd_tfe_2022__main/deployment/2244968/prod/directUpload/55a994d1-f349-4dde-ada3-2365701eeb9e.JPG",0,"Ellie Arndt","6e975946-43db-40cf-a4bb-2977319097a1","Mammalia","Dasyuromorphia","Dasyuridae","Antechinus","","Antechinus Species",NA,"2023-07-24 21:53:06",1,NA,NA,NA,NA,NA,NA,"false",NA,NA,"CC-BY-NC",2004409,"S04_T24",151.7454,-32.2445,"2023-07-24 00:00:00","2023-07-27 00:00:00","Other","Universal mammal bait","None",NA,2085501,"S04_T24",0,"Camera Functioning","Knee height",NA,"Parallel",NA,NA,NA,NA,"Site_04",NA,NA,NA,NA,NA,2023-07-24 21:53:06,306,5,0.1,0
2004409,"S04_T24_2023","b130a705-6159-4ae9-8ecf-2eb2ff0fdaa1","site_04__trap_24__2023-07-25__02-53-00(1).JPG","gs://145625598251_2004409_606_usyd_tfe_2022__main/deployment/2244968/prod/directUpload/b130a705-6159-4ae9-8ecf-2eb2ff0fdaa1.JPG",0,"Ellie Arndt","6e975946-43db-40cf-a4bb-2977319097a1","Mammalia","Dasyuromorphia","Dasyuridae","Antechinus","","Antechinus Species",NA,"2023-07-25 02:53:00",1,NA,NA,NA,NA,NA,NA,"false",NA,NA,"CC-BY-NC",2004409,"S04_T24",151.7454,-32.2445,"2023-07-24 00:00:00","2023-07-27 00:00:00","Other","Universal mammal bait","None",NA,2085501,"S04_T24",0,"Camera Functioning","Knee height",NA,"Parallel",NA,NA,NA,NA,"Site_04",NA,NA,NA,NA,NA,2023-07-25 02:53:00,17994,300,5,0.2
2004409,"S04_T24_2023","ef2f49b7-5dc9-41d0-9e50-50c1ab5da020","site_04__trap_24__2023-07-25__20-18-00(1).JPG","gs://145625598251_2004409_606_usyd_tfe_2022__main/deployment/2244968/prod/directUpload/ef2f49b7-5dc9-41d0-9e50-50c1ab5da020.JPG",0,"Ellie Arndt","6e975946-43db-40cf-a4bb-2977319097a1","Mammalia","Dasyuromorphia","Dasyuridae","Antechinus","","Antechinus Species",NA,"2023-07-25 20:18:00",1,NA,NA,NA,NA,NA,NA,"false",NA,NA,"CC-BY-NC",2004409,"S04_T24",151.7454,-32.2445,"2023-07-24 00:00:00","2023-07-27 00:00:00","Other","Universal mammal bait","None",NA,2085501,"S04_T24",0,"Camera Functioning","Knee height",NA,"Parallel",NA,NA,NA,NA,"Site_04",NA,NA,NA,NA,NA,2023-07-25 20:18:00,62700,1045,17.4,0.7
2004409,"S04_T24_2023","12c6f80d-c25b-4f12-96ce-a8a8c529f475","site_04__trap_24__2023-07-26__00-20-00(1).JPG","gs://145625598251_2004409_606_usyd_tfe_2022__main/deployment/2244968/prod/directUpload/12c6f80d-c25b-4f12-96ce-a8a8c529f475.JPG",0,"Ellie Arndt","6e975946-43db-40cf-a4bb-2977319097a1","Mammalia","Dasyuromorphia","Dasyuridae","Antechinus","","Antechinus Species",NA,"2023-07-26 00:20:00",1,NA,NA,NA,NA,NA,NA,"false",NA,NA,"CC-BY-NC",2004409,"S04_T24",151.7454,-32.2445,"2023-07-24 00:00:00","2023-07-27 00:00:00","Other","Universal mammal bait","None",NA,2085501,"S04_T24",0,"Camera Functioning","Knee height",NA,"Parallel",NA,NA,NA,NA,"Site_04",NA,NA,NA,NA,NA,2023-07-26 00:20:00,14520,242,4,0.2
2004409,"S04_T24_2023","956d3bb4-9264-42f7-a145-bfdb636fc68e","site_04__trap_24__2023-07-26__04-01-00(1).JPG","gs://145625598251_2004409_606_usyd_tfe_2022__main/deployment/2244968/prod/directUpload/956d3bb4-9264-42f7-a145-bfdb636fc68e.JPG",0,"Ellie Arndt","6e975946-43db-40cf-a4bb-2977319097a1","Mammalia","Dasyuromorphia","Dasyuridae","Antechinus","","Antechinus Species",NA,"2023-07-26 04:01:00",1,NA,NA,NA,NA,NA,NA,"false",NA,NA,"CC-BY-NC",2004409,"S04_T24",151.7454,-32.2445,"2023-07-24 00:00:00","2023-07-27 00:00:00","Other","Universal mammal bait","None",NA,2085501,"S04_T24",0,"Camera Functioning","Knee height",NA,"Parallel",NA,NA,NA,NA,"Site_04",NA,NA,NA,NA,NA,2023-07-26 04:01:00,13260,221,3.7,0.2
2004409,"S04_T24_2023","a9fe17dd-e43e-4d26-bc38-86cdc6e7cfdc","site_04__trap_24__2023-07-27__03-24-00(1).JPG","gs://145625598251_2004409_606_usyd_tfe_2022__main/deployment/2244968/prod/directUpload/a9fe17dd-e43e-4d26-bc38-86cdc6e7cfdc.JPG",0,"Ellie Arndt","6e975946-43db-40cf-a4bb-2977319097a1","Mammalia","Dasyuromorphia","Dasyuridae","Antechinus","","Antechinus Species",NA,"2023-07-27 03:24:00",1,NA,NA,NA,NA,NA,NA,"false",NA,NA,"CC-BY-NC",2004409,"S04_T24",151.7454,-32.2445,"2023-07-24 00:00:00","2023-07-27 00:00:00","Other","Universal mammal bait","None",NA,2085501,"S04_T24",0,"Camera Functioning","Knee height",NA,"Parallel",NA,NA,NA,NA,"Site_04",NA,NA,NA,NA,NA,2023-07-27 03:24:00,84180,1403,23.4,1
2004409,"S04_T24_2023","a3dc371c-dec5-47c5-9e18-9853b37eaede","site_04__trap_24__2023-07-27__04-14-00(1).JPG","gs://145625598251_2004409_606_usyd_tfe_2022__main/deployment/2244968/prod/directUpload/a3dc371c-dec5-47c5-9e18-9853b37eaede.JPG",0,"Ellie Arndt","6e975946-43db-40cf-a4bb-2977319097a1","Mammalia","Dasyuromorphia","Dasyuridae","Antechinus","","Antechinus Species",NA,"2023-07-27 04:14:00",1,NA,NA,NA,NA,NA,NA,"false",NA,NA,"CC-BY-NC",2004409,"S04_T24",151.7454,-32.2445,"2023-07-24 00:00:00","2023-07-27 00:00:00","Other","Universal mammal bait","None",NA,2085501,"S04_T24",0,"Camera Functioning","Knee height",NA,"Parallel",NA,NA,NA,NA,"Site_04",NA,NA,NA,NA,NA,2023-07-27 04:14:00,3000,50,0.8,0
2004409,"S04_T24_2023","dfd06f2c-de8a-457e-a92e-549917d55790","site_04__trap_24__2023-07-27__04-53-00(1).JPG","gs://145625598251_2004409_606_usyd_tfe_2022__main/deployment/2244968/prod/directUpload/dfd06f2c-de8a-457e-a92e-549917d55790.JPG",0,"Ellie Arndt","6e975946-43db-40cf-a4bb-2977319097a1","Mammalia","Dasyuromorphia","Dasyuridae","Antechinus","","Antechinus Species",NA,"2023-07-27 04:53:00",1,NA,NA,NA,NA,NA,NA,"false",NA,NA,"CC-BY-NC",2004409,"S04_T24",151.7454,-32.2445,"2023-07-24 00:00:00","2023-07-27 00:00:00","Other","Universal mammal bait","None",NA,2085501,"S04_T24",0,"Camera Functioning","Knee height",NA,"Parallel",NA,NA,NA,NA,"Site_04",NA,NA,NA,NA,NA,2023-07-27 04:53:00,2340,39,0.7,0
2004409,"S04_T24_2023","44f3f78b-bd45-4442-891d-5812561ee7e6","site_04__trap_24__2023-07-27__07-19-41(2).JPG","gs://145625598251_2004409_606_usyd_tfe_2022__main/deployment/2244968/prod/directUpload/44f3f78b-bd45-4442-891d-5812561ee7e6.JPG",0,"Ellie Arndt","6e975946-43db-40cf-a4bb-2977319097a1","Mammalia","Dasyuromorphia","Dasyuridae","Antechinus","","Antechinus Species",NA,"2023-07-27 07:19:41",1,NA,NA,NA,NA,NA,NA,"false",NA,NA,"CC-BY-NC",2004409,"S04_T24",151.7454,-32.2445,"2023-07-24 00:00:00","2023-07-27 00:00:00","Other","Universal mammal bait","None",NA,2085501,"S04_T24",0,"Camera Functioning","Knee height",NA,"Parallel",NA,NA,NA,NA,"Site_04",NA,NA,NA,NA,NA,2023-07-27 07:19:41,8801,147,2.5,0.1
2004409,"S04_T24_2023","e0a4823d-1fca-445b-ac5a-b482c178e0ad","site_04__trap_24__2023-07-26__11-07-44(2).JPG","gs://145625598251_2004409_606_usyd_tfe_2022__main/deployment/2244968/prod/directUpload/e0a4823d-1fca-445b-ac5a-b482c178e0ad.JPG",0,"Aaron Greenville","3450b781-acf9-4bdf-af8f-c555034e0271","Aves","Passeriformes","Acanthizidae","Sericornis","citreogularis","Yellow-throated Scrubwren",NA,"2023-07-26 11:07:44",1,NA,NA,NA,NA,NA,NA,"false",NA,NA,"CC-BY-NC",2004409,"S04_T24",151.7454,-32.2445,"2023-07-24 00:00:00","2023-07-27 00:00:00","Other","Universal mammal bait","None",NA,2085501,"S04_T24",0,"Camera Functioning","Knee height",NA,"Parallel",NA,NA,NA,NA,"Site_04",NA,NA,NA,NA,NA,2023-07-26 11:07:44,0,0,0,0
2004409,"S04_T24_2023","00e36d49-4b48-4068-9101-ab4c07a93b08","site_04__trap_24__2023-07-27__07-19-42(3).JPG","gs://145625598251_2004409_606_usyd_tfe_2022__main/deployment/2244968/prod/directUpload/00e36d49-4b48-4068-9101-ab4c07a93b08.JPG",0,"Aaron Greenville","3450b781-acf9-4bdf-af8f-c555034e0271","Aves","Passeriformes","Acanthizidae","Sericornis","citreogularis","Yellow-throated Scrubwren",NA,"2023-07-27 07:19:42",1,NA,NA,NA,NA,NA,NA,"false",NA,NA,"CC-BY-NC",2004409,"S04_T24",151.7454,-32.2445,"2023-07-24 00:00:00","2023-07-27 00:00:00","Other","Universal mammal bait","None",NA,2085501,"S04_T24",0,"Camera Functioning","Knee height",NA,"Parallel",NA,NA,NA,NA,"Site_04",NA,NA,NA,NA,NA,2023-07-27 07:19:42,72718,1212,20.2,0.8
2004409,"S04_T24_2023","71a22ecd-14c0-49f5-a775-e3e6d50872ce","site_04__trap_24__2023-07-27__07-28-00(1).JPG","gs://145625598251_2004409_606_usyd_tfe_2022__main/deployment/2244968/prod/directUpload/71a22ecd-14c0-49f5-a775-e3e6d50872ce.JPG",0,"Aaron Greenville","3450b781-acf9-4bdf-af8f-c555034e0271","Aves","Passeriformes","Acanthizidae","Sericornis","citreogularis","Yellow-throated Scrubwren",NA,"2023-07-27 07:28:00",1,NA,NA,NA,NA,NA,NA,"false",NA,NA,"CC-BY-NC",2004409,"S04_T24",151.7454,-32.2445,"2023-07-24 00:00:00","2023-07-27 00:00:00","Other","Universal mammal bait","None",NA,2085501,"S04_T24",0,"Camera Functioning","Knee height",NA,"Parallel",NA,NA,NA,NA,"Site_04",NA,NA,NA,NA,NA,2023-07-27 07:28:00,498,8,0.1,0
2004409,"S05_T08_2023","c788238f-a37d-418b-b877-9640cc19b53e","site_05__trap_08__2023-07-27__04-07-02(1).JPG","gs://145625598251_2004409_606_usyd_tfe_2022__main/deployment/2244972/prod/directUpload/c788238f-a37d-418b-b877-9640cc19b53e.JPG",0,"Tara Kernaghan","6ccf0c56-72ce-49c5-84bd-3aca403c1b26","Mammalia","Dasyuromorphia","Dasyuridae","Antechinus","stuartii","Brown Antechinus",NA,"2023-07-27 04:07:02",1,NA,NA,NA,NA,NA,NA,"false",NA,NA,"CC-BY-NC",2004409,"S05_T08",151.7513983,-32.246685,"2023-07-24 00:00:00","2023-07-27 00:00:00","Other","Universal mammal bait","None",NA,2085505,"S05_T08",0,"Camera Functioning","Knee height",NA,"Parallel",NA,NA,NA,NA,"Site_05",NA,NA,NA,NA,NA,2023-07-27 04:07:02,0,0,0,0
2004409,"S05_T08_2023","ca7482db-e554-4e5b-978a-ec52a6cb469e","site_05__trap_08__2023-07-27__04-07-21(7).JPG","gs://145625598251_2004409_606_usyd_tfe_2022__main/deployment/2244972/prod/directUpload/ca7482db-e554-4e5b-978a-ec52a6cb469e.JPG",0,"Tara Kernaghan","f97e5485-9bda-4eeb-83a3-d65ba57f410c","Mammalia","Rodentia","Muridae","Rattus","fuscipes","Bush Rat",NA,"2023-07-27 04:07:21",1,NA,NA,NA,NA,NA,NA,"false",NA,NA,"CC-BY-NC",2004409,"S05_T08",151.7513983,-32.246685,"2023-07-24 00:00:00","2023-07-27 00:00:00","Other","Universal mammal bait","None",NA,2085505,"S05_T08",0,"Camera Functioning","Knee height",NA,"Parallel",NA,NA,NA,NA,"Site_05",NA,NA,NA,NA,NA,2023-07-27 04:07:21,0,0,0,0
2004409,"S05_T08_2023","a78bea51-8e24-4cd8-93d1-166e57f576fb","site_05__trap_08__2023-07-27__04-15-23(1).JPG","gs://145625598251_2004409_606_usyd_tfe_2022__main/deployment/2244972/prod/directUpload/a78bea51-8e24-4cd8-93d1-166e57f576fb.JPG",0,"Tara Kernaghan","f97e5485-9bda-4eeb-83a3-d65ba57f410c","Mammalia","Rodentia","Muridae","Rattus","fuscipes","Bush Rat",NA,"2023-07-27 04:15:23",1,NA,NA,NA,NA,NA,NA,"false",NA,NA,"CC-BY-NC",2004409,"S05_T08",151.7513983,-32.246685,"2023-07-24 00:00:00","2023-07-27 00:00:00","Other","Universal mammal bait","None",NA,2085505,"S05_T08",0,"Camera Functioning","Knee height",NA,"Parallel",NA,NA,NA,NA,"Site_05",NA,NA,NA,NA,NA,2023-07-27 04:15:23,482,8,0.1,0
2004409,"S05_T08_2023","07e5fa23-644f-4170-b996-00718745aea3","site_05__trap_08__2023-07-24__11-52-39(10).JPG","gs://145625598251_2004409_606_usyd_tfe_2022__main/deployment/2244972/prod/directUpload/07e5fa23-644f-4170-b996-00718745aea3.JPG",0,"Tara Kernaghan","f2d233e3-80e3-433d-9687-e29ecc7a467a","Mammalia","","","","","Mammal",NA,"2023-07-24 11:52:39",1,NA,NA,NA,NA,NA,NA,"false",NA,NA,"CC-BY-NC",2004409,"S05_T08",151.7513983,-32.246685,"2023-07-24 00:00:00","2023-07-27 00:00:00","Other","Universal mammal bait","None",NA,2085505,"S05_T08",0,"Camera Functioning","Knee height",NA,"Parallel",NA,NA,NA,NA,"Site_05",NA,NA,NA,NA,NA,2023-07-24 11:52:39,0,0,0,0
2004409,"S05_T08_2023","8b1601f5-bf67-4dad-9d01-a865b97d35a1","site_05__trap_08__2023-07-27__02-21-43(1).JPG","gs://145625598251_2004409_606_usyd_tfe_2022__main/deployment/2244972/prod/directUpload/8b1601f5-bf67-4dad-9d01-a865b97d35a1.JPG",0,"Tara Kernaghan","e3df98de-20bf-44e2-a0a6-6fb2adc35519","Mammalia","Diprotodontia","Phalangeridae","Trichosurus","caninus","Short-eared Brushtail Possum",NA,"2023-07-27 02:21:43",1,NA,NA,NA,NA,NA,NA,"false",NA,NA,"CC-BY-NC",2004409,"S05_T08",151.7513983,-32.246685,"2023-07-24 00:00:00","2023-07-27 00:00:00","Other","Universal mammal bait","None",NA,2085505,"S05_T08",0,"Camera Functioning","Knee height",NA,"Parallel",NA,NA,NA,NA,"Site_05",NA,NA,NA,NA,NA,2023-07-27 02:21:43,0,0,0,0
2004409,"S05_T10_2023","5f959591-5033-4ba3-954a-7f0f7faeef00","site_05__trap_10__2023-07-26__05-49-47(4).JPG","gs://145625598251_2004409_606_usyd_tfe_2022__main/deployment/2244973/prod/directUpload/5f959591-5033-4ba3-954a-7f0f7faeef00.JPG",0,"Catherine C","f2d233e3-80e3-433d-9687-e29ecc7a467a","Mammalia","","","","","Mammal",NA,"2023-07-26 05:49:47",1,NA,NA,NA,NA,NA,NA,"false",NA,NA,"CC-BY-NC",2004409,"S05_T10",151.751655,-32.24666167,"2023-07-24 00:00:00","2023-07-27 00:00:00","Other","Universal mammal bait","None",NA,2085506,"S05_T10",0,"Camera Functioning","Knee height",NA,"Parallel",NA,NA,NA,NA,"Site_05",NA,NA,NA,NA,NA,2023-07-26 05:49:47,0,0,0,0
2004409,"S05_T10_2023","089be73c-1a78-492b-86aa-9e241599e571","site_05__trap_10__2023-07-26__20-51-04(2).JPG","gs://145625598251_2004409_606_usyd_tfe_2022__main/deployment/2244973/prod/directUpload/089be73c-1a78-492b-86aa-9e241599e571.JPG",0,"Catherine C","f2d233e3-80e3-433d-9687-e29ecc7a467a","Mammalia","","","","","Mammal",NA,"2023-07-26 20:51:04",1,NA,NA,NA,NA,NA,NA,"false",NA,NA,"CC-BY-NC",2004409,"S05_T10",151.751655,-32.24666167,"2023-07-24 00:00:00","2023-07-27 00:00:00","Other","Universal mammal bait","None",NA,2085506,"S05_T10",0,"Camera Functioning","Knee height",NA,"Parallel",NA,NA,NA,NA,"Site_05",NA,NA,NA,NA,NA,2023-07-26 20:51:04,54077,901,15,0.6
2004409,"S05_T10_2023","9d091a97-a204-4639-a29f-b795ecd97346","site_05__trap_10__2023-07-26__22-01-08(1).JPG","gs://145625598251_2004409_606_usyd_tfe_2022__main/deployment/2244973/prod/directUpload/9d091a97-a204-4639-a29f-b795ecd97346.JPG",0,"Catherine C","f2d233e3-80e3-433d-9687-e29ecc7a467a","Mammalia","","","","","Mammal",NA,"2023-07-26 22:01:08",1,NA,NA,NA,NA,NA,NA,"false",NA,NA,"CC-BY-NC",2004409,"S05_T10",151.751655,-32.24666167,"2023-07-24 00:00:00","2023-07-27 00:00:00","Other","Universal mammal bait","None",NA,2085506,"S05_T10",0,"Camera Functioning","Knee height",NA,"Parallel",NA,NA,NA,NA,"Site_05",NA,NA,NA,NA,NA,2023-07-26 22:01:08,4204,70,1.2,0
2004409,"S05_T10_2023","d287cdb3-850a-4cc4-b9d6-56492ac07c05","site_05__trap_10__2023-07-26__00-23-39(1).JPG","gs://145625598251_2004409_606_usyd_tfe_2022__main/deployment/2244973/prod/directUpload/d287cdb3-850a-4cc4-b9d6-56492ac07c05.JPG",0,"Catherine C","00049ff0-2ffa-4d82-8cf3-c861fbbfa9d5","Mammalia","Rodentia","Muridae","Rattus","","Rattus Species",NA,"2023-07-26 00:23:39",1,NA,NA,NA,NA,NA,NA,"false",NA,NA,"CC-BY-NC",2004409,"S05_T10",151.751655,-32.24666167,"2023-07-24 00:00:00","2023-07-27 00:00:00","Other","Universal mammal bait","None",NA,2085506,"S05_T10",0,"Camera Functioning","Knee height",NA,"Parallel",NA,NA,NA,NA,"Site_05",NA,NA,NA,NA,NA,2023-07-26 00:23:39,0,0,0,0
2004409,"S05_T10_2023","13c0d132-1931-4dde-96b0-2cc30cf52483","site_05__trap_10__2023-07-26__05-49-05(1).JPG","gs://145625598251_2004409_606_usyd_tfe_2022__main/deployment/2244973/prod/directUpload/13c0d132-1931-4dde-96b0-2cc30cf52483.JPG",0,"Catherine C","00049ff0-2ffa-4d82-8cf3-c861fbbfa9d5","Mammalia","Rodentia","Muridae","Rattus","","Rattus Species",NA,"2023-07-26 05:49:05",1,NA,NA,NA,NA,NA,NA,"false",NA,NA,"CC-BY-NC",2004409,"S05_T10",151.751655,-32.24666167,"2023-07-24 00:00:00","2023-07-27 00:00:00","Other","Universal mammal bait","None",NA,2085506,"S05_T10",0,"Camera Functioning","Knee height",NA,"Parallel",NA,NA,NA,NA,"Site_05",NA,NA,NA,NA,NA,2023-07-26 05:49:05,19526,325,5.4,0.2
2004409,"S05_T10_2023","e8ff1a66-91c5-4467-b560-87eb3c36cce8","site_05__trap_10__2023-07-26__19-18-13(1).JPG","gs://145625598251_2004409_606_usyd_tfe_2022__main/deployment/2244973/prod/directUpload/e8ff1a66-91c5-4467-b560-87eb3c36cce8.JPG",0,"Catherine C","00049ff0-2ffa-4d82-8cf3-c861fbbfa9d5","Mammalia","Rodentia","Muridae","Rattus","","Rattus Species",NA,"2023-07-26 19:18:13",1,NA,NA,NA,NA,NA,NA,"false",NA,NA,"CC-BY-NC",2004409,"S05_T10",151.751655,-32.24666167,"2023-07-24 00:00:00","2023-07-27 00:00:00","Other","Universal mammal bait","None",NA,2085506,"S05_T10",0,"Camera Functioning","Knee height",NA,"Parallel",NA,NA,NA,NA,"Site_05",NA,NA,NA,NA,NA,2023-07-26 19:18:13,48548,809,13.5,0.6
2004409,"S05_T10_2023","bc6592b0-816f-4727-b7d9-7097dd7aa678","site_05__trap_10__2023-07-26__19-28-07(3).JPG","gs://145625598251_2004409_606_usyd_tfe_2022__main/deployment/2244973/prod/directUpload/bc6592b0-816f-4727-b7d9-7097dd7aa678.JPG",0,"Catherine C","00049ff0-2ffa-4d82-8cf3-c861fbbfa9d5","Mammalia","Rodentia","Muridae","Rattus","","Rattus Species",NA,"2023-07-26 19:28:07",1,NA,NA,NA,NA,NA,NA,"false",NA,NA,"CC-BY-NC",2004409,"S05_T10",151.751655,-32.24666167,"2023-07-24 00:00:00","2023-07-27 00:00:00","Other","Universal mammal bait","None",NA,2085506,"S05_T10",0,"Camera Functioning","Knee height",NA,"Parallel",NA,NA,NA,NA,"Site_05",NA,NA,NA,NA,NA,2023-07-26 19:28:07,594,10,0.2,0
2004409,"S05_T10_2023","07daa462-92d2-4f48-a93c-4499ff11d789","site_05__trap_10__2023-07-26__22-01-09(2).JPG","gs://145625598251_2004409_606_usyd_tfe_2022__main/deployment/2244973/prod/directUpload/07daa462-92d2-4f48-a93c-4499ff11d789.JPG",0,"Catherine C","00049ff0-2ffa-4d82-8cf3-c861fbbfa9d5","Mammalia","Rodentia","Muridae","Rattus","","Rattus Species",NA,"2023-07-26 22:01:09",1,NA,NA,NA,NA,NA,NA,"false",NA,NA,"CC-BY-NC",2004409,"S05_T10",151.751655,-32.24666167,"2023-07-24 00:00:00","2023-07-27 00:00:00","Other","Universal mammal bait","None",NA,2085506,"S05_T10",0,"Camera Functioning","Knee height",NA,"Parallel",NA,NA,NA,NA,"Site_05",NA,NA,NA,NA,NA,2023-07-26 22:01:09,9182,153,2.5,0.1
2004409,"S05_T10_2023","795c5168-29e9-4901-ba2b-a46c541d7d83","site_05__trap_10__2023-07-27__01-34-44(1).JPG","gs://145625598251_2004409_606_usyd_tfe_2022__main/deployment/2244973/prod/directUpload/795c5168-29e9-4901-ba2b-a46c541d7d83.JPG",0,"Catherine C","00049ff0-2ffa-4d82-8cf3-c861fbbfa9d5","Mammalia","Rodentia","Muridae","Rattus","","Rattus Species",NA,"2023-07-27 01:34:44",1,NA,NA,NA,NA,NA,NA,"false",NA,NA,"CC-BY-NC",2004409,"S05_T10",151.751655,-32.24666167,"2023-07-24 00:00:00","2023-07-27 00:00:00","Other","Universal mammal bait","None",NA,2085506,"S05_T10",0,"Camera Functioning","Knee height",NA,"Parallel",NA,NA,NA,NA,"Site_05",NA,NA,NA,NA,NA,2023-07-27 01:34:44,12815,214,3.6,0.1
2004409,"S05_T10_2023","19330ece-ace5-4218-a981-50eb3e6b6e40","site_05__trap_10__2023-07-27__02-25-53(1).JPG","gs://145625598251_2004409_606_usyd_tfe_2022__main/deployment/2244973/prod/directUpload/19330ece-ace5-4218-a981-50eb3e6b6e40.JPG",0,"Catherine C","00049ff0-2ffa-4d82-8cf3-c861fbbfa9d5","Mammalia","Rodentia","Muridae","Rattus","","Rattus Species",NA,"2023-07-27 02:25:53",1,NA,NA,NA,NA,NA,NA,"false",NA,NA,"CC-BY-NC",2004409,"S05_T10",151.751655,-32.24666167,"2023-07-24 00:00:00","2023-07-27 00:00:00","Other","Universal mammal bait","None",NA,2085506,"S05_T10",0,"Camera Functioning","Knee height",NA,"Parallel",NA,NA,NA,NA,"Site_05",NA,NA,NA,NA,NA,2023-07-27 02:25:53,3069,51,0.8,0
2004409,"S05_T10_2023","a2c0f462-a56b-4776-9acc-05a11ab399c7","site_05__trap_10__2023-07-27__02-31-19(1).JPG","gs://145625598251_2004409_606_usyd_tfe_2022__main/deployment/2244973/prod/directUpload/a2c0f462-a56b-4776-9acc-05a11ab399c7.JPG",0,"Catherine C","00049ff0-2ffa-4d82-8cf3-c861fbbfa9d5","Mammalia","Rodentia","Muridae","Rattus","","Rattus Species",NA,"2023-07-27 02:31:19",1,NA,NA,NA,NA,NA,NA,"false",NA,NA,"CC-BY-NC",2004409,"S05_T10",151.751655,-32.24666167,"2023-07-24 00:00:00","2023-07-27 00:00:00","Other","Universal mammal bait","None",NA,2085506,"S05_T10",0,"Camera Functioning","Knee height",NA,"Parallel",NA,NA,NA,NA,"Site_05",NA,NA,NA,NA,NA,2023-07-27 02:31:19,326,5,0.1,0
2004409,"S05_T10_2023","17512978-12b2-4e90-a2c8-4fde96065619","site_05__trap_10__2023-07-27__02-36-26(1).JPG","gs://145625598251_2004409_606_usyd_tfe_2022__main/deployment/2244973/prod/directUpload/17512978-12b2-4e90-a2c8-4fde96065619.JPG",0,"Catherine C","00049ff0-2ffa-4d82-8cf3-c861fbbfa9d5","Mammalia","Rodentia","Muridae","Rattus","","Rattus Species",NA,"2023-07-27 02:36:26",1,NA,NA,NA,NA,NA,NA,"false",NA,NA,"CC-BY-NC",2004409,"S05_T10",151.751655,-32.24666167,"2023-07-24 00:00:00","2023-07-27 00:00:00","Other","Universal mammal bait","None",NA,2085506,"S05_T10",0,"Camera Functioning","Knee height",NA,"Parallel",NA,NA,NA,NA,"Site_05",NA,NA,NA,NA,NA,2023-07-27 02:36:26,307,5,0.1,0
2004409,"S05_T10_2023","34aa0dd2-96d0-4478-811b-ec1f0f279622","site_05__trap_10__2023-07-27__02-46-03(1).JPG","gs://145625598251_2004409_606_usyd_tfe_2022__main/deployment/2244973/prod/directUpload/34aa0dd2-96d0-4478-811b-ec1f0f279622.JPG",0,"Catherine C","00049ff0-2ffa-4d82-8cf3-c861fbbfa9d5","Mammalia","Rodentia","Muridae","Rattus","","Rattus Species",NA,"2023-07-27 02:46:03",1,NA,NA,NA,NA,NA,NA,"false",NA,NA,"CC-BY-NC",2004409,"S05_T10",151.751655,-32.24666167,"2023-07-24 00:00:00","2023-07-27 00:00:00","Other","Universal mammal bait","None",NA,2085506,"S05_T10",0,"Camera Functioning","Knee height",NA,"Parallel",NA,NA,NA,NA,"Site_05",NA,NA,NA,NA,NA,2023-07-27 02:46:03,577,10,0.2,0
2004409,"S05_T10_2023","0d753c76-cfb4-4006-a460-20084b982dd7","site_05__trap_10__2023-07-27__03-31-33(1).JPG","gs://145625598251_2004409_606_usyd_tfe_2022__main/deployment/2244973/prod/directUpload/0d753c76-cfb4-4006-a460-20084b982dd7.JPG",0,"Catherine C","00049ff0-2ffa-4d82-8cf3-c861fbbfa9d5","Mammalia","Rodentia","Muridae","Rattus","","Rattus Species",NA,"2023-07-27 03:31:33",1,NA,NA,NA,NA,NA,NA,"false",NA,NA,"CC-BY-NC",2004409,"S05_T10",151.751655,-32.24666167,"2023-07-24 00:00:00","2023-07-27 00:00:00","Other","Universal mammal bait","None",NA,2085506,"S05_T10",0,"Camera Functioning","Knee height",NA,"Parallel",NA,NA,NA,NA,"Site_05",NA,NA,NA,NA,NA,2023-07-27 03:31:33,2730,46,0.8,0
2004409,"S05_T10_2023","6643b1f1-6ca5-49f4-9f83-81b250cd376a","site_05__trap_10__2023-07-27__02-39-02(1).JPG","gs://145625598251_2004409_606_usyd_tfe_2022__main/deployment/2244973/prod/directUpload/6643b1f1-6ca5-49f4-9f83-81b250cd376a.JPG",0,"Catherine C","90d950db-2106-4bd9-a4c1-777604c3eada","Mammalia","Rodentia","","","","Rodent",NA,"2023-07-27 02:39:02",1,NA,NA,NA,NA,NA,NA,"false",NA,NA,"CC-BY-NC",2004409,"S05_T10",151.751655,-32.24666167,"2023-07-24 00:00:00","2023-07-27 00:00:00","Other","Universal mammal bait","None",NA,2085506,"S05_T10",0,"Camera Functioning","Knee height",NA,"Parallel",NA,NA,NA,NA,"Site_05",NA,NA,NA,NA,NA,2023-07-27 02:39:02,0,0,0,0
2004409,"S05_T10_2023","182a7b43-f9da-4cb7-847a-167e9635a9cb","site_05__trap_10__2023-07-26__20-51-03(1).JPG","gs://145625598251_2004409_606_usyd_tfe_2022__main/deployment/2244973/prod/directUpload/182a7b43-f9da-4cb7-847a-167e9635a9cb.JPG",0,"Catherine C","d8cabc3b-7bbe-45b0-b9a9-600e114d189b","Mammalia","","","","","Small Mammal",NA,"2023-07-26 20:51:03",1,NA,NA,NA,NA,NA,NA,"false",NA,NA,"CC-BY-NC",2004409,"S05_T10",151.751655,-32.24666167,"2023-07-24 00:00:00","2023-07-27 00:00:00","Other","Universal mammal bait","None",NA,2085506,"S05_T10",0,"Camera Functioning","Knee height",NA,"Parallel",NA,NA,NA,NA,"Site_05",NA,NA,NA,NA,NA,2023-07-26 20:51:03,0,0,0,0
2004409,"S05_T12_2023","1a2837e2-adf5-4215-8869-eb003d87aa96","site_05__trap_12__2023-07-25__07-06-36(1).JPG","gs://145625598251_2004409_606_usyd_tfe_2022__main/deployment/2244974/prod/directUpload/1a2837e2-adf5-4215-8869-eb003d87aa96.JPG",0,"Catherine C","36b9abce-005b-439a-858f-1660e5027ccb","Mammalia","Chordata","Canidae","Canis","lupus dingo","Dingo",NA,"2023-07-25 07:06:36",1,NA,NA,NA,NA,NA,NA,"false",NA,NA,"CC-BY-NC",2004409,"S05_T12",151.7517167,-32.24657667,"2023-07-24 00:00:00","2023-07-27 00:00:00","Other","Universal mammal bait","None",NA,2085507,"S05_T12",0,"Camera Functioning","Knee height",NA,"Parallel",NA,NA,NA,NA,"Site_05",NA,NA,NA,NA,NA,2023-07-25 07:06:36,0,0,0,0
2004409,"S05_T14_2023","02836f3c-511c-4826-864f-7278a1355b6a","site_05__trap_14__2023-07-26__00-11-39(1).JPG","gs://145625598251_2004409_606_usyd_tfe_2022__main/deployment/2244975/prod/directUpload/02836f3c-511c-4826-864f-7278a1355b6a.JPG",0,"Aaron Greenville","fb03e3e9-d1f1-4494-8c48-bdf14a7d09c0","Mammalia","Diprotodontia","Pseudocheiridae","Pseudocheirus","peregrinus","Common Ringtail Possum",NA,"2023-07-26 00:11:39",1,NA,NA,NA,NA,NA,NA,"false",NA,NA,"CC-BY-NC",2004409,"S05_T14",151.7513533,-32.24630167,"2023-07-24 00:00:00","2023-07-27 00:00:00","Other","Universal mammal bait","None",NA,2085508,"S05_T14",0,"Camera Functioning","Knee height",NA,"Parallel",NA,NA,NA,NA,"Site_05",NA,NA,NA,NA,NA,2023-07-26 00:11:39,0,0,0,0
2004409,"S05_T14_2023","9c5a418d-5972-41fd-bd84-c173866e33c4","site_05__trap_14__2023-07-24__15-04-52(30).JPG","gs://145625598251_2004409_606_usyd_tfe_2022__main/deployment/2244975/prod/directUpload/9c5a418d-5972-41fd-bd84-c173866e33c4.JPG",0,"Catherine C","f2d233e3-80e3-433d-9687-e29ecc7a467a","Mammalia","","","","","Mammal",NA,"2023-07-24 15:04:52",1,NA,NA,NA,NA,NA,NA,"false",NA,NA,"CC-BY-NC",2004409,"S05_T14",151.7513533,-32.24630167,"2023-07-24 00:00:00","2023-07-27 00:00:00","Other","Universal mammal bait","None",NA,2085508,"S05_T14",0,"Camera Functioning","Knee height",NA,"Parallel",NA,NA,NA,NA,"Site_05",NA,NA,NA,NA,NA,2023-07-24 15:04:52,0,0,0,0
2004409,"S05_T18_2023","c3b9826a-522f-452f-9c66-1b2aa1e54141","site_05__trap_18__2023-07-25__21-36-09(1).JPG","gs://145625598251_2004409_606_usyd_tfe_2022__main/deployment/2244977/prod/directUpload/c3b9826a-522f-452f-9c66-1b2aa1e54141.JPG",0,"Arielle Saunders","f97e5485-9bda-4eeb-83a3-d65ba57f410c","Mammalia","Rodentia","Muridae","Rattus","fuscipes","Bush Rat",NA,"2023-07-25 21:36:09",1,NA,NA,NA,NA,NA,NA,"false",NA,NA,"CC-BY-NC",2004409,"S05_T18",151.75131,-32.24646167,"2023-07-24 00:00:00","2023-07-27 00:00:00","Other","Universal mammal bait","None",NA,2085510,"S05_T18",0,"Camera Functioning","Knee height",NA,"Parallel",NA,NA,NA,NA,"Site_05",NA,NA,NA,NA,NA,2023-07-25 21:36:09,0,0,0,0
2004409,"S05_T24_2023","d3a42c0b-68fc-4e60-9f16-ebbdf174e4ab","site_05__trap_24__2023-07-25__05-37-39(1).JPG","gs://145625598251_2004409_606_usyd_tfe_2022__main/deployment/2244980/prod/directUpload/d3a42c0b-68fc-4e60-9f16-ebbdf174e4ab.JPG",0,"Aaron Greenville","6e975946-43db-40cf-a4bb-2977319097a1","Mammalia","Dasyuromorphia","Dasyuridae","Antechinus","","Antechinus Species",NA,"2023-07-25 05:37:39",1,NA,NA,NA,NA,NA,NA,"false",NA,NA,"CC-BY-NC",2004409,"S05_T24",151.7508067,-32.24637333,"2023-07-24 00:00:00","2023-07-27 00:00:00","Other","Universal mammal bait","None",NA,2085513,"S05_T24",0,"Camera Functioning","Knee height",NA,"Parallel",NA,NA,NA,NA,"Site_05",NA,NA,NA,NA,NA,2023-07-25 05:37:39,0,0,0,0
2004409,"S05_T24_2023","bad6645c-0bae-4750-a51f-33d6491b5857","site_05__trap_24__2023-07-24__17-43-11(1).JPG","gs://145625598251_2004409_606_usyd_tfe_2022__main/deployment/2244980/prod/directUpload/bad6645c-0bae-4750-a51f-33d6491b5857.JPG",0,"Arielle Saunders","6ccf0c56-72ce-49c5-84bd-3aca403c1b26","Mammalia","Dasyuromorphia","Dasyuridae","Antechinus","stuartii","Brown Antechinus",NA,"2023-07-24 17:43:11",1,NA,NA,NA,NA,NA,NA,"false",NA,NA,"CC-BY-NC",2004409,"S05_T24",151.7508067,-32.24637333,"2023-07-24 00:00:00","2023-07-27 00:00:00","Other","Universal mammal bait","None",NA,2085513,"S05_T24",0,"Camera Functioning","Knee height",NA,"Parallel",NA,NA,NA,NA,"Site_05",NA,NA,NA,NA,NA,2023-07-24 17:43:11,0,0,0,0
2004409,"S05_T24_2023","fbf97345-6626-4833-9ade-4a11d7ff07b1","site_05__trap_24__2023-07-25__05-37-41(3).JPG","gs://145625598251_2004409_606_usyd_tfe_2022__main/deployment/2244980/prod/directUpload/fbf97345-6626-4833-9ade-4a11d7ff07b1.JPG",0,"Arielle Saunders","6ccf0c56-72ce-49c5-84bd-3aca403c1b26","Mammalia","Dasyuromorphia","Dasyuridae","Antechinus","stuartii","Brown Antechinus",NA,"2023-07-25 05:37:41",1,NA,NA,NA,NA,NA,NA,"false",NA,NA,"CC-BY-NC",2004409,"S05_T24",151.7508067,-32.24637333,"2023-07-24 00:00:00","2023-07-27 00:00:00","Other","Universal mammal bait","None",NA,2085513,"S05_T24",0,"Camera Functioning","Knee height",NA,"Parallel",NA,NA,NA,NA,"Site_05",NA,NA,NA,NA,NA,2023-07-25 05:37:41,42870,714,11.9,0.5
2004409,"S05_T24_2023","4b291c5f-f615-4524-b69c-94a36c5c2960","site_05__trap_24__2023-07-26__00-04-25(1).JPG","gs://145625598251_2004409_606_usyd_tfe_2022__main/deployment/2244980/prod/directUpload/4b291c5f-f615-4524-b69c-94a36c5c2960.JPG",0,"Arielle Saunders","f97e5485-9bda-4eeb-83a3-d65ba57f410c","Mammalia","Rodentia","Muridae","Rattus","fuscipes","Bush Rat",NA,"2023-07-26 00:04:25",1,NA,NA,NA,NA,NA,NA,"false",NA,NA,"CC-BY-NC",2004409,"S05_T24",151.7508067,-32.24637333,"2023-07-24 00:00:00","2023-07-27 00:00:00","Other","Universal mammal bait","None",NA,2085513,"S05_T24",0,"Camera Functioning","Knee height",NA,"Parallel",NA,NA,NA,NA,"Site_05",NA,NA,NA,NA,NA,2023-07-26 00:04:25,0,0,0,0
2004409,"S05_T24_2023","74504f5b-648f-4d20-8477-7fb806c892af","site_05__trap_24__2023-07-26__23-01-59(1).JPG","gs://145625598251_2004409_606_usyd_tfe_2022__main/deployment/2244980/prod/directUpload/74504f5b-648f-4d20-8477-7fb806c892af.JPG",0,"Arielle Saunders","9880b662-dc21-453b-aa2f-dd97338f623b","Mammalia","Rodentia","Muridae","","","Muridae Family",NA,"2023-07-26 23:01:59",1,NA,NA,NA,NA,NA,NA,"false",NA,NA,"CC-BY-NC",2004409,"S05_T24",151.7508067,-32.24637333,"2023-07-24 00:00:00","2023-07-27 00:00:00","Other","Universal mammal bait","None",NA,2085513,"S05_T24",0,"Camera Functioning","Knee height",NA,"Parallel",NA,NA,NA,NA,"Site_05",NA,NA,NA,NA,NA,2023-07-26 23:01:59,0,0,0,0
