"project_id.x","deployment_id","image_id","filename","location","is_blank","identified_by","wi_taxon_id","class","order","family","genus","species","common_name","uncertainty","timestamp","number_of_objects","age","sex","animal_recognizable","individual_id","individual_animal_notes","behavior","highlighted","markings","cv_confidence","license","bounding_boxes","project_id.y","placename","longitude","latitude","start_date","end_date","bait_type","bait_description","feature_type","feature_type_methodology","camera_id","camera_name","quiet_period","camera_functioning","sensor_height","height_other","sensor_orientation","orientation_other","plot_treatment","plot_treatment_description","detection_distance","subproject_name","subproject_design","event_name","event_description","event_type","recorded_by","remarks","DateTimeOriginal","delta.time.secs","delta.time.mins","delta.time.hours","delta.time.days"
2004409,"S02_T02_2024","85c25d18-ccde-47c0-b626-b34d775739d6","Site02__2024_site2_trap_2__2024-07-24__06-18-07(1).JPG","gs://145625598251_2004409_606_usyd_tfe_2022__main/deployment/2310239/prod/directUpload/85c25d18-ccde-47c0-b626-b34d775739d6.JPG",0,"Aaron Greenville","6e975946-43db-40cf-a4bb-2977319097a1","Mammalia","Dasyuromorphia","Dasyuridae","Antechinus","","Antechinus Species",NA,"2024-07-24 06:18:07",1,"","",NA,NA,NA,NA,"false",NA,NA,"CC-BY-NC","",2004409,"S02_T02",151.7393117,-32.24083333,"2024-07-22 00:00:00","2024-07-25 00:00:00","Other","Universal mammal bait","None",NA,2085469,"S02_T02",0,"Camera Functioning","Knee height",NA,"Parallel",NA,NA,NA,NA,"Site_02",NA,NA,NA,NA,NA,NA,2024-07-24 06:18:07,0,0,0,0
2004409,"S02_T02_2024","f30b4769-8ddb-438d-9ae8-51c06b24011c","Site02__2024_site2_trap_2__2024-07-24__06-58-05(1).JPG","gs://145625598251_2004409_606_usyd_tfe_2022__main/deployment/2310239/prod/directUpload/f30b4769-8ddb-438d-9ae8-51c06b24011c.JPG",0,"Aaron Greenville","6e975946-43db-40cf-a4bb-2977319097a1","Mammalia","Dasyuromorphia","Dasyuridae","Antechinus","","Antechinus Species",NA,"2024-07-24 06:58:05",1,"","",NA,NA,NA,NA,"false",NA,NA,"CC-BY-NC","{""{\""detectionBox\"":[0.469545543,0.342197955,0.663166106,0.467961133]}""}",2004409,"S02_T02",151.7393117,-32.24083333,"2024-07-22 00:00:00","2024-07-25 00:00:00","Other","Universal mammal bait","None",NA,2085469,"S02_T02",0,"Camera Functioning","Knee height",NA,"Parallel",NA,NA,NA,NA,"Site_02",NA,NA,NA,NA,NA,NA,2024-07-24 06:58:05,2398,40,0.7,0
2004409,"S02_T02_2024","53324f5d-9bd1-4244-9318-e8d55fffa210","Site02__2024_site2_trap_2__2024-07-24__16-06-07(1).JPG","gs://145625598251_2004409_606_usyd_tfe_2022__main/deployment/2310239/prod/directUpload/53324f5d-9bd1-4244-9318-e8d55fffa210.JPG",0,"Aaron Greenville","6e975946-43db-40cf-a4bb-2977319097a1","Mammalia","Dasyuromorphia","Dasyuridae","Antechinus","","Antechinus Species",NA,"2024-07-24 16:06:07",1,"","",NA,NA,NA,NA,"false",NA,NA,"CC-BY-NC","{""{\""detectionBox\"":[0.502642751,0.379656732,0.673270702,0.510631561]}""}",2004409,"S02_T02",151.7393117,-32.24083333,"2024-07-22 00:00:00","2024-07-25 00:00:00","Other","Universal mammal bait","None",NA,2085469,"S02_T02",0,"Camera Functioning","Knee height",NA,"Parallel",NA,NA,NA,NA,"Site_02",NA,NA,NA,NA,NA,NA,2024-07-24 16:06:07,32882,548,9.1,0.4
2004409,"S02_T02_2024","55fa08d8-1729-404a-ae9e-0186f68bf10a","Site02__2024_site2_trap_2__2024-07-24__16-32-16(1).JPG","gs://145625598251_2004409_606_usyd_tfe_2022__main/deployment/2310239/prod/directUpload/55fa08d8-1729-404a-ae9e-0186f68bf10a.JPG",0,"Aaron Greenville","6e975946-43db-40cf-a4bb-2977319097a1","Mammalia","Dasyuromorphia","Dasyuridae","Antechinus","","Antechinus Species",NA,"2024-07-24 16:32:16",1,"","",NA,NA,NA,NA,"false",NA,NA,"CC-BY-NC","{""{\""detectionBox\"":[0.555087447,0.231095389,0.760900915,0.331025422]}""}",2004409,"S02_T02",151.7393117,-32.24083333,"2024-07-22 00:00:00","2024-07-25 00:00:00","Other","Universal mammal bait","None",NA,2085469,"S02_T02",0,"Camera Functioning","Knee height",NA,"Parallel",NA,NA,NA,NA,"Site_02",NA,NA,NA,NA,NA,NA,2024-07-24 16:32:16,1569,26,0.4,0
2004409,"S02_T02_2024","df76f9b7-3252-42a4-ad41-5987d65b8b59","Site02__2024_site2_trap_2__2024-07-22__19-52-00(1).JPG","gs://145625598251_2004409_606_usyd_tfe_2022__main/deployment/2310239/prod/directUpload/df76f9b7-3252-42a4-ad41-5987d65b8b59.JPG",0,"jess smith","6ccf0c56-72ce-49c5-84bd-3aca403c1b26","Mammalia","Dasyuromorphia","Dasyuridae","Antechinus","stuartii","Brown Antechinus",NA,"2024-07-22 19:52:00",1,"","",NA,NA,NA,NA,"false",NA,NA,"CC-BY-NC","{""{\""detectionBox\"":[0.689628124,0.000220332295,0.978295386,0.0591481067]}""}",2004409,"S02_T02",151.7393117,-32.24083333,"2024-07-22 00:00:00","2024-07-25 00:00:00","Other","Universal mammal bait","None",NA,2085469,"S02_T02",0,"Camera Functioning","Knee height",NA,"Parallel",NA,NA,NA,NA,"Site_02",NA,NA,NA,NA,NA,NA,2024-07-22 19:52:00,0,0,0,0
2004409,"S02_T02_2024","d90377f7-6770-4c0b-8537-4532f704f89b","Site02__2024_site2_trap_2__2024-07-22__21-33-23(3).JPG","gs://145625598251_2004409_606_usyd_tfe_2022__main/deployment/2310239/prod/directUpload/d90377f7-6770-4c0b-8537-4532f704f89b.JPG",0,"jess smith","6ccf0c56-72ce-49c5-84bd-3aca403c1b26","Mammalia","Dasyuromorphia","Dasyuridae","Antechinus","stuartii","Brown Antechinus",NA,"2024-07-22 21:33:23",1,"","",NA,NA,NA,NA,"false",NA,NA,"CC-BY-NC","",2004409,"S02_T02",151.7393117,-32.24083333,"2024-07-22 00:00:00","2024-07-25 00:00:00","Other","Universal mammal bait","None",NA,2085469,"S02_T02",0,"Camera Functioning","Knee height",NA,"Parallel",NA,NA,NA,NA,"Site_02",NA,NA,NA,NA,NA,NA,2024-07-22 21:33:23,6083,101,1.7,0.1
2004409,"S02_T02_2024","d7cc067b-c496-49a7-a724-5999e34336c6","Site02__2024_site2_trap_2__2024-07-24__06-17-21(2).JPG","gs://145625598251_2004409_606_usyd_tfe_2022__main/deployment/2310239/prod/directUpload/d7cc067b-c496-49a7-a724-5999e34336c6.JPG",0,"jess smith","6ccf0c56-72ce-49c5-84bd-3aca403c1b26","Mammalia","Dasyuromorphia","Dasyuridae","Antechinus","stuartii","Brown Antechinus",NA,"2024-07-24 06:17:21",1,"","",NA,NA,NA,NA,"false",NA,NA,"CC-BY-NC","{""{\""detectionBox\"":[0.457105815,0.912678242,0.623358071,1]}""}",2004409,"S02_T02",151.7393117,-32.24083333,"2024-07-22 00:00:00","2024-07-25 00:00:00","Other","Universal mammal bait","None",NA,2085469,"S02_T02",0,"Camera Functioning","Knee height",NA,"Parallel",NA,NA,NA,NA,"Site_02",NA,NA,NA,NA,NA,NA,2024-07-24 06:17:21,117838,1964,32.7,1.4
2004409,"S02_T02_2024","6a1c9761-2505-42ec-b0fd-9a0d3b129180","Site02__2024_site2_trap_2__2024-07-24__16-06-27(7).JPG","gs://145625598251_2004409_606_usyd_tfe_2022__main/deployment/2310239/prod/directUpload/6a1c9761-2505-42ec-b0fd-9a0d3b129180.JPG",0,"jess smith","6ccf0c56-72ce-49c5-84bd-3aca403c1b26","Mammalia","Dasyuromorphia","Dasyuridae","Antechinus","stuartii","Brown Antechinus",NA,"2024-07-24 16:06:27",1,"","",NA,NA,NA,NA,"false",NA,NA,"CC-BY-NC","{""{\""detectionBox\"":[0.60736388,0.22503677,0.845837951,0.325422615]}""}",2004409,"S02_T02",151.7393117,-32.24083333,"2024-07-22 00:00:00","2024-07-25 00:00:00","Other","Universal mammal bait","None",NA,2085469,"S02_T02",0,"Camera Functioning","Knee height",NA,"Parallel",NA,NA,NA,NA,"Site_02",NA,NA,NA,NA,NA,NA,2024-07-24 16:06:27,35346,589,9.8,0.4
2004409,"S02_T02_2024","fbd80d7d-7072-4a3f-a8b9-0c39bd03b990","Site02__2024_site2_trap_2__2024-07-24__19-25-23(3).JPG","gs://145625598251_2004409_606_usyd_tfe_2022__main/deployment/2310239/prod/directUpload/fbd80d7d-7072-4a3f-a8b9-0c39bd03b990.JPG",0,"jess smith","6ccf0c56-72ce-49c5-84bd-3aca403c1b26","Mammalia","Dasyuromorphia","Dasyuridae","Antechinus","stuartii","Brown Antechinus",NA,"2024-07-24 19:25:23",1,"","",NA,NA,NA,NA,"false",NA,NA,"CC-BY-NC","{""{\""detectionBox\"":[0.448306292,0.929407477,0.647518873,1]}""}",2004409,"S02_T02",151.7393117,-32.24083333,"2024-07-22 00:00:00","2024-07-25 00:00:00","Other","Universal mammal bait","None",NA,2085469,"S02_T02",0,"Camera Functioning","Knee height",NA,"Parallel",NA,NA,NA,NA,"Site_02",NA,NA,NA,NA,NA,NA,2024-07-24 19:25:23,11936,199,3.3,0.1
2004409,"S02_T02_2024","495fad36-ab82-48ca-a7e2-bbe076b1e5d9","Site02__2024_site2_trap_2__2024-07-22__19-50-31(1).JPG","gs://145625598251_2004409_606_usyd_tfe_2022__main/deployment/2310239/prod/directUpload/495fad36-ab82-48ca-a7e2-bbe076b1e5d9.JPG",0,"jess smith","f97e5485-9bda-4eeb-83a3-d65ba57f410c","Mammalia","Rodentia","Muridae","Rattus","fuscipes","Bush Rat",NA,"2024-07-22 19:50:31",1,"","",NA,NA,NA,NA,"false",NA,NA,"CC-BY-NC","{""{\""detectionBox\"":[0.369169891,0.490962625,0.519972086,0.779306054]}""}",2004409,"S02_T02",151.7393117,-32.24083333,"2024-07-22 00:00:00","2024-07-25 00:00:00","Other","Universal mammal bait","None",NA,2085469,"S02_T02",0,"Camera Functioning","Knee height",NA,"Parallel",NA,NA,NA,NA,"Site_02",NA,NA,NA,NA,NA,NA,2024-07-22 19:50:31,0,0,0,0
2004409,"S02_T02_2024","66beed0a-062c-4144-b8d2-c0d3aa58a313","Site02__2024_site2_trap_2__2024-07-22__19-57-52(3).JPG","gs://145625598251_2004409_606_usyd_tfe_2022__main/deployment/2310239/prod/directUpload/66beed0a-062c-4144-b8d2-c0d3aa58a313.JPG",0,"jess smith","f97e5485-9bda-4eeb-83a3-d65ba57f410c","Mammalia","Rodentia","Muridae","Rattus","fuscipes","Bush Rat",NA,"2024-07-22 19:57:52",1,"","",NA,NA,NA,NA,"false",NA,NA,"CC-BY-NC","{""{\""detectionBox\"":[0.847296476,0.00123074651,0.978516817,0.236069143]}""}",2004409,"S02_T02",151.7393117,-32.24083333,"2024-07-22 00:00:00","2024-07-25 00:00:00","Other","Universal mammal bait","None",NA,2085469,"S02_T02",0,"Camera Functioning","Knee height",NA,"Parallel",NA,NA,NA,NA,"Site_02",NA,NA,NA,NA,NA,NA,2024-07-22 19:57:52,441,7,0.1,0
2004409,"S02_T02_2024","949d4810-fa87-473c-abfe-d22cc1e6d4f8","Site02__2024_site2_trap_2__2024-07-22__20-06-41(4).JPG","gs://145625598251_2004409_606_usyd_tfe_2022__main/deployment/2310239/prod/directUpload/949d4810-fa87-473c-abfe-d22cc1e6d4f8.JPG",0,"jess smith","f97e5485-9bda-4eeb-83a3-d65ba57f410c","Mammalia","Rodentia","Muridae","Rattus","fuscipes","Bush Rat",NA,"2024-07-22 20:06:41",1,"","",NA,NA,NA,NA,"false",NA,NA,"CC-BY-NC","{""{\""detectionBox\"":[0.772681713,0.569558501,0.976479948,0.994048119]}""}",2004409,"S02_T02",151.7393117,-32.24083333,"2024-07-22 00:00:00","2024-07-25 00:00:00","Other","Universal mammal bait","None",NA,2085469,"S02_T02",0,"Camera Functioning","Knee height",NA,"Parallel",NA,NA,NA,NA,"Site_02",NA,NA,NA,NA,NA,NA,2024-07-22 20:06:41,529,9,0.1,0
2004409,"S02_T02_2024","54e182af-748c-406f-9169-e2e197614201","Site02__2024_site2_trap_2__2024-07-23__19-31-51(1).JPG","gs://145625598251_2004409_606_usyd_tfe_2022__main/deployment/2310239/prod/directUpload/54e182af-748c-406f-9169-e2e197614201.JPG",0,"jess smith","f97e5485-9bda-4eeb-83a3-d65ba57f410c","Mammalia","Rodentia","Muridae","Rattus","fuscipes","Bush Rat",NA,"2024-07-23 19:31:51",1,"","",NA,NA,NA,NA,"false",NA,NA,"CC-BY-NC","",2004409,"S02_T02",151.7393117,-32.24083333,"2024-07-22 00:00:00","2024-07-25 00:00:00","Other","Universal mammal bait","None",NA,2085469,"S02_T02",0,"Camera Functioning","Knee height",NA,"Parallel",NA,NA,NA,NA,"Site_02",NA,NA,NA,NA,NA,NA,2024-07-23 19:31:51,84310,1405,23.4,1
2004409,"S02_T02_2024","86eb612c-77f8-4172-847a-5f77944b3f3c","Site02__2024_site2_trap_2__2024-07-24__20-50-16(4).JPG","gs://145625598251_2004409_606_usyd_tfe_2022__main/deployment/2310239/prod/directUpload/86eb612c-77f8-4172-847a-5f77944b3f3c.JPG",0,"jess smith","f97e5485-9bda-4eeb-83a3-d65ba57f410c","Mammalia","Rodentia","Muridae","Rattus","fuscipes","Bush Rat",NA,"2024-07-24 20:50:16",1,"","",NA,NA,NA,NA,"false",NA,NA,"CC-BY-NC","{""{\""detectionBox\"":[0.759305,0.54224056,0.97803551,0.996293366]}""}",2004409,"S02_T02",151.7393117,-32.24083333,"2024-07-22 00:00:00","2024-07-25 00:00:00","Other","Universal mammal bait","None",NA,2085469,"S02_T02",0,"Camera Functioning","Knee height",NA,"Parallel",NA,NA,NA,NA,"Site_02",NA,NA,NA,NA,NA,NA,2024-07-24 20:50:16,91105,1518,25.3,1.1
2004409,"S02_T02_2024","ef497e21-1942-4b33-9efd-735dc034be3c","Site02__2024_site2_trap_2__2024-07-22__20-06-54(17).JPG","gs://145625598251_2004409_606_usyd_tfe_2022__main/deployment/2310239/prod/directUpload/ef497e21-1942-4b33-9efd-735dc034be3c.JPG",0,"Aaron Greenville","f2d233e3-80e3-433d-9687-e29ecc7a467a","Mammalia","","","","","Mammal",NA,"2024-07-22 20:06:54",1,"","",NA,NA,NA,NA,"false",NA,NA,"CC-BY-NC","",2004409,"S02_T02",151.7393117,-32.24083333,"2024-07-22 00:00:00","2024-07-25 00:00:00","Other","Universal mammal bait","None",NA,2085469,"S02_T02",0,"Camera Functioning","Knee height",NA,"Parallel",NA,NA,NA,NA,"Site_02",NA,NA,NA,NA,NA,NA,2024-07-22 20:06:54,0,0,0,0
2004409,"S02_T02_2024","008bfe8f-8fea-47d2-ab12-cc6508d65ef4","Site02__2024_site2_trap_2__2024-07-22__19-50-33(3).JPG","gs://145625598251_2004409_606_usyd_tfe_2022__main/deployment/2310239/prod/directUpload/008bfe8f-8fea-47d2-ab12-cc6508d65ef4.JPG",0,"jess smith","00049ff0-2ffa-4d82-8cf3-c861fbbfa9d5","Mammalia","Rodentia","Muridae","Rattus","","Rattus Species",NA,"2024-07-22 19:50:33",1,"","",NA,NA,NA,NA,"false",NA,NA,"CC-BY-NC","{""{\""detectionBox\"":[0.377118856,0.460463464,0.510673225,0.789234221]}""}",2004409,"S02_T02",151.7393117,-32.24083333,"2024-07-22 00:00:00","2024-07-25 00:00:00","Other","Universal mammal bait","None",NA,2085469,"S02_T02",0,"Camera Functioning","Knee height",NA,"Parallel",NA,NA,NA,NA,"Site_02",NA,NA,NA,NA,NA,NA,2024-07-22 19:50:33,0,0,0,0
2004409,"S02_T02_2024","2cd3f7b6-28d0-42b4-9556-a94d7bb292cb","Site02__2024_site2_trap_2__2024-07-22__19-58-05(2).JPG","gs://145625598251_2004409_606_usyd_tfe_2022__main/deployment/2310239/prod/directUpload/2cd3f7b6-28d0-42b4-9556-a94d7bb292cb.JPG",0,"jess smith","00049ff0-2ffa-4d82-8cf3-c861fbbfa9d5","Mammalia","Rodentia","Muridae","Rattus","","Rattus Species",NA,"2024-07-22 19:58:05",1,"","",NA,NA,NA,NA,"false",NA,NA,"CC-BY-NC","{""{\""detectionBox\"":[0.613504946,0.258374572,0.976393819,0.688077867]}""}",2004409,"S02_T02",151.7393117,-32.24083333,"2024-07-22 00:00:00","2024-07-25 00:00:00","Other","Universal mammal bait","None",NA,2085469,"S02_T02",0,"Camera Functioning","Knee height",NA,"Parallel",NA,NA,NA,NA,"Site_02",NA,NA,NA,NA,NA,NA,2024-07-22 19:58:05,452,8,0.1,0
2004409,"S02_T02_2024","add5e4cb-804d-43e2-8ba0-210faa880d02","Site02__2024_site2_trap_2__2024-07-24__16-31-50(1).JPG","gs://145625598251_2004409_606_usyd_tfe_2022__main/deployment/2310239/prod/directUpload/add5e4cb-804d-43e2-8ba0-210faa880d02.JPG",0,"jess smith","90d950db-2106-4bd9-a4c1-777604c3eada","Mammalia","Rodentia","","","","Rodent",NA,"2024-07-24 16:31:50",1,"","",NA,NA,NA,NA,"false",NA,NA,"CC-BY-NC","{""{\""detectionBox\"":[0.529144943,0.411765277,0.735966861,0.504725337]}""}",2004409,"S02_T02",151.7393117,-32.24083333,"2024-07-22 00:00:00","2024-07-25 00:00:00","Other","Universal mammal bait","None",NA,2085469,"S02_T02",0,"Camera Functioning","Knee height",NA,"Parallel",NA,NA,NA,NA,"Site_02",NA,NA,NA,NA,NA,NA,2024-07-24 16:31:50,0,0,0,0
2004409,"S02_T02_2024","b89caa17-e7f7-4eab-96a7-3d9889e15d0b","Site02__2024_site2_trap_2__2024-07-22__19-58-09(6).JPG","gs://145625598251_2004409_606_usyd_tfe_2022__main/deployment/2310239/prod/directUpload/b89caa17-e7f7-4eab-96a7-3d9889e15d0b.JPG",0,"Aaron Greenville","d8cabc3b-7bbe-45b0-b9a9-600e114d189b","Mammalia","","","","","Small Mammal",NA,"2024-07-22 19:58:09",1,"","",NA,NA,NA,NA,"false",NA,NA,"CC-BY-NC","",2004409,"S02_T02",151.7393117,-32.24083333,"2024-07-22 00:00:00","2024-07-25 00:00:00","Other","Universal mammal bait","None",NA,2085469,"S02_T02",0,"Camera Functioning","Knee height",NA,"Parallel",NA,NA,NA,NA,"Site_02",NA,NA,NA,NA,NA,NA,2024-07-22 19:58:09,0,0,0,0
2004409,"S02_T02_2024","c3d22c8e-bcdd-4db2-8cbf-69e69330fa57","Site02__2024_site2_trap_2__2024-07-22__20-07-01(2).JPG","gs://145625598251_2004409_606_usyd_tfe_2022__main/deployment/2310239/prod/directUpload/c3d22c8e-bcdd-4db2-8cbf-69e69330fa57.JPG",0,"Aaron Greenville","d8cabc3b-7bbe-45b0-b9a9-600e114d189b","Mammalia","","","","","Small Mammal",NA,"2024-07-22 20:07:01",1,"","",NA,NA,NA,NA,"false",NA,NA,"CC-BY-NC","{""{\""detectionBox\"":[0.847664177,0.00331605971,0.976688385,0.193867549]}""}",2004409,"S02_T02",151.7393117,-32.24083333,"2024-07-22 00:00:00","2024-07-25 00:00:00","Other","Universal mammal bait","None",NA,2085469,"S02_T02",0,"Camera Functioning","Knee height",NA,"Parallel",NA,NA,NA,NA,"Site_02",NA,NA,NA,NA,NA,NA,2024-07-22 20:07:01,532,9,0.1,0
2004409,"S02_T02_2024","78b12876-ed49-4566-ad44-29660cc15537","Site02__2024_site2_trap_2__2024-07-22__16-09-32(1).JPG","gs://145625598251_2004409_606_usyd_tfe_2022__main/deployment/2310239/prod/directUpload/78b12876-ed49-4566-ad44-29660cc15537.JPG",0,"Aaron Greenville","3450b781-acf9-4bdf-af8f-c555034e0271","Aves","Passeriformes","Acanthizidae","Sericornis","citreogularis","Yellow-throated Scrubwren",NA,"2024-07-22 16:09:32",1,"","",NA,NA,NA,NA,"false",NA,NA,"CC-BY-NC","{""{\""detectionBox\"":[0.80376637,0.576013684,0.977295458,0.82406795]}""}",2004409,"S02_T02",151.7393117,-32.24083333,"2024-07-22 00:00:00","2024-07-25 00:00:00","Other","Universal mammal bait","None",NA,2085469,"S02_T02",0,"Camera Functioning","Knee height",NA,"Parallel",NA,NA,NA,NA,"Site_02",NA,NA,NA,NA,NA,NA,2024-07-22 16:09:32,0,0,0,0
2004409,"S02_T02_2024","e8dac8e7-08c0-4b4c-a2fe-8edeadbb35f2","Site02__2024_site2_trap_2__2024-07-23__12-52-40(1).JPG","gs://145625598251_2004409_606_usyd_tfe_2022__main/deployment/2310239/prod/directUpload/e8dac8e7-08c0-4b4c-a2fe-8edeadbb35f2.JPG",0,"Aaron Greenville","3450b781-acf9-4bdf-af8f-c555034e0271","Aves","Passeriformes","Acanthizidae","Sericornis","citreogularis","Yellow-throated Scrubwren",NA,"2024-07-23 12:52:40",1,"","",NA,NA,NA,NA,"false",NA,NA,"CC-BY-NC","{""{\""detectionBox\"":[0.809498847,0.664197,0.977238595,0.935554445]}""}",2004409,"S02_T02",151.7393117,-32.24083333,"2024-07-22 00:00:00","2024-07-25 00:00:00","Other","Universal mammal bait","None",NA,2085469,"S02_T02",0,"Camera Functioning","Knee height",NA,"Parallel",NA,NA,NA,NA,"Site_02",NA,NA,NA,NA,NA,NA,2024-07-23 12:52:40,74588,1243,20.7,0.9
2004409,"S02_T04_2024","0e72db8e-b0bb-4024-bfa0-8c75df509b44","Site02__2024_site2_trap_4__2024-07-22__17-25-51(2).JPG","gs://145625598251_2004409_606_usyd_tfe_2022__main/deployment/2310240/prod/directUpload/0e72db8e-b0bb-4024-bfa0-8c75df509b44.JPG",0,"jess smith","6ccf0c56-72ce-49c5-84bd-3aca403c1b26","Mammalia","Dasyuromorphia","Dasyuridae","Antechinus","stuartii","Brown Antechinus",NA,"2024-07-22 17:25:51",1,"","",NA,NA,NA,NA,"false",NA,NA,"CC-BY-NC","",2004409,"S02_T04",151.739925,-32.238892,"2024-07-22 00:00:00","2024-07-25 00:00:00","Other","Universal mammal bait","None",NA,2110167,"S02_T04",0,"Camera Functioning","Knee height",NA,"Parallel",NA,NA,NA,NA,"Site_02",NA,NA,NA,NA,NA,NA,2024-07-22 17:25:51,0,0,0,0
2004409,"S02_T04_2024","556d1f34-aeb8-47e4-84b9-a2146ceea862","Site02__2024_site2_trap_4__2024-07-22__20-24-13(13).JPG","gs://145625598251_2004409_606_usyd_tfe_2022__main/deployment/2310240/prod/directUpload/556d1f34-aeb8-47e4-84b9-a2146ceea862.JPG",0,"jess smith","6ccf0c56-72ce-49c5-84bd-3aca403c1b26","Mammalia","Dasyuromorphia","Dasyuridae","Antechinus","stuartii","Brown Antechinus",NA,"2024-07-22 20:24:13",1,"","",NA,NA,NA,NA,"false",NA,NA,"CC-BY-NC","",2004409,"S02_T04",151.739925,-32.238892,"2024-07-22 00:00:00","2024-07-25 00:00:00","Other","Universal mammal bait","None",NA,2110167,"S02_T04",0,"Camera Functioning","Knee height",NA,"Parallel",NA,NA,NA,NA,"Site_02",NA,NA,NA,NA,NA,NA,2024-07-22 20:24:13,10702,178,3,0.1
2004409,"S02_T04_2024","b3321816-5cf3-40c2-966a-b896b52fb958","Site02__2024_site2_trap_4__2024-07-23__01-50-20(4).JPG","gs://145625598251_2004409_606_usyd_tfe_2022__main/deployment/2310240/prod/directUpload/b3321816-5cf3-40c2-966a-b896b52fb958.JPG",0,"jess smith","6ccf0c56-72ce-49c5-84bd-3aca403c1b26","Mammalia","Dasyuromorphia","Dasyuridae","Antechinus","stuartii","Brown Antechinus",NA,"2024-07-23 01:50:20",1,"","",NA,NA,NA,NA,"false",NA,NA,"CC-BY-NC","",2004409,"S02_T04",151.739925,-32.238892,"2024-07-22 00:00:00","2024-07-25 00:00:00","Other","Universal mammal bait","None",NA,2110167,"S02_T04",0,"Camera Functioning","Knee height",NA,"Parallel",NA,NA,NA,NA,"Site_02",NA,NA,NA,NA,NA,NA,2024-07-23 01:50:20,19567,326,5.4,0.2
2004409,"S02_T04_2024","e0d75aef-42e6-4642-9803-adb55dcd1c55","Site02__2024_site2_trap_4__2024-07-24__06-44-22(1).JPG","gs://145625598251_2004409_606_usyd_tfe_2022__main/deployment/2310240/prod/directUpload/e0d75aef-42e6-4642-9803-adb55dcd1c55.JPG",0,"jess smith","6ccf0c56-72ce-49c5-84bd-3aca403c1b26","Mammalia","Dasyuromorphia","Dasyuridae","Antechinus","stuartii","Brown Antechinus",NA,"2024-07-24 06:44:22",1,"","",NA,NA,NA,NA,"false",NA,NA,"CC-BY-NC","{""{\""detectionBox\"":[0.448719025,0.435054541,0.553788424,0.51204133]}""}",2004409,"S02_T04",151.739925,-32.238892,"2024-07-22 00:00:00","2024-07-25 00:00:00","Other","Universal mammal bait","None",NA,2110167,"S02_T04",0,"Camera Functioning","Knee height",NA,"Parallel",NA,NA,NA,NA,"Site_02",NA,NA,NA,NA,NA,NA,2024-07-24 06:44:22,104042,1734,28.9,1.2
2004409,"S02_T04_2024","d989114b-dc81-44e7-8560-995ff97b65a5","Site02__2024_site2_trap_4__2024-07-24__23-10-16(1).JPG","gs://145625598251_2004409_606_usyd_tfe_2022__main/deployment/2310240/prod/directUpload/d989114b-dc81-44e7-8560-995ff97b65a5.JPG",0,"jess smith","6ccf0c56-72ce-49c5-84bd-3aca403c1b26","Mammalia","Dasyuromorphia","Dasyuridae","Antechinus","stuartii","Brown Antechinus",NA,"2024-07-24 23:10:16",1,"","",NA,NA,NA,NA,"false",NA,NA,"CC-BY-NC","{""{\""detectionBox\"":[0.389636576,0.636526585,0.540922701,0.949861884]}""}",2004409,"S02_T04",151.739925,-32.238892,"2024-07-22 00:00:00","2024-07-25 00:00:00","Other","Universal mammal bait","None",NA,2110167,"S02_T04",0,"Camera Functioning","Knee height",NA,"Parallel",NA,NA,NA,NA,"Site_02",NA,NA,NA,NA,NA,NA,2024-07-24 23:10:16,59154,986,16.4,0.7
2004409,"S02_T04_2024","e41bb37c-bdea-465c-a308-8b590cde8ea1","Site02__2024_site2_trap_4__2024-07-25__02-30-38(7).JPG","gs://145625598251_2004409_606_usyd_tfe_2022__main/deployment/2310240/prod/directUpload/e41bb37c-bdea-465c-a308-8b590cde8ea1.JPG",0,"jess smith","6ccf0c56-72ce-49c5-84bd-3aca403c1b26","Mammalia","Dasyuromorphia","Dasyuridae","Antechinus","stuartii","Brown Antechinus",NA,"2024-07-25 02:30:38",1,"","",NA,NA,NA,NA,"false",NA,NA,"CC-BY-NC","",2004409,"S02_T04",151.739925,-32.238892,"2024-07-22 00:00:00","2024-07-25 00:00:00","Other","Universal mammal bait","None",NA,2110167,"S02_T04",0,"Camera Functioning","Knee height",NA,"Parallel",NA,NA,NA,NA,"Site_02",NA,NA,NA,NA,NA,NA,2024-07-25 02:30:38,12022,200,3.3,0.1
2004409,"S02_T04_2024","ee558786-9b0c-4f19-903c-8ab6d08a5b6b","Site02__2024_site2_trap_4__2024-07-25__03-25-27(3).JPG","gs://145625598251_2004409_606_usyd_tfe_2022__main/deployment/2310240/prod/directUpload/ee558786-9b0c-4f19-903c-8ab6d08a5b6b.JPG",0,"jess smith","6ccf0c56-72ce-49c5-84bd-3aca403c1b26","Mammalia","Dasyuromorphia","Dasyuridae","Antechinus","stuartii","Brown Antechinus",NA,"2024-07-25 03:25:27",1,"","",NA,NA,NA,NA,"false",NA,NA,"CC-BY-NC","",2004409,"S02_T04",151.739925,-32.238892,"2024-07-22 00:00:00","2024-07-25 00:00:00","Other","Universal mammal bait","None",NA,2110167,"S02_T04",0,"Camera Functioning","Knee height",NA,"Parallel",NA,NA,NA,NA,"Site_02",NA,NA,NA,NA,NA,NA,2024-07-25 03:25:27,3289,55,0.9,0
2004409,"S02_T04_2024","531af011-3a19-4c89-91db-673f7e6fcf4d","Site02__2024_site2_trap_4__2024-07-25__04-10-58(2).JPG","gs://145625598251_2004409_606_usyd_tfe_2022__main/deployment/2310240/prod/directUpload/531af011-3a19-4c89-91db-673f7e6fcf4d.JPG",0,"jess smith","6ccf0c56-72ce-49c5-84bd-3aca403c1b26","Mammalia","Dasyuromorphia","Dasyuridae","Antechinus","stuartii","Brown Antechinus",NA,"2024-07-25 04:10:58",1,"","",NA,NA,NA,NA,"false",NA,NA,"CC-BY-NC","",2004409,"S02_T04",151.739925,-32.238892,"2024-07-22 00:00:00","2024-07-25 00:00:00","Other","Universal mammal bait","None",NA,2110167,"S02_T04",0,"Camera Functioning","Knee height",NA,"Parallel",NA,NA,NA,NA,"Site_02",NA,NA,NA,NA,NA,NA,2024-07-25 04:10:58,2731,46,0.8,0
2004409,"S02_T04_2024","7b9328c4-72bf-4fc0-a338-3a167ab68034","Site02__2024_site2_trap_4__2024-07-25__05-08-10(1).JPG","gs://145625598251_2004409_606_usyd_tfe_2022__main/deployment/2310240/prod/directUpload/7b9328c4-72bf-4fc0-a338-3a167ab68034.JPG",0,"jess smith","6ccf0c56-72ce-49c5-84bd-3aca403c1b26","Mammalia","Dasyuromorphia","Dasyuridae","Antechinus","stuartii","Brown Antechinus",NA,"2024-07-25 05:08:10",1,"","",NA,NA,NA,NA,"false",NA,NA,"CC-BY-NC","",2004409,"S02_T04",151.739925,-32.238892,"2024-07-22 00:00:00","2024-07-25 00:00:00","Other","Universal mammal bait","None",NA,2110167,"S02_T04",0,"Camera Functioning","Knee height",NA,"Parallel",NA,NA,NA,NA,"Site_02",NA,NA,NA,NA,NA,NA,2024-07-25 05:08:10,3432,57,0.9,0
2004409,"S02_T04_2024","e7df28f0-12de-4f07-9df4-e51810f59171","Site02__2024_site2_trap_4__2024-07-22__19-38-28(7).JPG","gs://145625598251_2004409_606_usyd_tfe_2022__main/deployment/2310240/prod/directUpload/e7df28f0-12de-4f07-9df4-e51810f59171.JPG",0,"jess smith","f97e5485-9bda-4eeb-83a3-d65ba57f410c","Mammalia","Rodentia","Muridae","Rattus","fuscipes","Bush Rat",NA,"2024-07-22 19:38:28",1,"","",NA,NA,NA,NA,"false",NA,NA,"CC-BY-NC","{""{\""detectionBox\"":[0.44772166,0.27879104,0.611403942,0.483915299]}""}",2004409,"S02_T04",151.739925,-32.238892,"2024-07-22 00:00:00","2024-07-25 00:00:00","Other","Universal mammal bait","None",NA,2110167,"S02_T04",0,"Camera Functioning","Knee height",NA,"Parallel",NA,NA,NA,NA,"Site_02",NA,NA,NA,NA,NA,NA,2024-07-22 19:38:28,0,0,0,0
2004409,"S02_T04_2024","6852ed13-cb8d-41ad-9cc5-fc35b32dedcf","Site02__2024_site2_trap_4__2024-07-22__20-22-18(1).JPG","gs://145625598251_2004409_606_usyd_tfe_2022__main/deployment/2310240/prod/directUpload/6852ed13-cb8d-41ad-9cc5-fc35b32dedcf.JPG",0,"jess smith","f97e5485-9bda-4eeb-83a3-d65ba57f410c","Mammalia","Rodentia","Muridae","Rattus","fuscipes","Bush Rat",NA,"2024-07-22 20:22:18",1,"","",NA,NA,NA,NA,"false",NA,NA,"CC-BY-NC","{""{\""detectionBox\"":[0.443937182,0.891313314,0.60315907,1]}""}",2004409,"S02_T04",151.739925,-32.238892,"2024-07-22 00:00:00","2024-07-25 00:00:00","Other","Universal mammal bait","None",NA,2110167,"S02_T04",0,"Camera Functioning","Knee height",NA,"Parallel",NA,NA,NA,NA,"Site_02",NA,NA,NA,NA,NA,NA,2024-07-22 20:22:18,2630,44,0.7,0
2004409,"S02_T04_2024","2ad1f67f-28d7-418f-8344-b154a71b4afc","Site02__2024_site2_trap_4__2024-07-22__20-42-51(2).JPG","gs://145625598251_2004409_606_usyd_tfe_2022__main/deployment/2310240/prod/directUpload/2ad1f67f-28d7-418f-8344-b154a71b4afc.JPG",0,"jess smith","f97e5485-9bda-4eeb-83a3-d65ba57f410c","Mammalia","Rodentia","Muridae","Rattus","fuscipes","Bush Rat",NA,"2024-07-22 20:42:51",1,"","",NA,NA,NA,NA,"false",NA,NA,"CC-BY-NC","",2004409,"S02_T04",151.739925,-32.238892,"2024-07-22 00:00:00","2024-07-25 00:00:00","Other","Universal mammal bait","None",NA,2110167,"S02_T04",0,"Camera Functioning","Knee height",NA,"Parallel",NA,NA,NA,NA,"Site_02",NA,NA,NA,NA,NA,NA,2024-07-22 20:42:51,1233,21,0.3,0
2004409,"S02_T04_2024","aa8abbca-73ee-4524-a496-1fe86a62cb39","Site02__2024_site2_trap_4__2024-07-23__01-43-45(1).JPG","gs://145625598251_2004409_606_usyd_tfe_2022__main/deployment/2310240/prod/directUpload/aa8abbca-73ee-4524-a496-1fe86a62cb39.JPG",0,"jess smith","f97e5485-9bda-4eeb-83a3-d65ba57f410c","Mammalia","Rodentia","Muridae","Rattus","fuscipes","Bush Rat",NA,"2024-07-23 01:43:45",1,"","",NA,NA,NA,NA,"false",NA,NA,"CC-BY-NC","{""{\""detectionBox\"":[0.403724,0.845856,0.657381892,0.994268596]}""}",2004409,"S02_T04",151.739925,-32.238892,"2024-07-22 00:00:00","2024-07-25 00:00:00","Other","Universal mammal bait","None",NA,2110167,"S02_T04",0,"Camera Functioning","Knee height",NA,"Parallel",NA,NA,NA,NA,"Site_02",NA,NA,NA,NA,NA,NA,2024-07-23 01:43:45,18054,301,5,0.2
2004409,"S02_T04_2024","ac7ebc6f-ed0a-41d3-b13a-ff36d3c4c82d","Site02__2024_site2_trap_4__2024-07-23__01-48-47(1).JPG","gs://145625598251_2004409_606_usyd_tfe_2022__main/deployment/2310240/prod/directUpload/ac7ebc6f-ed0a-41d3-b13a-ff36d3c4c82d.JPG",0,"jess smith","f97e5485-9bda-4eeb-83a3-d65ba57f410c","Mammalia","Rodentia","Muridae","Rattus","fuscipes","Bush Rat",NA,"2024-07-23 01:48:47",1,"","",NA,NA,NA,NA,"false",NA,NA,"CC-BY-NC","",2004409,"S02_T04",151.739925,-32.238892,"2024-07-22 00:00:00","2024-07-25 00:00:00","Other","Universal mammal bait","None",NA,2110167,"S02_T04",0,"Camera Functioning","Knee height",NA,"Parallel",NA,NA,NA,NA,"Site_02",NA,NA,NA,NA,NA,NA,2024-07-23 01:48:47,302,5,0.1,0
2004409,"S02_T04_2024","09dc8015-224e-43b0-af2a-d958320fb9e0","Site02__2024_site2_trap_4__2024-07-23__01-54-40(4).JPG","gs://145625598251_2004409_606_usyd_tfe_2022__main/deployment/2310240/prod/directUpload/09dc8015-224e-43b0-af2a-d958320fb9e0.JPG",0,"jess smith","f97e5485-9bda-4eeb-83a3-d65ba57f410c","Mammalia","Rodentia","Muridae","Rattus","fuscipes","Bush Rat",NA,"2024-07-23 01:54:40",1,"","",NA,NA,NA,NA,"false",NA,NA,"CC-BY-NC","",2004409,"S02_T04",151.739925,-32.238892,"2024-07-22 00:00:00","2024-07-25 00:00:00","Other","Universal mammal bait","None",NA,2110167,"S02_T04",0,"Camera Functioning","Knee height",NA,"Parallel",NA,NA,NA,NA,"Site_02",NA,NA,NA,NA,NA,NA,2024-07-23 01:54:40,353,6,0.1,0
2004409,"S02_T04_2024","40c0b697-a086-4507-b700-bdd7108f0290","Site02__2024_site2_trap_4__2024-07-23__02-02-03(1).JPG","gs://145625598251_2004409_606_usyd_tfe_2022__main/deployment/2310240/prod/directUpload/40c0b697-a086-4507-b700-bdd7108f0290.JPG",0,"jess smith","f97e5485-9bda-4eeb-83a3-d65ba57f410c","Mammalia","Rodentia","Muridae","Rattus","fuscipes","Bush Rat",NA,"2024-07-23 02:02:03",1,"","",NA,NA,NA,NA,"false",NA,NA,"CC-BY-NC","{""{\""detectionBox\"":[0.439942479,0.778865218,0.662765205,0.984802246]}""}",2004409,"S02_T04",151.739925,-32.238892,"2024-07-22 00:00:00","2024-07-25 00:00:00","Other","Universal mammal bait","None",NA,2110167,"S02_T04",0,"Camera Functioning","Knee height",NA,"Parallel",NA,NA,NA,NA,"Site_02",NA,NA,NA,NA,NA,NA,2024-07-23 02:02:03,443,7,0.1,0
2004409,"S02_T04_2024","3fd747d9-1784-448d-a255-6e806f14ea92","Site02__2024_site2_trap_4__2024-07-23__02-46-30(1).JPG","gs://145625598251_2004409_606_usyd_tfe_2022__main/deployment/2310240/prod/directUpload/3fd747d9-1784-448d-a255-6e806f14ea92.JPG",0,"jess smith","f97e5485-9bda-4eeb-83a3-d65ba57f410c","Mammalia","Rodentia","Muridae","Rattus","fuscipes","Bush Rat",NA,"2024-07-23 02:46:30",1,"","",NA,NA,NA,NA,"false",NA,NA,"CC-BY-NC","{""{\""detectionBox\"":[0.579401553,0,0.974632382,0.310612023]}""}",2004409,"S02_T04",151.739925,-32.238892,"2024-07-22 00:00:00","2024-07-25 00:00:00","Other","Universal mammal bait","None",NA,2110167,"S02_T04",0,"Camera Functioning","Knee height",NA,"Parallel",NA,NA,NA,NA,"Site_02",NA,NA,NA,NA,NA,NA,2024-07-23 02:46:30,2667,44,0.7,0
2004409,"S02_T04_2024","7a856730-0f7d-4d21-849b-c7785ac3c0cd","Site02__2024_site2_trap_4__2024-07-23__02-56-08(1).JPG","gs://145625598251_2004409_606_usyd_tfe_2022__main/deployment/2310240/prod/directUpload/7a856730-0f7d-4d21-849b-c7785ac3c0cd.JPG",0,"jess smith","f97e5485-9bda-4eeb-83a3-d65ba57f410c","Mammalia","Rodentia","Muridae","Rattus","fuscipes","Bush Rat",NA,"2024-07-23 02:56:08",1,"","",NA,NA,NA,NA,"false",NA,NA,"CC-BY-NC","{""{\""detectionBox\"":[0.52836448,0.313075364,0.701268554,0.422721922]}""}",2004409,"S02_T04",151.739925,-32.238892,"2024-07-22 00:00:00","2024-07-25 00:00:00","Other","Universal mammal bait","None",NA,2110167,"S02_T04",0,"Camera Functioning","Knee height",NA,"Parallel",NA,NA,NA,NA,"Site_02",NA,NA,NA,NA,NA,NA,2024-07-23 02:56:08,578,10,0.2,0
2004409,"S02_T04_2024","ee12fac4-91ac-4bf8-ba0c-7abaf25740df","Site02__2024_site2_trap_4__2024-07-23__06-42-17(2).JPG","gs://145625598251_2004409_606_usyd_tfe_2022__main/deployment/2310240/prod/directUpload/ee12fac4-91ac-4bf8-ba0c-7abaf25740df.JPG",0,"jess smith","f97e5485-9bda-4eeb-83a3-d65ba57f410c","Mammalia","Rodentia","Muridae","Rattus","fuscipes","Bush Rat",NA,"2024-07-23 06:42:17",1,"","",NA,NA,NA,NA,"false",NA,NA,"CC-BY-NC","",2004409,"S02_T04",151.739925,-32.238892,"2024-07-22 00:00:00","2024-07-25 00:00:00","Other","Universal mammal bait","None",NA,2110167,"S02_T04",0,"Camera Functioning","Knee height",NA,"Parallel",NA,NA,NA,NA,"Site_02",NA,NA,NA,NA,NA,NA,2024-07-23 06:42:17,13569,226,3.8,0.2
2004409,"S02_T04_2024","1198e55c-8348-4a19-9985-7807f404575b","Site02__2024_site2_trap_4__2024-07-24__03-18-54(1).JPG","gs://145625598251_2004409_606_usyd_tfe_2022__main/deployment/2310240/prod/directUpload/1198e55c-8348-4a19-9985-7807f404575b.JPG",0,"jess smith","f97e5485-9bda-4eeb-83a3-d65ba57f410c","Mammalia","Rodentia","Muridae","Rattus","fuscipes","Bush Rat",NA,"2024-07-24 03:18:54",1,"","",NA,NA,NA,NA,"false",NA,NA,"CC-BY-NC","{""{\""detectionBox\"":[0.453712136,0.796411753,0.632321596,0.994070888]}""}",2004409,"S02_T04",151.739925,-32.238892,"2024-07-22 00:00:00","2024-07-25 00:00:00","Other","Universal mammal bait","None",NA,2110167,"S02_T04",0,"Camera Functioning","Knee height",NA,"Parallel",NA,NA,NA,NA,"Site_02",NA,NA,NA,NA,NA,NA,2024-07-24 03:18:54,74197,1237,20.6,0.9
2004409,"S02_T04_2024","fd33c6a2-0b77-4f9f-b304-925e467b100f","Site02__2024_site2_trap_4__2024-07-24__20-07-12(4).JPG","gs://145625598251_2004409_606_usyd_tfe_2022__main/deployment/2310240/prod/directUpload/fd33c6a2-0b77-4f9f-b304-925e467b100f.JPG",0,"jess smith","f97e5485-9bda-4eeb-83a3-d65ba57f410c","Mammalia","Rodentia","Muridae","Rattus","fuscipes","Bush Rat",NA,"2024-07-24 20:07:12",1,"","",NA,NA,NA,NA,"false",NA,NA,"CC-BY-NC","",2004409,"S02_T04",151.739925,-32.238892,"2024-07-22 00:00:00","2024-07-25 00:00:00","Other","Universal mammal bait","None",NA,2110167,"S02_T04",0,"Camera Functioning","Knee height",NA,"Parallel",NA,NA,NA,NA,"Site_02",NA,NA,NA,NA,NA,NA,2024-07-24 20:07:12,60498,1008,16.8,0.7
2004409,"S02_T04_2024","8f200cd1-7f4d-4903-bc06-4e14d250e979","Site02__2024_site2_trap_4__2024-07-24__20-41-41(1).JPG","gs://145625598251_2004409_606_usyd_tfe_2022__main/deployment/2310240/prod/directUpload/8f200cd1-7f4d-4903-bc06-4e14d250e979.JPG",0,"jess smith","f97e5485-9bda-4eeb-83a3-d65ba57f410c","Mammalia","Rodentia","Muridae","Rattus","fuscipes","Bush Rat",NA,"2024-07-24 20:41:41",1,"","",NA,NA,NA,NA,"false",NA,NA,"CC-BY-NC","{""{\""detectionBox\"":[0.632070959,0.0304142833,0.972654402,0.324664235]}""}",2004409,"S02_T04",151.739925,-32.238892,"2024-07-22 00:00:00","2024-07-25 00:00:00","Other","Universal mammal bait","None",NA,2110167,"S02_T04",0,"Camera Functioning","Knee height",NA,"Parallel",NA,NA,NA,NA,"Site_02",NA,NA,NA,NA,NA,NA,2024-07-24 20:41:41,2069,34,0.6,0
2004409,"S02_T04_2024","e39b5b4e-86a5-4af2-9a75-90f958ef45e9","Site02__2024_site2_trap_4__2024-07-24__20-51-56(2).JPG","gs://145625598251_2004409_606_usyd_tfe_2022__main/deployment/2310240/prod/directUpload/e39b5b4e-86a5-4af2-9a75-90f958ef45e9.JPG",0,"jess smith","f97e5485-9bda-4eeb-83a3-d65ba57f410c","Mammalia","Rodentia","Muridae","Rattus","fuscipes","Bush Rat",NA,"2024-07-24 20:51:56",1,"","",NA,NA,NA,NA,"false",NA,NA,"CC-BY-NC","",2004409,"S02_T04",151.739925,-32.238892,"2024-07-22 00:00:00","2024-07-25 00:00:00","Other","Universal mammal bait","None",NA,2110167,"S02_T04",0,"Camera Functioning","Knee height",NA,"Parallel",NA,NA,NA,NA,"Site_02",NA,NA,NA,NA,NA,NA,2024-07-24 20:51:56,615,10,0.2,0
2004409,"S02_T04_2024","7131130b-fd05-4e5e-a6fc-0e1d7c4b3c0c","Site02__2024_site2_trap_4__2024-07-24__21-47-38(1).JPG","gs://145625598251_2004409_606_usyd_tfe_2022__main/deployment/2310240/prod/directUpload/7131130b-fd05-4e5e-a6fc-0e1d7c4b3c0c.JPG",0,"jess smith","f97e5485-9bda-4eeb-83a3-d65ba57f410c","Mammalia","Rodentia","Muridae","Rattus","fuscipes","Bush Rat",NA,"2024-07-24 21:47:38",1,"","",NA,NA,NA,NA,"false",NA,NA,"CC-BY-NC","{""{\""detectionBox\"":[0.444446117,0.639525533,0.58864212,0.997841239]}""}",2004409,"S02_T04",151.739925,-32.238892,"2024-07-22 00:00:00","2024-07-25 00:00:00","Other","Universal mammal bait","None",NA,2110167,"S02_T04",0,"Camera Functioning","Knee height",NA,"Parallel",NA,NA,NA,NA,"Site_02",NA,NA,NA,NA,NA,NA,2024-07-24 21:47:38,3342,56,0.9,0
2004409,"S02_T04_2024","75ddc7cf-2dcb-4958-89bf-c62b08d5c7f0","Site02__2024_site2_trap_4__2024-07-24__21-55-09(1).JPG","gs://145625598251_2004409_606_usyd_tfe_2022__main/deployment/2310240/prod/directUpload/75ddc7cf-2dcb-4958-89bf-c62b08d5c7f0.JPG",0,"jess smith","f97e5485-9bda-4eeb-83a3-d65ba57f410c","Mammalia","Rodentia","Muridae","Rattus","fuscipes","Bush Rat",NA,"2024-07-24 21:55:09",1,"","",NA,NA,NA,NA,"false",NA,NA,"CC-BY-NC","",2004409,"S02_T04",151.739925,-32.238892,"2024-07-22 00:00:00","2024-07-25 00:00:00","Other","Universal mammal bait","None",NA,2110167,"S02_T04",0,"Camera Functioning","Knee height",NA,"Parallel",NA,NA,NA,NA,"Site_02",NA,NA,NA,NA,NA,NA,2024-07-24 21:55:09,451,8,0.1,0
2004409,"S02_T04_2024","9a42da48-aefb-4bbc-9daa-956733b8d027","Site02__2024_site2_trap_4__2024-07-24__23-10-17(2).JPG","gs://145625598251_2004409_606_usyd_tfe_2022__main/deployment/2310240/prod/directUpload/9a42da48-aefb-4bbc-9daa-956733b8d027.JPG",0,"jess smith","f97e5485-9bda-4eeb-83a3-d65ba57f410c","Mammalia","Rodentia","Muridae","Rattus","fuscipes","Bush Rat",NA,"2024-07-24 23:10:17",1,"","",NA,NA,NA,NA,"false",NA,NA,"CC-BY-NC","{""{\""detectionBox\"":[0.391741782,0.609695375,0.537251651,0.938844144]}""}",2004409,"S02_T04",151.739925,-32.238892,"2024-07-22 00:00:00","2024-07-25 00:00:00","Other","Universal mammal bait","None",NA,2110167,"S02_T04",0,"Camera Functioning","Knee height",NA,"Parallel",NA,NA,NA,NA,"Site_02",NA,NA,NA,NA,NA,NA,2024-07-24 23:10:17,4508,75,1.2,0
2004409,"S02_T04_2024","2bd8ded9-400a-4742-9192-4a75b63ee44a","Site02__2024_site2_trap_4__2024-07-25__01-11-01(1).JPG","gs://145625598251_2004409_606_usyd_tfe_2022__main/deployment/2310240/prod/directUpload/2bd8ded9-400a-4742-9192-4a75b63ee44a.JPG",0,"jess smith","f97e5485-9bda-4eeb-83a3-d65ba57f410c","Mammalia","Rodentia","Muridae","Rattus","fuscipes","Bush Rat",NA,"2024-07-25 01:11:01",1,"","",NA,NA,NA,NA,"false",NA,NA,"CC-BY-NC","{""{\""detectionBox\"":[0.433977336,0.361763567,0.537767529,0.527511537]}""}",2004409,"S02_T04",151.739925,-32.238892,"2024-07-22 00:00:00","2024-07-25 00:00:00","Other","Universal mammal bait","None",NA,2110167,"S02_T04",0,"Camera Functioning","Knee height",NA,"Parallel",NA,NA,NA,NA,"Site_02",NA,NA,NA,NA,NA,NA,2024-07-25 01:11:01,7244,121,2,0.1
2004409,"S02_T04_2024","7f3996b3-bb9d-48b1-b883-0a2672c6ba28","Site02__2024_site2_trap_4__2024-07-25__02-30-19(1).JPG","gs://145625598251_2004409_606_usyd_tfe_2022__main/deployment/2310240/prod/directUpload/7f3996b3-bb9d-48b1-b883-0a2672c6ba28.JPG",0,"jess smith","f97e5485-9bda-4eeb-83a3-d65ba57f410c","Mammalia","Rodentia","Muridae","Rattus","fuscipes","Bush Rat",NA,"2024-07-25 02:30:19",1,"","",NA,NA,NA,NA,"false",NA,NA,"CC-BY-NC","",2004409,"S02_T04",151.739925,-32.238892,"2024-07-22 00:00:00","2024-07-25 00:00:00","Other","Universal mammal bait","None",NA,2110167,"S02_T04",0,"Camera Functioning","Knee height",NA,"Parallel",NA,NA,NA,NA,"Site_02",NA,NA,NA,NA,NA,NA,2024-07-25 02:30:19,4758,79,1.3,0.1
2004409,"S02_T04_2024","e32fd472-47b4-40a3-868f-1b86cdbed4aa","Site02__2024_site2_trap_4__2024-07-23__12-40-31(1).JPG","gs://145625598251_2004409_606_usyd_tfe_2022__main/deployment/2310240/prod/directUpload/e32fd472-47b4-40a3-868f-1b86cdbed4aa.JPG",0,"jess smith","f8b77ec8-1dc9-4a93-8ce4-181531ff96df","Aves","Passeriformes","Acanthizidae","Sericornis","NULL","Scrubwren Species",NA,"2024-07-23 12:40:31",1,"","",NA,NA,NA,NA,"false",NA,NA,"CC-BY-NC","{""{\""detectionBox\"":[0.452905446,0.622934937,0.596092224,0.748200655]}""}",2004409,"S02_T04",151.739925,-32.238892,"2024-07-22 00:00:00","2024-07-25 00:00:00","Other","Universal mammal bait","None",NA,2110167,"S02_T04",0,"Camera Functioning","Knee height",NA,"Parallel",NA,NA,NA,NA,"Site_02",NA,NA,NA,NA,NA,NA,2024-07-23 12:40:31,0,0,0,0
2004409,"S02_T04_2024","33da7087-c141-4607-aedf-0e969dd0b715","Site02__2024_site2_trap_4__2024-07-23__08-19-19(1).JPG","gs://145625598251_2004409_606_usyd_tfe_2022__main/deployment/2310240/prod/directUpload/33da7087-c141-4607-aedf-0e969dd0b715.JPG",0,"jess smith","3afdd398-39f2-430c-9301-74659d81044e","Mammalia","Diprotodontia","Macropodidae","Wallabia","bicolor","Swamp Wallaby",NA,"2024-07-23 08:19:19",1,"","",NA,NA,NA,NA,"false",NA,NA,"CC-BY-NC","",2004409,"S02_T04",151.739925,-32.238892,"2024-07-22 00:00:00","2024-07-25 00:00:00","Other","Universal mammal bait","None",NA,2110167,"S02_T04",0,"Camera Functioning","Knee height",NA,"Parallel",NA,NA,NA,NA,"Site_02",NA,NA,NA,NA,NA,NA,2024-07-23 08:19:19,0,0,0,0
2004409,"S02_T04_2024","9a67b18b-2b22-4cba-a628-e2a06dac0200","Site02__2024_site2_trap_4__2024-07-24__14-11-25(1).JPG","gs://145625598251_2004409_606_usyd_tfe_2022__main/deployment/2310240/prod/directUpload/9a67b18b-2b22-4cba-a628-e2a06dac0200.JPG",0,"Aaron Greenville","3450b781-acf9-4bdf-af8f-c555034e0271","Aves","Passeriformes","Acanthizidae","Sericornis","citreogularis","Yellow-throated Scrubwren",NA,"2024-07-24 14:11:25",1,"","",NA,NA,NA,NA,"false",NA,NA,"CC-BY-NC","",2004409,"S02_T04",151.739925,-32.238892,"2024-07-22 00:00:00","2024-07-25 00:00:00","Other","Universal mammal bait","None",NA,2110167,"S02_T04",0,"Camera Functioning","Knee height",NA,"Parallel",NA,NA,NA,NA,"Site_02",NA,NA,NA,NA,NA,NA,2024-07-24 14:11:25,0,0,0,0
2004409,"S02_T06_2024","d67c5db5-fbda-4c3d-b696-4ab70ef0a85e","Site02__2024_site2_trap_6__2024-07-23__04-36-03(3).JPG","gs://145625598251_2004409_606_usyd_tfe_2022__main/deployment/2310241/prod/directUpload/d67c5db5-fbda-4c3d-b696-4ab70ef0a85e.JPG",0,"jess smith","6ccf0c56-72ce-49c5-84bd-3aca403c1b26","Mammalia","Dasyuromorphia","Dasyuridae","Antechinus","stuartii","Brown Antechinus",NA,"2024-07-23 04:36:03",1,"","",NA,NA,NA,NA,"false",NA,NA,"CC-BY-NC","{""{\""detectionBox\"":[0.784244061,0.275691092,0.956529856,0.501962543]}""}",2004409,"S02_T06",151.738855,-32.24098833,"2024-07-22 00:00:00","2024-07-25 00:00:00","Other","Universal mammal bait","None",NA,2085470,"S02_T06",0,"Camera Functioning","Knee height",NA,"Parallel",NA,NA,NA,NA,"Site_02",NA,NA,NA,NA,NA,NA,2024-07-23 04:36:03,0,0,0,0
2004409,"S02_T06_2024","3f2eb017-c802-4402-9b03-5653fec75ad3","Site02__2024_site2_trap_6__2024-07-23__06-21-51(1).JPG","gs://145625598251_2004409_606_usyd_tfe_2022__main/deployment/2310241/prod/directUpload/3f2eb017-c802-4402-9b03-5653fec75ad3.JPG",0,"jess smith","6ccf0c56-72ce-49c5-84bd-3aca403c1b26","Mammalia","Dasyuromorphia","Dasyuridae","Antechinus","stuartii","Brown Antechinus",NA,"2024-07-23 06:21:51",1,"","",NA,NA,NA,NA,"false",NA,NA,"CC-BY-NC","",2004409,"S02_T06",151.738855,-32.24098833,"2024-07-22 00:00:00","2024-07-25 00:00:00","Other","Universal mammal bait","None",NA,2085470,"S02_T06",0,"Camera Functioning","Knee height",NA,"Parallel",NA,NA,NA,NA,"Site_02",NA,NA,NA,NA,NA,NA,2024-07-23 06:21:51,6348,106,1.8,0.1
2004409,"S02_T06_2024","087dc77b-1179-4ca9-aa43-62318671f3ca","Site02__2024_site2_trap_6__2024-07-22__19-41-52(1).JPG","gs://145625598251_2004409_606_usyd_tfe_2022__main/deployment/2310241/prod/directUpload/087dc77b-1179-4ca9-aa43-62318671f3ca.JPG",0,"jess smith","f97e5485-9bda-4eeb-83a3-d65ba57f410c","Mammalia","Rodentia","Muridae","Rattus","fuscipes","Bush Rat",NA,"2024-07-22 19:41:52",1,"","",NA,NA,NA,NA,"false",NA,NA,"CC-BY-NC","{""{\""detectionBox\"":[0.10081739,0.0928687751,0.63395822,0.375430018]}""}",2004409,"S02_T06",151.738855,-32.24098833,"2024-07-22 00:00:00","2024-07-25 00:00:00","Other","Universal mammal bait","None",NA,2085470,"S02_T06",0,"Camera Functioning","Knee height",NA,"Parallel",NA,NA,NA,NA,"Site_02",NA,NA,NA,NA,NA,NA,2024-07-22 19:41:52,0,0,0,0
2004409,"S02_T06_2024","58457818-9a66-4e83-a817-19e6c6b6e92c","Site02__2024_site2_trap_6__2024-07-22__19-49-37(1).JPG","gs://145625598251_2004409_606_usyd_tfe_2022__main/deployment/2310241/prod/directUpload/58457818-9a66-4e83-a817-19e6c6b6e92c.JPG",0,"jess smith","f97e5485-9bda-4eeb-83a3-d65ba57f410c","Mammalia","Rodentia","Muridae","Rattus","fuscipes","Bush Rat",NA,"2024-07-22 19:49:37",1,"","",NA,NA,NA,NA,"false",NA,NA,"CC-BY-NC","",2004409,"S02_T06",151.738855,-32.24098833,"2024-07-22 00:00:00","2024-07-25 00:00:00","Other","Universal mammal bait","None",NA,2085470,"S02_T06",0,"Camera Functioning","Knee height",NA,"Parallel",NA,NA,NA,NA,"Site_02",NA,NA,NA,NA,NA,NA,2024-07-22 19:49:37,465,8,0.1,0
2004409,"S02_T06_2024","d1402d45-c00d-4ad5-881c-ea38f29223a9","Site02__2024_site2_trap_6__2024-07-22__21-17-23(4).JPG","gs://145625598251_2004409_606_usyd_tfe_2022__main/deployment/2310241/prod/directUpload/d1402d45-c00d-4ad5-881c-ea38f29223a9.JPG",0,"jess smith","f97e5485-9bda-4eeb-83a3-d65ba57f410c","Mammalia","Rodentia","Muridae","Rattus","fuscipes","Bush Rat",NA,"2024-07-22 21:17:23",1,"","",NA,NA,NA,NA,"false",NA,NA,"CC-BY-NC","{""{\""detectionBox\"":[0.621390104,0.38815856,0.853068233,0.758731127]}""}",2004409,"S02_T06",151.738855,-32.24098833,"2024-07-22 00:00:00","2024-07-25 00:00:00","Other","Universal mammal bait","None",NA,2085470,"S02_T06",0,"Camera Functioning","Knee height",NA,"Parallel",NA,NA,NA,NA,"Site_02",NA,NA,NA,NA,NA,NA,2024-07-22 21:17:23,5266,88,1.5,0.1
2004409,"S02_T06_2024","021ec3da-2fe8-40b9-9cbc-7a7e33a0358e","Site02__2024_site2_trap_6__2024-07-23__03-53-18(1).JPG","gs://145625598251_2004409_606_usyd_tfe_2022__main/deployment/2310241/prod/directUpload/021ec3da-2fe8-40b9-9cbc-7a7e33a0358e.JPG",0,"jess smith","f97e5485-9bda-4eeb-83a3-d65ba57f410c","Mammalia","Rodentia","Muridae","Rattus","fuscipes","Bush Rat",NA,"2024-07-23 03:53:18",1,"","",NA,NA,NA,NA,"false",NA,NA,"CC-BY-NC","{""{\""detectionBox\"":[0.544452488,0.27989614,0.897272,0.438240409]}""}",2004409,"S02_T06",151.738855,-32.24098833,"2024-07-22 00:00:00","2024-07-25 00:00:00","Other","Universal mammal bait","None",NA,2085470,"S02_T06",0,"Camera Functioning","Knee height",NA,"Parallel",NA,NA,NA,NA,"Site_02",NA,NA,NA,NA,NA,NA,2024-07-23 03:53:18,23755,396,6.6,0.3
2004409,"S02_T06_2024","48ef1f9f-3b45-4eb6-b5de-a6dae5be3583","Site02__2024_site2_trap_6__2024-07-23__04-36-02(2).JPG","gs://145625598251_2004409_606_usyd_tfe_2022__main/deployment/2310241/prod/directUpload/48ef1f9f-3b45-4eb6-b5de-a6dae5be3583.JPG",0,"jess smith","f97e5485-9bda-4eeb-83a3-d65ba57f410c","Mammalia","Rodentia","Muridae","Rattus","fuscipes","Bush Rat",NA,"2024-07-23 04:36:02",1,"","",NA,NA,NA,NA,"false",NA,NA,"CC-BY-NC","",2004409,"S02_T06",151.738855,-32.24098833,"2024-07-22 00:00:00","2024-07-25 00:00:00","Other","Universal mammal bait","None",NA,2085470,"S02_T06",0,"Camera Functioning","Knee height",NA,"Parallel",NA,NA,NA,NA,"Site_02",NA,NA,NA,NA,NA,NA,2024-07-23 04:36:02,2564,43,0.7,0
2004409,"S02_T06_2024","cfb5849c-c33a-41d9-9207-7f2f95c1b0d9","Site02__2024_site2_trap_6__2024-07-23__18-25-09(1).JPG","gs://145625598251_2004409_606_usyd_tfe_2022__main/deployment/2310241/prod/directUpload/cfb5849c-c33a-41d9-9207-7f2f95c1b0d9.JPG",0,"jess smith","f97e5485-9bda-4eeb-83a3-d65ba57f410c","Mammalia","Rodentia","Muridae","Rattus","fuscipes","Bush Rat",NA,"2024-07-23 18:25:09",1,"","",NA,NA,NA,NA,"false",NA,NA,"CC-BY-NC","",2004409,"S02_T06",151.738855,-32.24098833,"2024-07-22 00:00:00","2024-07-25 00:00:00","Other","Universal mammal bait","None",NA,2085470,"S02_T06",0,"Camera Functioning","Knee height",NA,"Parallel",NA,NA,NA,NA,"Site_02",NA,NA,NA,NA,NA,NA,2024-07-23 18:25:09,49747,829,13.8,0.6
2004409,"S02_T06_2024","889f6cb3-f92a-4286-a2d8-3347df380ece","Site02__2024_site2_trap_6__2024-07-24__18-31-35(1).JPG","gs://145625598251_2004409_606_usyd_tfe_2022__main/deployment/2310241/prod/directUpload/889f6cb3-f92a-4286-a2d8-3347df380ece.JPG",0,"jess smith","f97e5485-9bda-4eeb-83a3-d65ba57f410c","Mammalia","Rodentia","Muridae","Rattus","fuscipes","Bush Rat",NA,"2024-07-24 18:31:35",1,"","",NA,NA,NA,NA,"false",NA,NA,"CC-BY-NC","",2004409,"S02_T06",151.738855,-32.24098833,"2024-07-22 00:00:00","2024-07-25 00:00:00","Other","Universal mammal bait","None",NA,2085470,"S02_T06",0,"Camera Functioning","Knee height",NA,"Parallel",NA,NA,NA,NA,"Site_02",NA,NA,NA,NA,NA,NA,2024-07-24 18:31:35,86786,1446,24.1,1
2004409,"S02_T06_2024","82ea85cb-f97d-4077-80c2-c067d4df7a1b","Site02__2024_site2_trap_6__2024-07-24__19-15-56(1).JPG","gs://145625598251_2004409_606_usyd_tfe_2022__main/deployment/2310241/prod/directUpload/82ea85cb-f97d-4077-80c2-c067d4df7a1b.JPG",0,"jess smith","f97e5485-9bda-4eeb-83a3-d65ba57f410c","Mammalia","Rodentia","Muridae","Rattus","fuscipes","Bush Rat",NA,"2024-07-24 19:15:56",1,"","",NA,NA,NA,NA,"false",NA,NA,"CC-BY-NC","{""{\""detectionBox\"":[0.552584946,0.391255915,0.854330361,0.493658185]}""}",2004409,"S02_T06",151.738855,-32.24098833,"2024-07-22 00:00:00","2024-07-25 00:00:00","Other","Universal mammal bait","None",NA,2085470,"S02_T06",0,"Camera Functioning","Knee height",NA,"Parallel",NA,NA,NA,NA,"Site_02",NA,NA,NA,NA,NA,NA,2024-07-24 19:15:56,2661,44,0.7,0
2004409,"S02_T06_2024","16697c2c-9d64-4db5-acbf-16ab848afbab","Site02__2024_site2_trap_6__2024-07-24__20-10-24(1).JPG","gs://145625598251_2004409_606_usyd_tfe_2022__main/deployment/2310241/prod/directUpload/16697c2c-9d64-4db5-acbf-16ab848afbab.JPG",0,"jess smith","f97e5485-9bda-4eeb-83a3-d65ba57f410c","Mammalia","Rodentia","Muridae","Rattus","fuscipes","Bush Rat",NA,"2024-07-24 20:10:24",1,"","",NA,NA,NA,NA,"false",NA,NA,"CC-BY-NC","{""{\""detectionBox\"":[0.422936857,0.350775868,0.701838255,0.449943155]}""}",2004409,"S02_T06",151.738855,-32.24098833,"2024-07-22 00:00:00","2024-07-25 00:00:00","Other","Universal mammal bait","None",NA,2085470,"S02_T06",0,"Camera Functioning","Knee height",NA,"Parallel",NA,NA,NA,NA,"Site_02",NA,NA,NA,NA,NA,NA,2024-07-24 20:10:24,3268,54,0.9,0
2004409,"S02_T06_2024","7556fea2-fff0-44c5-9fd3-72dc8f46d864","Site02__2024_site2_trap_6__2024-07-25__00-07-30(1).JPG","gs://145625598251_2004409_606_usyd_tfe_2022__main/deployment/2310241/prod/directUpload/7556fea2-fff0-44c5-9fd3-72dc8f46d864.JPG",0,"jess smith","f97e5485-9bda-4eeb-83a3-d65ba57f410c","Mammalia","Rodentia","Muridae","Rattus","fuscipes","Bush Rat",NA,"2024-07-25 00:07:30",1,"","",NA,NA,NA,NA,"false",NA,NA,"CC-BY-NC","",2004409,"S02_T06",151.738855,-32.24098833,"2024-07-22 00:00:00","2024-07-25 00:00:00","Other","Universal mammal bait","None",NA,2085470,"S02_T06",0,"Camera Functioning","Knee height",NA,"Parallel",NA,NA,NA,NA,"Site_02",NA,NA,NA,NA,NA,NA,2024-07-25 00:07:30,14226,237,4,0.2
2004409,"S02_T06_2024","32f3b77c-32ca-4f43-924e-9e1ed2445db3","Site02__2024_site2_trap_6__2024-07-25__00-15-55(1).JPG","gs://145625598251_2004409_606_usyd_tfe_2022__main/deployment/2310241/prod/directUpload/32f3b77c-32ca-4f43-924e-9e1ed2445db3.JPG",0,"jess smith","f97e5485-9bda-4eeb-83a3-d65ba57f410c","Mammalia","Rodentia","Muridae","Rattus","fuscipes","Bush Rat",NA,"2024-07-25 00:15:55",1,"","",NA,NA,NA,NA,"false",NA,NA,"CC-BY-NC","{""{\""detectionBox\"":[0.721274495,0.417954683,0.978137374,0.550778508]}""}",2004409,"S02_T06",151.738855,-32.24098833,"2024-07-22 00:00:00","2024-07-25 00:00:00","Other","Universal mammal bait","None",NA,2085470,"S02_T06",0,"Camera Functioning","Knee height",NA,"Parallel",NA,NA,NA,NA,"Site_02",NA,NA,NA,NA,NA,NA,2024-07-25 00:15:55,505,8,0.1,0
2004409,"S02_T06_2024","80f6dd12-55d3-493d-8bfd-2bea65eee0dd","Site02__2024_site2_trap_6__2024-07-25__02-18-47(1).JPG","gs://145625598251_2004409_606_usyd_tfe_2022__main/deployment/2310241/prod/directUpload/80f6dd12-55d3-493d-8bfd-2bea65eee0dd.JPG",0,"jess smith","f97e5485-9bda-4eeb-83a3-d65ba57f410c","Mammalia","Rodentia","Muridae","Rattus","fuscipes","Bush Rat",NA,"2024-07-25 02:18:47",1,"","",NA,NA,NA,NA,"false",NA,NA,"CC-BY-NC","{""{\""detectionBox\"":[0.637960136,0.720461309,0.975145638,0.909885824]}""}",2004409,"S02_T06",151.738855,-32.24098833,"2024-07-22 00:00:00","2024-07-25 00:00:00","Other","Universal mammal bait","None",NA,2085470,"S02_T06",0,"Camera Functioning","Knee height",NA,"Parallel",NA,NA,NA,NA,"Site_02",NA,NA,NA,NA,NA,NA,2024-07-25 02:18:47,7372,123,2,0.1
2004409,"S02_T06_2024","3d517d7c-1c4d-4516-8004-77e33ffd5565","Site02__2024_site2_trap_6__2024-07-23__15-41-28(1).JPG","gs://145625598251_2004409_606_usyd_tfe_2022__main/deployment/2310241/prod/directUpload/3d517d7c-1c4d-4516-8004-77e33ffd5565.JPG",0,"Aaron Greenville","9212982e-8a58-4775-a6ac-e9a43110d8f5","Mammalia","Carnivora","Felidae","Felis","catus","Domestic Cat",NA,"2024-07-23 15:41:28",1,"","",NA,NA,NA,NA,"false",NA,NA,"CC-BY-NC","",2004409,"S02_T06",151.738855,-32.24098833,"2024-07-22 00:00:00","2024-07-25 00:00:00","Other","Universal mammal bait","None",NA,2085470,"S02_T06",0,"Camera Functioning","Knee height",NA,"Parallel",NA,NA,NA,NA,"Site_02",NA,NA,NA,NA,NA,NA,2024-07-23 15:41:28,0,0,0,0
2004409,"S02_T08_2024","66be6749-a271-42f2-946d-3a3ed19e907d","Site02__2024_site2_trap_8__2024-07-22__15-51-38(1).JPG","gs://145625598251_2004409_606_usyd_tfe_2022__main/deployment/2310242/prod/directUpload/66be6749-a271-42f2-946d-3a3ed19e907d.JPG",0,"jess smith","6ccf0c56-72ce-49c5-84bd-3aca403c1b26","Mammalia","Dasyuromorphia","Dasyuridae","Antechinus","stuartii","Brown Antechinus",NA,"2024-07-22 15:51:38",1,"","",NA,NA,NA,NA,"false",NA,NA,"CC-BY-NC","{""{\""detectionBox\"":[0.698221087,0.000371478498,0.969685137,0.158188283]}""}",2004409,"S02_T08",151.740147,-32.238703,"2024-07-22 00:00:00","2024-07-25 00:00:00","Other","Universal mammal bait","None",NA,2110168,"S02_T08",0,"Camera Functioning","Knee height",NA,"Parallel",NA,NA,NA,NA,"Site_02",NA,NA,NA,NA,NA,NA,2024-07-22 15:51:38,0,0,0,0
2004409,"S02_T08_2024","659b1960-dbd4-4b3e-b49c-b38a0178f8ed","Site02__2024_site2_trap_8__2024-07-22__16-13-15(1).JPG","gs://145625598251_2004409_606_usyd_tfe_2022__main/deployment/2310242/prod/directUpload/659b1960-dbd4-4b3e-b49c-b38a0178f8ed.JPG",0,"jess smith","6ccf0c56-72ce-49c5-84bd-3aca403c1b26","Mammalia","Dasyuromorphia","Dasyuridae","Antechinus","stuartii","Brown Antechinus",NA,"2024-07-22 16:13:15",1,"","",NA,NA,NA,NA,"false",NA,NA,"CC-BY-NC","{""{\""detectionBox\"":[0.732083797,0.00762499869,0.97801739,0.477102697]}""}",2004409,"S02_T08",151.740147,-32.238703,"2024-07-22 00:00:00","2024-07-25 00:00:00","Other","Universal mammal bait","None",NA,2110168,"S02_T08",0,"Camera Functioning","Knee height",NA,"Parallel",NA,NA,NA,NA,"Site_02",NA,NA,NA,NA,NA,NA,2024-07-22 16:13:15,1297,22,0.4,0
2004409,"S02_T10_2024","c93b5621-2f32-42f8-9253-7601eaf06a29","Site02__2024_site2_trap_10__2024-07-25__04-48-41(1).JPG","gs://145625598251_2004409_606_usyd_tfe_2022__main/deployment/2310243/prod/directUpload/c93b5621-2f32-42f8-9253-7601eaf06a29.JPG",0,"Olie Fioretto","6ccf0c56-72ce-49c5-84bd-3aca403c1b26","Mammalia","Dasyuromorphia","Dasyuridae","Antechinus","stuartii","Brown Antechinus",NA,"2024-07-25 04:48:41",1,"","",NA,NA,NA,NA,"false",NA,NA,"CC-BY-NC","",2004409,"S02_T10",151.7383633,-32.241185,"2024-07-22 00:00:00","2024-07-25 00:00:00","Other","Universal mammal bait","None",NA,2085471,"S02_T10",0,"Camera Functioning","Knee height",NA,"Parallel",NA,NA,NA,NA,"Site_02",NA,NA,NA,NA,NA,NA,2024-07-25 04:48:41,0,0,0,0
2004409,"S02_T10_2024","80d94fc5-fe8d-4611-a864-d55deb24b99f","Site02__2024_site2_trap_10__2024-07-23__04-58-44(3).JPG","gs://145625598251_2004409_606_usyd_tfe_2022__main/deployment/2310243/prod/directUpload/80d94fc5-fe8d-4611-a864-d55deb24b99f.JPG",0,"Olie Fioretto","f97e5485-9bda-4eeb-83a3-d65ba57f410c","Mammalia","Rodentia","Muridae","Rattus","fuscipes","Bush Rat",NA,"2024-07-23 04:58:44",1,"","",NA,NA,NA,NA,"false",NA,NA,"CC-BY-NC","",2004409,"S02_T10",151.7383633,-32.241185,"2024-07-22 00:00:00","2024-07-25 00:00:00","Other","Universal mammal bait","None",NA,2085471,"S02_T10",0,"Camera Functioning","Knee height",NA,"Parallel",NA,NA,NA,NA,"Site_02",NA,NA,NA,NA,NA,NA,2024-07-23 04:58:44,0,0,0,0
2004409,"S02_T10_2024","5b709105-b9dd-4d89-929e-c12c16d05a0b","Site02__2024_site2_trap_10__2024-07-24__18-54-45(4).JPG","gs://145625598251_2004409_606_usyd_tfe_2022__main/deployment/2310243/prod/directUpload/5b709105-b9dd-4d89-929e-c12c16d05a0b.JPG",0,"Olie Fioretto","f97e5485-9bda-4eeb-83a3-d65ba57f410c","Mammalia","Rodentia","Muridae","Rattus","fuscipes","Bush Rat",NA,"2024-07-24 18:54:45",1,"","",NA,NA,NA,NA,"false",NA,NA,"CC-BY-NC","",2004409,"S02_T10",151.7383633,-32.241185,"2024-07-22 00:00:00","2024-07-25 00:00:00","Other","Universal mammal bait","None",NA,2085471,"S02_T10",0,"Camera Functioning","Knee height",NA,"Parallel",NA,NA,NA,NA,"Site_02",NA,NA,NA,NA,NA,NA,2024-07-24 18:54:45,136561,2276,37.9,1.6
2004409,"S02_T12_2024","f71c520c-4cac-4fb3-ad5f-ef60c63a46b5","Site02__2024_site2_trap_12__2024-07-22__18-01-47(4).JPG","gs://145625598251_2004409_606_usyd_tfe_2022__main/deployment/2310244/prod/directUpload/f71c520c-4cac-4fb3-ad5f-ef60c63a46b5.JPG",0,"Olie Fioretto","f97e5485-9bda-4eeb-83a3-d65ba57f410c","Mammalia","Rodentia","Muridae","Rattus","fuscipes","Bush Rat",NA,"2024-07-22 18:01:47",1,"","",NA,NA,NA,NA,"false",NA,NA,"CC-BY-NC","",2004409,"S02_T12",151.7380767,-32.24136833,"2024-07-22 00:00:00","2024-07-25 00:00:00","Other","Universal mammal bait","None",NA,2085472,"S02_T12",0,"Camera Functioning","Knee height",NA,"Parallel",NA,NA,NA,NA,"Site_02",NA,NA,NA,NA,NA,NA,2024-07-22 18:01:47,0,0,0,0
2004409,"S02_T12_2024","759232c6-113b-413a-be01-203c691480ea","Site02__2024_site2_trap_12__2024-07-22__18-44-03(1).JPG","gs://145625598251_2004409_606_usyd_tfe_2022__main/deployment/2310244/prod/directUpload/759232c6-113b-413a-be01-203c691480ea.JPG",0,"Olie Fioretto","f97e5485-9bda-4eeb-83a3-d65ba57f410c","Mammalia","Rodentia","Muridae","Rattus","fuscipes","Bush Rat",NA,"2024-07-22 18:44:03",1,"","",NA,NA,NA,NA,"false",NA,NA,"CC-BY-NC","",2004409,"S02_T12",151.7380767,-32.24136833,"2024-07-22 00:00:00","2024-07-25 00:00:00","Other","Universal mammal bait","None",NA,2085472,"S02_T12",0,"Camera Functioning","Knee height",NA,"Parallel",NA,NA,NA,NA,"Site_02",NA,NA,NA,NA,NA,NA,2024-07-22 18:44:03,2536,42,0.7,0
2004409,"S02_T12_2024","b0ee70d0-edd0-451c-bb31-dd20a87f4eb9","Site02__2024_site2_trap_12__2024-07-22__19-52-11(2).JPG","gs://145625598251_2004409_606_usyd_tfe_2022__main/deployment/2310244/prod/directUpload/b0ee70d0-edd0-451c-bb31-dd20a87f4eb9.JPG",0,"Olie Fioretto","5e64c604-07c8-4736-806b-fc4aae49821d","Mammalia","Diprotodontia","Phalangeridae","Trichosurus","vulpecula","Common Brushtail Possum",NA,"2024-07-22 19:52:11",1,"","",NA,NA,NA,NA,"false",NA,NA,"CC-BY-NC","",2004409,"S02_T12",151.7380767,-32.24136833,"2024-07-22 00:00:00","2024-07-25 00:00:00","Other","Universal mammal bait","None",NA,2085472,"S02_T12",0,"Camera Functioning","Knee height",NA,"Parallel",NA,NA,NA,NA,"Site_02",NA,NA,NA,NA,NA,NA,2024-07-22 19:52:11,0,0,0,0
2004409,"S02_T12_2024","6a9119ab-77d2-4bdb-a40f-bb0a9d823953","Site02__2024_site2_trap_12__2024-07-23__17-43-36(1).JPG","gs://145625598251_2004409_606_usyd_tfe_2022__main/deployment/2310244/prod/directUpload/6a9119ab-77d2-4bdb-a40f-bb0a9d823953.JPG",0,"Olie Fioretto","d8cabc3b-7bbe-45b0-b9a9-600e114d189b","Mammalia","","","","","Small Mammal",NA,"2024-07-23 17:43:36",1,"","",NA,NA,NA,NA,"false",NA,NA,"CC-BY-NC","",2004409,"S02_T12",151.7380767,-32.24136833,"2024-07-22 00:00:00","2024-07-25 00:00:00","Other","Universal mammal bait","None",NA,2085472,"S02_T12",0,"Camera Functioning","Knee height",NA,"Parallel",NA,NA,NA,NA,"Site_02",NA,NA,NA,NA,NA,NA,2024-07-23 17:43:36,0,0,0,0
2004409,"S02_T12_2024","16cad304-b60d-489f-9de6-7fb8fe72b6d4","Site02__2024_site2_trap_12__2024-07-24__08-48-16(1).JPG","gs://145625598251_2004409_606_usyd_tfe_2022__main/deployment/2310244/prod/directUpload/16cad304-b60d-489f-9de6-7fb8fe72b6d4.JPG",0,"Olie Fioretto","3450b781-acf9-4bdf-af8f-c555034e0271","Aves","Passeriformes","Acanthizidae","Sericornis","citreogularis","Yellow-throated Scrubwren",NA,"2024-07-24 08:48:16",1,"","",NA,NA,NA,NA,"false",NA,NA,"CC-BY-NC","",2004409,"S02_T12",151.7380767,-32.24136833,"2024-07-22 00:00:00","2024-07-25 00:00:00","Other","Universal mammal bait","None",NA,2085472,"S02_T12",0,"Camera Functioning","Knee height",NA,"Parallel",NA,NA,NA,NA,"Site_02",NA,NA,NA,NA,NA,NA,2024-07-24 08:48:16,0,0,0,0
2004409,"S02_T12_2024","03a59cb1-c77e-4dd1-bff2-aab511337119","Site02__2024_site2_trap_12__2024-07-24__15-42-21(2).JPG","gs://145625598251_2004409_606_usyd_tfe_2022__main/deployment/2310244/prod/directUpload/03a59cb1-c77e-4dd1-bff2-aab511337119.JPG",0,"Olie Fioretto","3450b781-acf9-4bdf-af8f-c555034e0271","Aves","Passeriformes","Acanthizidae","Sericornis","citreogularis","Yellow-throated Scrubwren",NA,"2024-07-24 15:42:21",1,"","",NA,NA,NA,NA,"false",NA,NA,"CC-BY-NC","{""{\""detectionBox\"":[0.432594061,0.592034519,0.72763437,0.866509616]}""}",2004409,"S02_T12",151.7380767,-32.24136833,"2024-07-22 00:00:00","2024-07-25 00:00:00","Other","Universal mammal bait","None",NA,2085472,"S02_T12",0,"Camera Functioning","Knee height",NA,"Parallel",NA,NA,NA,NA,"Site_02",NA,NA,NA,NA,NA,NA,2024-07-24 15:42:21,24845,414,6.9,0.3
2004409,"S02_T12_2024","5f674579-f5d3-4bdf-8195-7aac26ec8f08","Site02__2024_site2_trap_12__2024-07-25__08-47-18(1).JPG","gs://145625598251_2004409_606_usyd_tfe_2022__main/deployment/2310244/prod/directUpload/5f674579-f5d3-4bdf-8195-7aac26ec8f08.JPG",0,"Olie Fioretto","3450b781-acf9-4bdf-af8f-c555034e0271","Aves","Passeriformes","Acanthizidae","Sericornis","citreogularis","Yellow-throated Scrubwren",NA,"2024-07-25 08:47:18",1,"","",NA,NA,NA,NA,"false",NA,NA,"CC-BY-NC","{""{\""detectionBox\"":[0.512204647,0.905524671,0.635970891,0.987073123]}""}",2004409,"S02_T12",151.7380767,-32.24136833,"2024-07-22 00:00:00","2024-07-25 00:00:00","Other","Universal mammal bait","None",NA,2085472,"S02_T12",0,"Camera Functioning","Knee height",NA,"Parallel",NA,NA,NA,NA,"Site_02",NA,NA,NA,NA,NA,NA,2024-07-25 08:47:18,61497,1025,17.1,0.7
2004409,"S02_T16_2024","a98cddd1-e2a7-4aa5-b491-5c69d2b15777","Site02__2024_site2_trap_16__2024-07-25__04-15-25(1).JPG","gs://145625598251_2004409_606_usyd_tfe_2022__main/deployment/2310246/prod/directUpload/a98cddd1-e2a7-4aa5-b491-5c69d2b15777.JPG",0,"Olie Fioretto","6ccf0c56-72ce-49c5-84bd-3aca403c1b26","Mammalia","Dasyuromorphia","Dasyuridae","Antechinus","stuartii","Brown Antechinus",NA,"2024-07-25 04:15:25",1,"","",NA,NA,NA,NA,"false",NA,NA,"CC-BY-NC","{""{\""detectionBox\"":[0.600872755,0.806914747,0.7190696,0.930821]}""}",2004409,"S02_T16",151.7388683,-32.24040167,"2024-07-22 00:00:00","2024-07-25 00:00:00","Other","Universal mammal bait","None",NA,2085474,"S02_T16",0,"Camera Functioning","Knee height",NA,"Parallel",NA,NA,NA,NA,"Site_02",NA,NA,NA,NA,NA,NA,2024-07-25 04:15:25,0,0,0,0
2004409,"S02_T16_2024","fef59b4e-aa63-4343-9f76-71f525d4f8a3","Site02__2024_site2_trap_16__2024-07-25__04-22-21(1).JPG","gs://145625598251_2004409_606_usyd_tfe_2022__main/deployment/2310246/prod/directUpload/fef59b4e-aa63-4343-9f76-71f525d4f8a3.JPG",0,"Olie Fioretto","6ccf0c56-72ce-49c5-84bd-3aca403c1b26","Mammalia","Dasyuromorphia","Dasyuridae","Antechinus","stuartii","Brown Antechinus",NA,"2024-07-25 04:22:21",1,"","",NA,NA,NA,NA,"false",NA,NA,"CC-BY-NC","{""{\""detectionBox\"":[0.624050617,0.548543,0.767383933,0.727212429]}""}",2004409,"S02_T16",151.7388683,-32.24040167,"2024-07-22 00:00:00","2024-07-25 00:00:00","Other","Universal mammal bait","None",NA,2085474,"S02_T16",0,"Camera Functioning","Knee height",NA,"Parallel",NA,NA,NA,NA,"Site_02",NA,NA,NA,NA,NA,NA,2024-07-25 04:22:21,416,7,0.1,0
2004409,"S02_T16_2024","2d61fdd7-8bd7-4206-9f15-0f7a77839018","Site02__2024_site2_trap_16__2024-07-25__04-28-53(1).JPG","gs://145625598251_2004409_606_usyd_tfe_2022__main/deployment/2310246/prod/directUpload/2d61fdd7-8bd7-4206-9f15-0f7a77839018.JPG",0,"Olie Fioretto","6ccf0c56-72ce-49c5-84bd-3aca403c1b26","Mammalia","Dasyuromorphia","Dasyuridae","Antechinus","stuartii","Brown Antechinus",NA,"2024-07-25 04:28:53",1,"","",NA,NA,NA,NA,"false",NA,NA,"CC-BY-NC","{""{\""detectionBox\"":[0.510254145,0.378574371,0.779397,0.472571969]}""}",2004409,"S02_T16",151.7388683,-32.24040167,"2024-07-22 00:00:00","2024-07-25 00:00:00","Other","Universal mammal bait","None",NA,2085474,"S02_T16",0,"Camera Functioning","Knee height",NA,"Parallel",NA,NA,NA,NA,"Site_02",NA,NA,NA,NA,NA,NA,2024-07-25 04:28:53,392,7,0.1,0
2004409,"S02_T16_2024","c7e1a169-295c-4511-8609-580708f57ee1","Site02__2024_site2_trap_16__2024-07-24__19-53-49(1).JPG","gs://145625598251_2004409_606_usyd_tfe_2022__main/deployment/2310246/prod/directUpload/c7e1a169-295c-4511-8609-580708f57ee1.JPG",0,"Olie Fioretto","f97e5485-9bda-4eeb-83a3-d65ba57f410c","Mammalia","Rodentia","Muridae","Rattus","fuscipes","Bush Rat",NA,"2024-07-24 19:53:49",1,"","",NA,NA,NA,NA,"false",NA,NA,"CC-BY-NC","{""{\""detectionBox\"":[0.555523336,0.791472495,0.761029601,1]}""}",2004409,"S02_T16",151.7388683,-32.24040167,"2024-07-22 00:00:00","2024-07-25 00:00:00","Other","Universal mammal bait","None",NA,2085474,"S02_T16",0,"Camera Functioning","Knee height",NA,"Parallel",NA,NA,NA,NA,"Site_02",NA,NA,NA,NA,NA,NA,2024-07-24 19:53:49,0,0,0,0
2004409,"S02_T16_2024","086d5682-c33a-436c-be59-226b47643bb4","Site02__2024_site2_trap_16__2024-07-22__12-48-29(1).JPG","gs://145625598251_2004409_606_usyd_tfe_2022__main/deployment/2310246/prod/directUpload/086d5682-c33a-436c-be59-226b47643bb4.JPG",0,"Olie Fioretto","3450b781-acf9-4bdf-af8f-c555034e0271","Aves","Passeriformes","Acanthizidae","Sericornis","citreogularis","Yellow-throated Scrubwren",NA,"2024-07-22 12:48:29",1,"","",NA,NA,NA,NA,"false",NA,NA,"CC-BY-NC","{""{\""detectionBox\"":[0.5348773,0.108575776,0.704372823,0.200626656]}"",""{\""detectionBox\"":[0.75172317,0.686228156,0.979533851,0.999590516]}""}",2004409,"S02_T16",151.7388683,-32.24040167,"2024-07-22 00:00:00","2024-07-25 00:00:00","Other","Universal mammal bait","None",NA,2085474,"S02_T16",0,"Camera Functioning","Knee height",NA,"Parallel",NA,NA,NA,NA,"Site_02",NA,NA,NA,NA,NA,NA,2024-07-22 12:48:29,0,0,0,0
2004409,"S02_T16_2024","9c0a7bab-73bc-4e66-8ebc-9668f2cff314","Site02__2024_site2_trap_16__2024-07-22__12-59-03(1).JPG","gs://145625598251_2004409_606_usyd_tfe_2022__main/deployment/2310246/prod/directUpload/9c0a7bab-73bc-4e66-8ebc-9668f2cff314.JPG",0,"Olie Fioretto","3450b781-acf9-4bdf-af8f-c555034e0271","Aves","Passeriformes","Acanthizidae","Sericornis","citreogularis","Yellow-throated Scrubwren",NA,"2024-07-22 12:59:03",1,"","",NA,NA,NA,NA,"false",NA,NA,"CC-BY-NC","{""{\""detectionBox\"":[0.66084528,0.0000959262252,0.934809387,0.189908653]}""}",2004409,"S02_T16",151.7388683,-32.24040167,"2024-07-22 00:00:00","2024-07-25 00:00:00","Other","Universal mammal bait","None",NA,2085474,"S02_T16",0,"Camera Functioning","Knee height",NA,"Parallel",NA,NA,NA,NA,"Site_02",NA,NA,NA,NA,NA,NA,2024-07-22 12:59:03,634,11,0.2,0
2004409,"S02_T16_2024","4c1f42c6-80e2-4f2a-b476-35559fdd7348","Site02__2024_site2_trap_16__2024-07-22__14-22-06(1).JPG","gs://145625598251_2004409_606_usyd_tfe_2022__main/deployment/2310246/prod/directUpload/4c1f42c6-80e2-4f2a-b476-35559fdd7348.JPG",0,"Olie Fioretto","3450b781-acf9-4bdf-af8f-c555034e0271","Aves","Passeriformes","Acanthizidae","Sericornis","citreogularis","Yellow-throated Scrubwren",NA,"2024-07-22 14:22:06",1,"","",NA,NA,NA,NA,"false",NA,NA,"CC-BY-NC","",2004409,"S02_T16",151.7388683,-32.24040167,"2024-07-22 00:00:00","2024-07-25 00:00:00","Other","Universal mammal bait","None",NA,2085474,"S02_T16",0,"Camera Functioning","Knee height",NA,"Parallel",NA,NA,NA,NA,"Site_02",NA,NA,NA,NA,NA,NA,2024-07-22 14:22:06,4983,83,1.4,0.1
2004409,"S02_T16_2024","d6e1d663-0e47-4b06-9f5e-a7e418798ad2","Site02__2024_site2_trap_16__2024-07-22__15-13-50(2).JPG","gs://145625598251_2004409_606_usyd_tfe_2022__main/deployment/2310246/prod/directUpload/d6e1d663-0e47-4b06-9f5e-a7e418798ad2.JPG",0,"Olie Fioretto","3450b781-acf9-4bdf-af8f-c555034e0271","Aves","Passeriformes","Acanthizidae","Sericornis","citreogularis","Yellow-throated Scrubwren",NA,"2024-07-22 15:13:50",1,"","",NA,NA,NA,NA,"false",NA,NA,"CC-BY-NC","{""{\""detectionBox\"":[0.547141254,0.0970966741,0.713139176,0.289389282]}""}",2004409,"S02_T16",151.7388683,-32.24040167,"2024-07-22 00:00:00","2024-07-25 00:00:00","Other","Universal mammal bait","None",NA,2085474,"S02_T16",0,"Camera Functioning","Knee height",NA,"Parallel",NA,NA,NA,NA,"Site_02",NA,NA,NA,NA,NA,NA,2024-07-22 15:13:50,3104,52,0.9,0
2004409,"S02_T16_2024","4894c47a-beb6-4806-9fc5-53bdec796046","Site02__2024_site2_trap_16__2024-07-23__07-31-37(1).JPG","gs://145625598251_2004409_606_usyd_tfe_2022__main/deployment/2310246/prod/directUpload/4894c47a-beb6-4806-9fc5-53bdec796046.JPG",0,"Olie Fioretto","3450b781-acf9-4bdf-af8f-c555034e0271","Aves","Passeriformes","Acanthizidae","Sericornis","citreogularis","Yellow-throated Scrubwren",NA,"2024-07-23 07:31:37",1,"","",NA,NA,NA,NA,"false",NA,NA,"CC-BY-NC","{""{\""detectionBox\"":[0.683827,0.0000216066837,0.979091167,0.241555423]}""}",2004409,"S02_T16",151.7388683,-32.24040167,"2024-07-22 00:00:00","2024-07-25 00:00:00","Other","Universal mammal bait","None",NA,2085474,"S02_T16",0,"Camera Functioning","Knee height",NA,"Parallel",NA,NA,NA,NA,"Site_02",NA,NA,NA,NA,NA,NA,2024-07-23 07:31:37,58667,978,16.3,0.7
2004409,"S02_T16_2024","1f676551-1e3d-45f2-95c4-1705ae91a21e","Site02__2024_site2_trap_16__2024-07-23__11-25-21(1).JPG","gs://145625598251_2004409_606_usyd_tfe_2022__main/deployment/2310246/prod/directUpload/1f676551-1e3d-45f2-95c4-1705ae91a21e.JPG",0,"Olie Fioretto","3450b781-acf9-4bdf-af8f-c555034e0271","Aves","Passeriformes","Acanthizidae","Sericornis","citreogularis","Yellow-throated Scrubwren",NA,"2024-07-23 11:25:21",1,"","",NA,NA,NA,NA,"false",NA,NA,"CC-BY-NC","",2004409,"S02_T16",151.7388683,-32.24040167,"2024-07-22 00:00:00","2024-07-25 00:00:00","Other","Universal mammal bait","None",NA,2085474,"S02_T16",0,"Camera Functioning","Knee height",NA,"Parallel",NA,NA,NA,NA,"Site_02",NA,NA,NA,NA,NA,NA,2024-07-23 11:25:21,14024,234,3.9,0.2
2004409,"S02_T16_2024","503adc94-199f-42c0-bec5-179205b3be56","Site02__2024_site2_trap_16__2024-07-23__12-52-30(8).JPG","gs://145625598251_2004409_606_usyd_tfe_2022__main/deployment/2310246/prod/directUpload/503adc94-199f-42c0-bec5-179205b3be56.JPG",0,"Olie Fioretto","3450b781-acf9-4bdf-af8f-c555034e0271","Aves","Passeriformes","Acanthizidae","Sericornis","citreogularis","Yellow-throated Scrubwren",NA,"2024-07-23 12:52:30",1,"","",NA,NA,NA,NA,"false",NA,NA,"CC-BY-NC","{""{\""detectionBox\"":[0.577560604,0.793232858,0.706961751,0.932746708]}""}",2004409,"S02_T16",151.7388683,-32.24040167,"2024-07-22 00:00:00","2024-07-25 00:00:00","Other","Universal mammal bait","None",NA,2085474,"S02_T16",0,"Camera Functioning","Knee height",NA,"Parallel",NA,NA,NA,NA,"Site_02",NA,NA,NA,NA,NA,NA,2024-07-23 12:52:30,5229,87,1.4,0.1
2004409,"S02_T16_2024","92acf3d3-a975-4850-adb9-f7f40eda715d","Site02__2024_site2_trap_16__2024-07-23__15-00-49(1).JPG","gs://145625598251_2004409_606_usyd_tfe_2022__main/deployment/2310246/prod/directUpload/92acf3d3-a975-4850-adb9-f7f40eda715d.JPG",0,"Olie Fioretto","3450b781-acf9-4bdf-af8f-c555034e0271","Aves","Passeriformes","Acanthizidae","Sericornis","citreogularis","Yellow-throated Scrubwren",NA,"2024-07-23 15:00:49",1,"","",NA,NA,NA,NA,"false",NA,NA,"CC-BY-NC","{""{\""detectionBox\"":[0.64802438,0.841535687,0.807691,0.999765635]}""}",2004409,"S02_T16",151.7388683,-32.24040167,"2024-07-22 00:00:00","2024-07-25 00:00:00","Other","Universal mammal bait","None",NA,2085474,"S02_T16",0,"Camera Functioning","Knee height",NA,"Parallel",NA,NA,NA,NA,"Site_02",NA,NA,NA,NA,NA,NA,2024-07-23 15:00:49,7699,128,2.1,0.1
2004409,"S02_T16_2024","41ce1b67-6a88-4c0a-ac1e-12fe338da832","Site02__2024_site2_trap_16__2024-07-24__06-37-26(2).JPG","gs://145625598251_2004409_606_usyd_tfe_2022__main/deployment/2310246/prod/directUpload/41ce1b67-6a88-4c0a-ac1e-12fe338da832.JPG",0,"Olie Fioretto","3450b781-acf9-4bdf-af8f-c555034e0271","Aves","Passeriformes","Acanthizidae","Sericornis","citreogularis","Yellow-throated Scrubwren",NA,"2024-07-24 06:37:26",1,"","",NA,NA,NA,NA,"false",NA,NA,"CC-BY-NC","{""{\""detectionBox\"":[0.62386018,0.191458389,0.822684765,0.345763862]}""}",2004409,"S02_T16",151.7388683,-32.24040167,"2024-07-22 00:00:00","2024-07-25 00:00:00","Other","Universal mammal bait","None",NA,2085474,"S02_T16",0,"Camera Functioning","Knee height",NA,"Parallel",NA,NA,NA,NA,"Site_02",NA,NA,NA,NA,NA,NA,2024-07-24 06:37:26,56197,937,15.6,0.7
2004409,"S02_T16_2024","e1aba575-cfb4-4c20-99fa-a40568b7e455","Site02__2024_site2_trap_16__2024-07-24__11-34-02(1).JPG","gs://145625598251_2004409_606_usyd_tfe_2022__main/deployment/2310246/prod/directUpload/e1aba575-cfb4-4c20-99fa-a40568b7e455.JPG",0,"Olie Fioretto","3450b781-acf9-4bdf-af8f-c555034e0271","Aves","Passeriformes","Acanthizidae","Sericornis","citreogularis","Yellow-throated Scrubwren",NA,"2024-07-24 11:34:02",1,"","",NA,NA,NA,NA,"false",NA,NA,"CC-BY-NC","",2004409,"S02_T16",151.7388683,-32.24040167,"2024-07-22 00:00:00","2024-07-25 00:00:00","Other","Universal mammal bait","None",NA,2085474,"S02_T16",0,"Camera Functioning","Knee height",NA,"Parallel",NA,NA,NA,NA,"Site_02",NA,NA,NA,NA,NA,NA,2024-07-24 11:34:02,17796,297,5,0.2
2004409,"S02_T16_2024","ffb3ddb9-1c47-4a14-a0f6-e346ffe41ebd","Site02__2024_site2_trap_16__2024-07-24__13-36-54(1).JPG","gs://145625598251_2004409_606_usyd_tfe_2022__main/deployment/2310246/prod/directUpload/ffb3ddb9-1c47-4a14-a0f6-e346ffe41ebd.JPG",0,"Olie Fioretto","3450b781-acf9-4bdf-af8f-c555034e0271","Aves","Passeriformes","Acanthizidae","Sericornis","citreogularis","Yellow-throated Scrubwren",NA,"2024-07-24 13:36:54",1,"","",NA,NA,NA,NA,"false",NA,NA,"CC-BY-NC","{""{\""detectionBox\"":[0.668701589,0.0192725472,0.826704741,0.110392824]}""}",2004409,"S02_T16",151.7388683,-32.24040167,"2024-07-22 00:00:00","2024-07-25 00:00:00","Other","Universal mammal bait","None",NA,2085474,"S02_T16",0,"Camera Functioning","Knee height",NA,"Parallel",NA,NA,NA,NA,"Site_02",NA,NA,NA,NA,NA,NA,2024-07-24 13:36:54,7372,123,2,0.1
2004409,"S02_T16_2024","d63766f9-dc76-4db2-a57c-f60831be492e","Site02__2024_site2_trap_16__2024-07-24__13-44-24(4).JPG","gs://145625598251_2004409_606_usyd_tfe_2022__main/deployment/2310246/prod/directUpload/d63766f9-dc76-4db2-a57c-f60831be492e.JPG",0,"Olie Fioretto","3450b781-acf9-4bdf-af8f-c555034e0271","Aves","Passeriformes","Acanthizidae","Sericornis","citreogularis","Yellow-throated Scrubwren",NA,"2024-07-24 13:44:24",1,"","",NA,NA,NA,NA,"false",NA,NA,"CC-BY-NC","{""{\""detectionBox\"":[0.656690598,0.0125370137,0.888361812,0.124951586]}""}",2004409,"S02_T16",151.7388683,-32.24040167,"2024-07-22 00:00:00","2024-07-25 00:00:00","Other","Universal mammal bait","None",NA,2085474,"S02_T16",0,"Camera Functioning","Knee height",NA,"Parallel",NA,NA,NA,NA,"Site_02",NA,NA,NA,NA,NA,NA,2024-07-24 13:44:24,450,8,0.1,0
2004409,"S02_T16_2024","eaa39a2b-dd37-4461-ac3d-52eb5b6a4672","Site02__2024_site2_trap_16__2024-07-24__14-38-00(1).JPG","gs://145625598251_2004409_606_usyd_tfe_2022__main/deployment/2310246/prod/directUpload/eaa39a2b-dd37-4461-ac3d-52eb5b6a4672.JPG",0,"Olie Fioretto","3450b781-acf9-4bdf-af8f-c555034e0271","Aves","Passeriformes","Acanthizidae","Sericornis","citreogularis","Yellow-throated Scrubwren",NA,"2024-07-24 14:38:00",1,"","",NA,NA,NA,NA,"false",NA,NA,"CC-BY-NC","{""{\""detectionBox\"":[0.693359137,0.195474535,0.939539552,0.409432501]}""}",2004409,"S02_T16",151.7388683,-32.24040167,"2024-07-22 00:00:00","2024-07-25 00:00:00","Other","Universal mammal bait","None",NA,2085474,"S02_T16",0,"Camera Functioning","Knee height",NA,"Parallel",NA,NA,NA,NA,"Site_02",NA,NA,NA,NA,NA,NA,2024-07-24 14:38:00,3216,54,0.9,0
2004409,"S02_T16_2024","37c4f4df-43f5-441b-bdbd-21656b4cb375","Site02__2024_site2_trap_16__2024-07-24__15-02-02(1).JPG","gs://145625598251_2004409_606_usyd_tfe_2022__main/deployment/2310246/prod/directUpload/37c4f4df-43f5-441b-bdbd-21656b4cb375.JPG",0,"Olie Fioretto","3450b781-acf9-4bdf-af8f-c555034e0271","Aves","Passeriformes","Acanthizidae","Sericornis","citreogularis","Yellow-throated Scrubwren",NA,"2024-07-24 15:02:02",1,"","",NA,NA,NA,NA,"false",NA,NA,"CC-BY-NC","{""{\""detectionBox\"":[0.623961329,0,0.74207449,0.130140916]}""}",2004409,"S02_T16",151.7388683,-32.24040167,"2024-07-22 00:00:00","2024-07-25 00:00:00","Other","Universal mammal bait","None",NA,2085474,"S02_T16",0,"Camera Functioning","Knee height",NA,"Parallel",NA,NA,NA,NA,"Site_02",NA,NA,NA,NA,NA,NA,2024-07-24 15:02:02,1442,24,0.4,0
2004409,"S02_T18_2024","a3ec8d72-4386-466c-8d47-2b437ebc3a6f","Site02__2024_site2_trap_18__2024-07-25__04-51-10(2).JPG","gs://145625598251_2004409_606_usyd_tfe_2022__main/deployment/2310247/prod/directUpload/a3ec8d72-4386-466c-8d47-2b437ebc3a6f.JPG",0,"Bernard Wilson","1f689929-883d-4dae-958c-3d57ab5b6c16","","","","","","Animal",NA,"2024-07-25 04:51:10",1,"","",NA,NA,NA,NA,"false",NA,NA,"CC-BY-NC","",2004409,"S02_T18",151.740311,-32.239334,"2024-07-22 00:00:00","2024-07-25 00:00:00","Other","Universal mammal bait","None",NA,2110169,"S02_T18",0,"Camera Functioning","Knee height",NA,"Parallel",NA,NA,NA,NA,"Site_02",NA,NA,NA,NA,NA,NA,2024-07-25 04:51:10,0,0,0,0
2004409,"S02_T18_2024","09dcb90e-f1aa-4952-b227-7549eb134d2b","Site02__2024_site2_trap_18__2024-07-22__18-53-29(1).JPG","gs://145625598251_2004409_606_usyd_tfe_2022__main/deployment/2310247/prod/directUpload/09dcb90e-f1aa-4952-b227-7549eb134d2b.JPG",0,"Bernard Wilson","6ccf0c56-72ce-49c5-84bd-3aca403c1b26","Mammalia","Dasyuromorphia","Dasyuridae","Antechinus","stuartii","Brown Antechinus",NA,"2024-07-22 18:53:29",1,"","",NA,NA,NA,NA,"false",NA,NA,"CC-BY-NC","",2004409,"S02_T18",151.740311,-32.239334,"2024-07-22 00:00:00","2024-07-25 00:00:00","Other","Universal mammal bait","None",NA,2110169,"S02_T18",0,"Camera Functioning","Knee height",NA,"Parallel",NA,NA,NA,NA,"Site_02",NA,NA,NA,NA,NA,NA,2024-07-22 18:53:29,0,0,0,0
2004409,"S02_T18_2024","b68b843b-c45c-4d1f-9509-59bac65b1b66","Site02__2024_site2_trap_18__2024-07-24__22-44-45(1).JPG","gs://145625598251_2004409_606_usyd_tfe_2022__main/deployment/2310247/prod/directUpload/b68b843b-c45c-4d1f-9509-59bac65b1b66.JPG",0,"Bernard Wilson","f97e5485-9bda-4eeb-83a3-d65ba57f410c","Mammalia","Rodentia","Muridae","Rattus","fuscipes","Bush Rat",NA,"2024-07-24 22:44:45",1,"","",NA,NA,NA,NA,"false",NA,NA,"CC-BY-NC","{""{\""detectionBox\"":[0.766615808,0.875626,0.974684656,0.999335229]}""}",2004409,"S02_T18",151.740311,-32.239334,"2024-07-22 00:00:00","2024-07-25 00:00:00","Other","Universal mammal bait","None",NA,2110169,"S02_T18",0,"Camera Functioning","Knee height",NA,"Parallel",NA,NA,NA,NA,"Site_02",NA,NA,NA,NA,NA,NA,2024-07-24 22:44:45,0,0,0,0
2004409,"S02_T18_2024","bd4d243b-06ff-4fec-9ca7-6ee6026f7bf7","Site02__2024_site2_trap_18__2024-07-25__05-47-54(1).JPG","gs://145625598251_2004409_606_usyd_tfe_2022__main/deployment/2310247/prod/directUpload/bd4d243b-06ff-4fec-9ca7-6ee6026f7bf7.JPG",0,"Bernard Wilson","f97e5485-9bda-4eeb-83a3-d65ba57f410c","Mammalia","Rodentia","Muridae","Rattus","fuscipes","Bush Rat",NA,"2024-07-25 05:47:54",1,"","",NA,NA,NA,NA,"false",NA,NA,"CC-BY-NC","",2004409,"S02_T18",151.740311,-32.239334,"2024-07-22 00:00:00","2024-07-25 00:00:00","Other","Universal mammal bait","None",NA,2110169,"S02_T18",0,"Camera Functioning","Knee height",NA,"Parallel",NA,NA,NA,NA,"Site_02",NA,NA,NA,NA,NA,NA,2024-07-25 05:47:54,25389,423,7,0.3
2004409,"S02_T18_2024","f0052890-0f58-43f7-8241-80b1fa0afe8c","Site02__2024_site2_trap_18__2024-07-25__04-51-42(4).JPG","gs://145625598251_2004409_606_usyd_tfe_2022__main/deployment/2310247/prod/directUpload/f0052890-0f58-43f7-8241-80b1fa0afe8c.JPG",0,"Bernard Wilson","5e64c604-07c8-4736-806b-fc4aae49821d","Mammalia","Diprotodontia","Phalangeridae","Trichosurus","vulpecula","Common Brushtail Possum",NA,"2024-07-25 04:51:42",1,"","",NA,NA,NA,NA,"false",NA,NA,"CC-BY-NC","",2004409,"S02_T18",151.740311,-32.239334,"2024-07-22 00:00:00","2024-07-25 00:00:00","Other","Universal mammal bait","None",NA,2110169,"S02_T18",0,"Camera Functioning","Knee height",NA,"Parallel",NA,NA,NA,NA,"Site_02",NA,NA,NA,NA,NA,NA,2024-07-25 04:51:42,0,0,0,0
2004409,"S02_T18_2024","f0674de4-d7d1-43dd-8005-3fa95f2eec96","Site02__2024_site2_trap_18__2024-07-23__07-52-11(1).JPG","gs://145625598251_2004409_606_usyd_tfe_2022__main/deployment/2310247/prod/directUpload/f0674de4-d7d1-43dd-8005-3fa95f2eec96.JPG",0,"Bernard Wilson","e243a2de-1379-4026-a312-1f54fac4719b","Aves","Passeriformes","Psophodidae","Psophodes","olivaceus","Eastern Whipbird",NA,"2024-07-23 07:52:11",1,"","",NA,NA,NA,NA,"false",NA,NA,"CC-BY-NC","",2004409,"S02_T18",151.740311,-32.239334,"2024-07-22 00:00:00","2024-07-25 00:00:00","Other","Universal mammal bait","None",NA,2110169,"S02_T18",0,"Camera Functioning","Knee height",NA,"Parallel",NA,NA,NA,NA,"Site_02",NA,NA,NA,NA,NA,NA,2024-07-23 07:52:11,0,0,0,0
2004409,"S02_T18_2024","d429643d-5e0c-44eb-b897-584182c5ab76","Site02__2024_site2_trap_18__2024-07-24__09-52-24(17).JPG","gs://145625598251_2004409_606_usyd_tfe_2022__main/deployment/2310247/prod/directUpload/d429643d-5e0c-44eb-b897-584182c5ab76.JPG",0,"Bernard Wilson","f2d233e3-80e3-433d-9687-e29ecc7a467a","Mammalia","","","","","Mammal",NA,"2024-07-24 09:52:24",1,"","",NA,NA,NA,NA,"false",NA,NA,"CC-BY-NC","",2004409,"S02_T18",151.740311,-32.239334,"2024-07-22 00:00:00","2024-07-25 00:00:00","Other","Universal mammal bait","None",NA,2110169,"S02_T18",0,"Camera Functioning","Knee height",NA,"Parallel",NA,NA,NA,NA,"Site_02",NA,NA,NA,NA,NA,NA,2024-07-24 09:52:24,0,0,0,0
2004409,"S02_T18_2024","eb5cb274-86e9-441a-aa4b-4d967a81bd5f","Site02__2024_site2_trap_18__2024-07-22__15-39-29(1).JPG","gs://145625598251_2004409_606_usyd_tfe_2022__main/deployment/2310247/prod/directUpload/eb5cb274-86e9-441a-aa4b-4d967a81bd5f.JPG",0,"Bernard Wilson","3450b781-acf9-4bdf-af8f-c555034e0271","Aves","Passeriformes","Acanthizidae","Sericornis","citreogularis","Yellow-throated Scrubwren",NA,"2024-07-22 15:39:29",1,"","",NA,NA,NA,NA,"false",NA,NA,"CC-BY-NC","",2004409,"S02_T18",151.740311,-32.239334,"2024-07-22 00:00:00","2024-07-25 00:00:00","Other","Universal mammal bait","None",NA,2110169,"S02_T18",0,"Camera Functioning","Knee height",NA,"Parallel",NA,NA,NA,NA,"Site_02",NA,NA,NA,NA,NA,NA,2024-07-22 15:39:29,0,0,0,0
2004409,"S02_T18_2024","fc01c368-43c0-4996-b59f-9e05c38fc3ea","Site02__2024_site2_trap_18__2024-07-23__11-06-57(21).JPG","gs://145625598251_2004409_606_usyd_tfe_2022__main/deployment/2310247/prod/directUpload/fc01c368-43c0-4996-b59f-9e05c38fc3ea.JPG",0,"Bernard Wilson","3450b781-acf9-4bdf-af8f-c555034e0271","Aves","Passeriformes","Acanthizidae","Sericornis","citreogularis","Yellow-throated Scrubwren",NA,"2024-07-23 11:06:57",1,"","",NA,NA,NA,NA,"false",NA,NA,"CC-BY-NC","{""{\""detectionBox\"":[0.755222619,0.00137100369,0.977561653,0.199432373]}""}",2004409,"S02_T18",151.740311,-32.239334,"2024-07-22 00:00:00","2024-07-25 00:00:00","Other","Universal mammal bait","None",NA,2110169,"S02_T18",0,"Camera Functioning","Knee height",NA,"Parallel",NA,NA,NA,NA,"Site_02",NA,NA,NA,NA,NA,NA,2024-07-23 11:06:57,70048,1167,19.4,0.8
2004409,"S02_T18_2024","be42efec-90e5-4f15-9674-e7ca4447fc1f","Site02__2024_site2_trap_18__2024-07-23__13-27-47(1).JPG","gs://145625598251_2004409_606_usyd_tfe_2022__main/deployment/2310247/prod/directUpload/be42efec-90e5-4f15-9674-e7ca4447fc1f.JPG",0,"Bernard Wilson","3450b781-acf9-4bdf-af8f-c555034e0271","Aves","Passeriformes","Acanthizidae","Sericornis","citreogularis","Yellow-throated Scrubwren",NA,"2024-07-23 13:27:47",1,"","",NA,NA,NA,NA,"false",NA,NA,"CC-BY-NC","",2004409,"S02_T18",151.740311,-32.239334,"2024-07-22 00:00:00","2024-07-25 00:00:00","Other","Universal mammal bait","None",NA,2110169,"S02_T18",0,"Camera Functioning","Knee height",NA,"Parallel",NA,NA,NA,NA,"Site_02",NA,NA,NA,NA,NA,NA,2024-07-23 13:27:47,8450,141,2.4,0.1
2004409,"S02_T18_2024","576acbf0-e99b-4d44-af79-a89daaafe515","Site02__2024_site2_trap_18__2024-07-23__14-11-39(1).JPG","gs://145625598251_2004409_606_usyd_tfe_2022__main/deployment/2310247/prod/directUpload/576acbf0-e99b-4d44-af79-a89daaafe515.JPG",0,"Bernard Wilson","3450b781-acf9-4bdf-af8f-c555034e0271","Aves","Passeriformes","Acanthizidae","Sericornis","citreogularis","Yellow-throated Scrubwren",NA,"2024-07-23 14:11:39",1,"","",NA,NA,NA,NA,"false",NA,NA,"CC-BY-NC","{""{\""detectionBox\"":[0.746177435,0,0.977622569,0.116758749]}""}",2004409,"S02_T18",151.740311,-32.239334,"2024-07-22 00:00:00","2024-07-25 00:00:00","Other","Universal mammal bait","None",NA,2110169,"S02_T18",0,"Camera Functioning","Knee height",NA,"Parallel",NA,NA,NA,NA,"Site_02",NA,NA,NA,NA,NA,NA,2024-07-23 14:11:39,2632,44,0.7,0
2004409,"S02_T18_2024","9ea17cb7-1118-4e60-a123-cbc23454922a","Site02__2024_site2_trap_18__2024-07-23__15-14-12(1).JPG","gs://145625598251_2004409_606_usyd_tfe_2022__main/deployment/2310247/prod/directUpload/9ea17cb7-1118-4e60-a123-cbc23454922a.JPG",0,"Bernard Wilson","3450b781-acf9-4bdf-af8f-c555034e0271","Aves","Passeriformes","Acanthizidae","Sericornis","citreogularis","Yellow-throated Scrubwren",NA,"2024-07-23 15:14:12",1,"","",NA,NA,NA,NA,"false",NA,NA,"CC-BY-NC","{""{\""detectionBox\"":[0.768048286,0.0000535175204,0.977027595,0.152762771]}""}",2004409,"S02_T18",151.740311,-32.239334,"2024-07-22 00:00:00","2024-07-25 00:00:00","Other","Universal mammal bait","None",NA,2110169,"S02_T18",0,"Camera Functioning","Knee height",NA,"Parallel",NA,NA,NA,NA,"Site_02",NA,NA,NA,NA,NA,NA,2024-07-23 15:14:12,3753,63,1,0
2004409,"S02_T18_2024","9b37bb19-3289-4f79-aa55-b9e698984012","Site02__2024_site2_trap_18__2024-07-24__06-42-46(1).JPG","gs://145625598251_2004409_606_usyd_tfe_2022__main/deployment/2310247/prod/directUpload/9b37bb19-3289-4f79-aa55-b9e698984012.JPG",0,"Bernard Wilson","3450b781-acf9-4bdf-af8f-c555034e0271","Aves","Passeriformes","Acanthizidae","Sericornis","citreogularis","Yellow-throated Scrubwren",NA,"2024-07-24 06:42:46",1,"","",NA,NA,NA,NA,"false",NA,NA,"CC-BY-NC","{""{\""detectionBox\"":[0.567339361,0.0702232,0.83263,0.29911232]}""}",2004409,"S02_T18",151.740311,-32.239334,"2024-07-22 00:00:00","2024-07-25 00:00:00","Other","Universal mammal bait","None",NA,2110169,"S02_T18",0,"Camera Functioning","Knee height",NA,"Parallel",NA,NA,NA,NA,"Site_02",NA,NA,NA,NA,NA,NA,2024-07-24 06:42:46,55714,929,15.5,0.6
2004409,"S02_T18_2024","963225cd-ed8d-48c3-8b20-07d4288d04d0","Site02__2024_site2_trap_18__2024-07-24__09-29-43(1).JPG","gs://145625598251_2004409_606_usyd_tfe_2022__main/deployment/2310247/prod/directUpload/963225cd-ed8d-48c3-8b20-07d4288d04d0.JPG",0,"Bernard Wilson","3450b781-acf9-4bdf-af8f-c555034e0271","Aves","Passeriformes","Acanthizidae","Sericornis","citreogularis","Yellow-throated Scrubwren",NA,"2024-07-24 09:29:43",1,"","",NA,NA,NA,NA,"false",NA,NA,"CC-BY-NC","{""{\""detectionBox\"":[0.57250458,0.158797711,0.777354777,0.381994933]}""}",2004409,"S02_T18",151.740311,-32.239334,"2024-07-22 00:00:00","2024-07-25 00:00:00","Other","Universal mammal bait","None",NA,2110169,"S02_T18",0,"Camera Functioning","Knee height",NA,"Parallel",NA,NA,NA,NA,"Site_02",NA,NA,NA,NA,NA,NA,2024-07-24 09:29:43,10017,167,2.8,0.1
2004409,"S02_T18_2024","0d1564e8-85d7-4cae-badf-366b3433bd59","Site02__2024_site2_trap_18__2024-07-24__09-38-31(1).JPG","gs://145625598251_2004409_606_usyd_tfe_2022__main/deployment/2310247/prod/directUpload/0d1564e8-85d7-4cae-badf-366b3433bd59.JPG",0,"Bernard Wilson","3450b781-acf9-4bdf-af8f-c555034e0271","Aves","Passeriformes","Acanthizidae","Sericornis","citreogularis","Yellow-throated Scrubwren",NA,"2024-07-24 09:38:31",1,"","",NA,NA,NA,NA,"false",NA,NA,"CC-BY-NC","{""{\""detectionBox\"":[0.748221338,0.428446859,0.976601183,0.569856405]}""}",2004409,"S02_T18",151.740311,-32.239334,"2024-07-22 00:00:00","2024-07-25 00:00:00","Other","Universal mammal bait","None",NA,2110169,"S02_T18",0,"Camera Functioning","Knee height",NA,"Parallel",NA,NA,NA,NA,"Site_02",NA,NA,NA,NA,NA,NA,2024-07-24 09:38:31,528,9,0.1,0
2004409,"S02_T18_2024","aa2d0631-191d-49e4-b592-e25bb24a2a23","Site02__2024_site2_trap_18__2024-07-24__14-59-29(4).JPG","gs://145625598251_2004409_606_usyd_tfe_2022__main/deployment/2310247/prod/directUpload/aa2d0631-191d-49e4-b592-e25bb24a2a23.JPG",0,"Bernard Wilson","3450b781-acf9-4bdf-af8f-c555034e0271","Aves","Passeriformes","Acanthizidae","Sericornis","citreogularis","Yellow-throated Scrubwren",NA,"2024-07-24 14:59:29",1,"","",NA,NA,NA,NA,"false",NA,NA,"CC-BY-NC","{""{\""detectionBox\"":[0.764515519,0.00112030655,0.975976408,0.178313792]}""}",2004409,"S02_T18",151.740311,-32.239334,"2024-07-22 00:00:00","2024-07-25 00:00:00","Other","Universal mammal bait","None",NA,2110169,"S02_T18",0,"Camera Functioning","Knee height",NA,"Parallel",NA,NA,NA,NA,"Site_02",NA,NA,NA,NA,NA,NA,2024-07-24 14:59:29,19258,321,5.3,0.2
2004409,"S02_T20_2024","1abf3e10-8982-4aeb-a241-6afc5447bebb","Site02__2024_site2_trap_20__2024-07-23__17-02-22(1).JPG","gs://145625598251_2004409_606_usyd_tfe_2022__main/deployment/2310248/prod/directUpload/1abf3e10-8982-4aeb-a241-6afc5447bebb.JPG",0,"Bernard Wilson","2f833b9c-3f9e-431f-b6e7-1d6dca01a0b6","Aves","Passeriformes","Turdidae","Zoothera","lunulata","Bassian Thrush",NA,"2024-07-23 17:02:22",1,"","",NA,NA,NA,NA,"false",NA,NA,"CC-BY-NC","",2004409,"S02_T20",151.73935,-32.24015,"2024-07-22 00:00:00","2024-07-25 00:00:00","Other","Universal mammal bait","None",NA,2085475,"S02_T20",0,"Camera Functioning","Knee height",NA,"Parallel",NA,NA,NA,NA,"Site_02",NA,NA,NA,NA,NA,NA,2024-07-23 17:02:22,0,0,0,0
2004409,"S02_T20_2024","9505c9cb-3660-4d66-9beb-016b6c13ae75","Site02__2024_site2_trap_20__2024-07-23__04-26-04(1).JPG","gs://145625598251_2004409_606_usyd_tfe_2022__main/deployment/2310248/prod/directUpload/9505c9cb-3660-4d66-9beb-016b6c13ae75.JPG",0,"Bernard Wilson","6ccf0c56-72ce-49c5-84bd-3aca403c1b26","Mammalia","Dasyuromorphia","Dasyuridae","Antechinus","stuartii","Brown Antechinus",NA,"2024-07-23 04:26:04",1,"","",NA,NA,NA,NA,"false",NA,NA,"CC-BY-NC","{""{\""detectionBox\"":[0.478806347,0,0.816834211,0.0885038301]}""}",2004409,"S02_T20",151.73935,-32.24015,"2024-07-22 00:00:00","2024-07-25 00:00:00","Other","Universal mammal bait","None",NA,2085475,"S02_T20",0,"Camera Functioning","Knee height",NA,"Parallel",NA,NA,NA,NA,"Site_02",NA,NA,NA,NA,NA,NA,2024-07-23 04:26:04,0,0,0,0
2004409,"S02_T20_2024","ea447566-53dd-4c8e-91c9-18f0cbd6de11","Site02__2024_site2_trap_20__2024-07-24__04-37-31(1).JPG","gs://145625598251_2004409_606_usyd_tfe_2022__main/deployment/2310248/prod/directUpload/ea447566-53dd-4c8e-91c9-18f0cbd6de11.JPG",0,"Bernard Wilson","6ccf0c56-72ce-49c5-84bd-3aca403c1b26","Mammalia","Dasyuromorphia","Dasyuridae","Antechinus","stuartii","Brown Antechinus",NA,"2024-07-24 04:37:31",1,"","",NA,NA,NA,NA,"false",NA,NA,"CC-BY-NC","{""{\""detectionBox\"":[0.45574528,0.436755568,0.604015708,0.579975069]}""}",2004409,"S02_T20",151.73935,-32.24015,"2024-07-22 00:00:00","2024-07-25 00:00:00","Other","Universal mammal bait","None",NA,2085475,"S02_T20",0,"Camera Functioning","Knee height",NA,"Parallel",NA,NA,NA,NA,"Site_02",NA,NA,NA,NA,NA,NA,2024-07-24 04:37:31,87087,1451,24.2,1
2004409,"S02_T20_2024","1910008e-3a1b-49d6-884d-a0908d04fc5d","Site02__2024_site2_trap_20__2024-07-24__17-10-59(1).JPG","gs://145625598251_2004409_606_usyd_tfe_2022__main/deployment/2310248/prod/directUpload/1910008e-3a1b-49d6-884d-a0908d04fc5d.JPG",0,"Bernard Wilson","6ccf0c56-72ce-49c5-84bd-3aca403c1b26","Mammalia","Dasyuromorphia","Dasyuridae","Antechinus","stuartii","Brown Antechinus",NA,"2024-07-24 17:10:59",1,"","",NA,NA,NA,NA,"false",NA,NA,"CC-BY-NC","{""{\""detectionBox\"":[0.372285128,0.318529308,0.496138,0.479428589]}""}",2004409,"S02_T20",151.73935,-32.24015,"2024-07-22 00:00:00","2024-07-25 00:00:00","Other","Universal mammal bait","None",NA,2085475,"S02_T20",0,"Camera Functioning","Knee height",NA,"Parallel",NA,NA,NA,NA,"Site_02",NA,NA,NA,NA,NA,NA,2024-07-24 17:10:59,45208,753,12.6,0.5
2004409,"S02_T20_2024","d5b72f17-ba19-4f18-9ae5-463dacc52454","Site02__2024_site2_trap_20__2024-07-24__19-08-38(1).JPG","gs://145625598251_2004409_606_usyd_tfe_2022__main/deployment/2310248/prod/directUpload/d5b72f17-ba19-4f18-9ae5-463dacc52454.JPG",0,"Bernard Wilson","f97e5485-9bda-4eeb-83a3-d65ba57f410c","Mammalia","Rodentia","Muridae","Rattus","fuscipes","Bush Rat",NA,"2024-07-24 19:08:38",1,"","",NA,NA,NA,NA,"false",NA,NA,"CC-BY-NC","",2004409,"S02_T20",151.73935,-32.24015,"2024-07-22 00:00:00","2024-07-25 00:00:00","Other","Universal mammal bait","None",NA,2085475,"S02_T20",0,"Camera Functioning","Knee height",NA,"Parallel",NA,NA,NA,NA,"Site_02",NA,NA,NA,NA,NA,NA,2024-07-24 19:08:38,0,0,0,0
2004409,"S02_T20_2024","140c7e42-50c4-4f2f-9ddf-b13b3636cf6f","Site02__2024_site2_trap_20__2024-07-24__21-00-40(1).JPG","gs://145625598251_2004409_606_usyd_tfe_2022__main/deployment/2310248/prod/directUpload/140c7e42-50c4-4f2f-9ddf-b13b3636cf6f.JPG",0,"Bernard Wilson","5e64c604-07c8-4736-806b-fc4aae49821d","Mammalia","Diprotodontia","Phalangeridae","Trichosurus","vulpecula","Common Brushtail Possum",NA,"2024-07-24 21:00:40",1,"","",NA,NA,NA,NA,"false",NA,NA,"CC-BY-NC","",2004409,"S02_T20",151.73935,-32.24015,"2024-07-22 00:00:00","2024-07-25 00:00:00","Other","Universal mammal bait","None",NA,2085475,"S02_T20",0,"Camera Functioning","Knee height",NA,"Parallel",NA,NA,NA,NA,"Site_02",NA,NA,NA,NA,NA,NA,2024-07-24 21:00:40,0,0,0,0
2004409,"S02_T20_2024","802f5cba-ef1e-4e54-815f-f6b0179eb969","Site02__2024_site2_trap_20__2024-07-23__16-09-30(1).JPG","gs://145625598251_2004409_606_usyd_tfe_2022__main/deployment/2310248/prod/directUpload/802f5cba-ef1e-4e54-815f-f6b0179eb969.JPG",0,"Bernard Wilson","3450b781-acf9-4bdf-af8f-c555034e0271","Aves","Passeriformes","Acanthizidae","Sericornis","citreogularis","Yellow-throated Scrubwren",NA,"2024-07-23 16:09:30",1,"","",NA,NA,NA,NA,"false",NA,NA,"CC-BY-NC","{""{\""detectionBox\"":[0.604391754,0.594701767,0.796673536,0.679436564]}""}",2004409,"S02_T20",151.73935,-32.24015,"2024-07-22 00:00:00","2024-07-25 00:00:00","Other","Universal mammal bait","None",NA,2085475,"S02_T20",0,"Camera Functioning","Knee height",NA,"Parallel",NA,NA,NA,NA,"Site_02",NA,NA,NA,NA,NA,NA,2024-07-23 16:09:30,0,0,0,0
2004409,"S02_T22_2024","58e5e6e1-b503-47d3-8714-562786a42b36","Site02__2024_site2_trap_22__2024-07-24__18-17-13(1).JPG","gs://145625598251_2004409_606_usyd_tfe_2022__main/deployment/2310249/prod/directUpload/58e5e6e1-b503-47d3-8714-562786a42b36.JPG",0,"Bernard Wilson","d8cabc3b-7bbe-45b0-b9a9-600e114d189b","Mammalia","","","","","Small Mammal",NA,"2024-07-24 18:17:13",1,"","",NA,NA,NA,NA,"false",NA,NA,"CC-BY-NC","",2004409,"S02_T22",151.7393833,-32.23995,"2024-07-22 00:00:00","2024-07-25 00:00:00","Other","Universal mammal bait","None",NA,2085476,"S02_T22",0,"Camera Functioning","Knee height",NA,"Parallel",NA,NA,NA,NA,"Site_02",NA,NA,NA,NA,NA,NA,2024-07-24 18:17:13,0,0,0,0
2004409,"S02_T22_2024","268735b0-6817-4123-be63-44174342cc6f","Site02__2024_site2_trap_22__2024-07-24__11-44-55(3).JPG","gs://145625598251_2004409_606_usyd_tfe_2022__main/deployment/2310249/prod/directUpload/268735b0-6817-4123-be63-44174342cc6f.JPG",0,"Bernard Wilson","3450b781-acf9-4bdf-af8f-c555034e0271","Aves","Passeriformes","Acanthizidae","Sericornis","citreogularis","Yellow-throated Scrubwren",NA,"2024-07-24 11:44:55",1,"","",NA,NA,NA,NA,"false",NA,NA,"CC-BY-NC","",2004409,"S02_T22",151.7393833,-32.23995,"2024-07-22 00:00:00","2024-07-25 00:00:00","Other","Universal mammal bait","None",NA,2085476,"S02_T22",0,"Camera Functioning","Knee height",NA,"Parallel",NA,NA,NA,NA,"Site_02",NA,NA,NA,NA,NA,NA,2024-07-24 11:44:55,0,0,0,0
2004409,"S02_T24_2024","5db1da52-8623-4e45-83a2-4b03b395ff57","Site02__2024_site2_trap_24__2024-07-24__16-48-39(1).JPG","gs://145625598251_2004409_606_usyd_tfe_2022__main/deployment/2310250/prod/directUpload/5db1da52-8623-4e45-83a2-4b03b395ff57.JPG",0,"Bernard Wilson","d8cabc3b-7bbe-45b0-b9a9-600e114d189b","Mammalia","","","","","Small Mammal",NA,"2024-07-24 16:48:39",1,"unknown","unknown",NA,NA,NA,NA,"false",NA,NA,"CC-BY-NC","",2004409,"S02_T24",151.7400333,-32.24046667,"2024-07-22 00:00:00","2024-07-25 00:00:00","Other","Universal mammal bait","None",NA,2085477,"S02_T24",0,"Camera Functioning","Knee height",NA,"Parallel",NA,NA,NA,NA,"Site_02",NA,NA,NA,NA,NA,NA,2024-07-24 16:48:39,0,0,0,0
2004409,"S03_T02_2024","fa9865a5-29b9-496e-bce8-f4674b117737","Site03__2024_site3_trap_2__2024-07-25__04-27-06(1).JPG","gs://145625598251_2004409_606_usyd_tfe_2022__main/deployment/2310251/prod/directUpload/fa9865a5-29b9-496e-bce8-f4674b117737.JPG",0,"Miriam Poyitt","6e975946-43db-40cf-a4bb-2977319097a1","Mammalia","Dasyuromorphia","Dasyuridae","Antechinus","","Antechinus Species",NA,"2024-07-25 04:27:06",1,"","",NA,NA,NA,NA,"false",NA,NA,"CC-BY-NC","{""{\""detectionBox\"":[0.845411539,0.23922126,0.978792846,0.361596227]}""}",2004409,"S03_T02",151.7407367,-32.243005,"2024-07-22 00:00:00","2024-07-25 00:00:00","Other","Universal mammal bait","None",NA,2085478,"S03_T02",0,"Camera Functioning","Knee height",NA,"Parallel",NA,NA,NA,NA,"Site_03",NA,NA,NA,NA,NA,NA,2024-07-25 04:27:06,0,0,0,0
2004409,"S03_T02_2024","34463679-3ba5-4d88-8a27-aa21a93f6953","Site03__2024_site3_trap_2__2024-07-25__07-14-28(1).JPG","gs://145625598251_2004409_606_usyd_tfe_2022__main/deployment/2310251/prod/directUpload/34463679-3ba5-4d88-8a27-aa21a93f6953.JPG",0,"Miriam Poyitt","e243a2de-1379-4026-a312-1f54fac4719b","Aves","Passeriformes","Psophodidae","Psophodes","olivaceus","Eastern Whipbird",NA,"2024-07-25 07:14:28",1,"","",NA,NA,NA,NA,"false",NA,NA,"CC-BY-NC","",2004409,"S03_T02",151.7407367,-32.243005,"2024-07-22 00:00:00","2024-07-25 00:00:00","Other","Universal mammal bait","None",NA,2085478,"S03_T02",0,"Camera Functioning","Knee height",NA,"Parallel",NA,NA,NA,NA,"Site_03",NA,NA,NA,NA,NA,NA,2024-07-25 07:14:28,0,0,0,0
2004409,"S03_T02_2024","091b53d4-4744-4cb5-be17-5fe322726deb","Site03__2024_site3_trap_2__2024-07-22__23-45-49(10).JPG","gs://145625598251_2004409_606_usyd_tfe_2022__main/deployment/2310251/prod/directUpload/091b53d4-4744-4cb5-be17-5fe322726deb.JPG",0,"Miriam Poyitt","f2d233e3-80e3-433d-9687-e29ecc7a467a","Mammalia","","","","","Mammal",NA,"2024-07-22 23:45:49",1,"","",NA,NA,NA,NA,"false",NA,NA,"CC-BY-NC","",2004409,"S03_T02",151.7407367,-32.243005,"2024-07-22 00:00:00","2024-07-25 00:00:00","Other","Universal mammal bait","None",NA,2085478,"S03_T02",0,"Camera Functioning","Knee height",NA,"Parallel",NA,NA,NA,NA,"Site_03",NA,NA,NA,NA,NA,NA,2024-07-22 23:45:49,0,0,0,0
2004409,"S03_T02_2024","773caf47-0286-42cd-92dc-0179dacfeafd","Site03__2024_site3_trap_2__2024-07-22__15-17-36(1).JPG","gs://145625598251_2004409_606_usyd_tfe_2022__main/deployment/2310251/prod/directUpload/773caf47-0286-42cd-92dc-0179dacfeafd.JPG",0,"Miriam Poyitt","78af66bc-7397-4d14-b1ae-8fb5f2d18d00","Aves","Passeriformes","Artamidae","Strepera","graculina","Pied Currawong",NA,"2024-07-22 15:17:36",1,"","",NA,NA,NA,NA,"false",NA,NA,"CC-BY-NC","{""{\""detectionBox\"":[0.483460516,0.877879918,0.961308479,1]}""}",2004409,"S03_T02",151.7407367,-32.243005,"2024-07-22 00:00:00","2024-07-25 00:00:00","Other","Universal mammal bait","None",NA,2085478,"S03_T02",0,"Camera Functioning","Knee height",NA,"Parallel",NA,NA,NA,NA,"Site_03",NA,NA,NA,NA,NA,NA,2024-07-22 15:17:36,0,0,0,0
2004409,"S03_T02_2024","4da9bde4-6bdf-44ed-b3cf-a4495e4ddb93","Site03__2024_site3_trap_2__2024-07-23__08-17-54(1).JPG","gs://145625598251_2004409_606_usyd_tfe_2022__main/deployment/2310251/prod/directUpload/4da9bde4-6bdf-44ed-b3cf-a4495e4ddb93.JPG",0,"Miriam Poyitt","70fbdb0f-44fd-4b67-b814-510baca9e9a0","Aves","Passeriformes","Ptilonorhynchidae","Ptilonorhynchus","violaceus","Satin Bowerbird",NA,"2024-07-23 08:17:54",1,"","",NA,NA,NA,NA,"false",NA,NA,"CC-BY-NC","",2004409,"S03_T02",151.7407367,-32.243005,"2024-07-22 00:00:00","2024-07-25 00:00:00","Other","Universal mammal bait","None",NA,2085478,"S03_T02",0,"Camera Functioning","Knee height",NA,"Parallel",NA,NA,NA,NA,"Site_03",NA,NA,NA,NA,NA,NA,2024-07-23 08:17:54,0,0,0,0
2004409,"S03_T02_2024","091b53d4-4744-4cb5-be17-5fe322726deb","Site03__2024_site3_trap_2__2024-07-22__23-45-49(10).JPG","gs://145625598251_2004409_606_usyd_tfe_2022__main/deployment/2310251/prod/directUpload/091b53d4-4744-4cb5-be17-5fe322726deb.JPG",0,"Miriam Poyitt","e3df98de-20bf-44e2-a0a6-6fb2adc35519","Mammalia","Diprotodontia","Phalangeridae","Trichosurus","caninus","Short-eared Brushtail Possum",NA,"2024-07-22 23:45:49",1,"","",NA,NA,NA,NA,"false",NA,NA,"CC-BY-NC","",2004409,"S03_T02",151.7407367,-32.243005,"2024-07-22 00:00:00","2024-07-25 00:00:00","Other","Universal mammal bait","None",NA,2085478,"S03_T02",0,"Camera Functioning","Knee height",NA,"Parallel",NA,NA,NA,NA,"Site_03",NA,NA,NA,NA,NA,NA,2024-07-22 23:45:49,0,0,0,0
2004409,"S03_T02_2024","a9357bcc-e46a-4ac4-a223-d3cabbfc8177","Site03__2024_site3_trap_2__2024-07-23__00-10-19(1).JPG","gs://145625598251_2004409_606_usyd_tfe_2022__main/deployment/2310251/prod/directUpload/a9357bcc-e46a-4ac4-a223-d3cabbfc8177.JPG",0,"Miriam Poyitt","e3df98de-20bf-44e2-a0a6-6fb2adc35519","Mammalia","Diprotodontia","Phalangeridae","Trichosurus","caninus","Short-eared Brushtail Possum",NA,"2024-07-23 00:10:19",1,"","",NA,NA,NA,NA,"false",NA,NA,"CC-BY-NC","{""{\""detectionBox\"":[0.713272095,0.427711546,0.976170182,0.995845139]}""}",2004409,"S03_T02",151.7407367,-32.243005,"2024-07-22 00:00:00","2024-07-25 00:00:00","Other","Universal mammal bait","None",NA,2085478,"S03_T02",0,"Camera Functioning","Knee height",NA,"Parallel",NA,NA,NA,NA,"Site_03",NA,NA,NA,NA,NA,NA,2024-07-23 00:10:19,1470,24,0.4,0
2004409,"S03_T02_2024","2c7dc67e-9e02-49d4-93fd-2e1c9dee13a4","Site03__2024_site3_trap_2__2024-07-24__00-46-42(1).JPG","gs://145625598251_2004409_606_usyd_tfe_2022__main/deployment/2310251/prod/directUpload/2c7dc67e-9e02-49d4-93fd-2e1c9dee13a4.JPG",0,"Miriam Poyitt","d8cabc3b-7bbe-45b0-b9a9-600e114d189b","Mammalia","","","","","Small Mammal",NA,"2024-07-24 00:46:42",1,"","",NA,NA,NA,NA,"false",NA,NA,"CC-BY-NC","",2004409,"S03_T02",151.7407367,-32.243005,"2024-07-22 00:00:00","2024-07-25 00:00:00","Other","Universal mammal bait","None",NA,2085478,"S03_T02",0,"Camera Functioning","Knee height",NA,"Parallel",NA,NA,NA,NA,"Site_03",NA,NA,NA,NA,NA,NA,2024-07-24 00:46:42,0,0,0,0
2004409,"S03_T02_2024","091b53d4-4744-4cb5-be17-5fe322726deb","Site03__2024_site3_trap_2__2024-07-22__23-45-49(10).JPG","gs://145625598251_2004409_606_usyd_tfe_2022__main/deployment/2310251/prod/directUpload/091b53d4-4744-4cb5-be17-5fe322726deb.JPG",0,"Miriam Poyitt","0b4734a4-4a91-43c4-83fa-f7b9f4e2c741","Mammalia","Diprotodontia","Phalangeridae","Trichosurus","","Trichosurus Species",NA,"2024-07-22 23:45:49",1,"","",NA,NA,NA,NA,"false",NA,NA,"CC-BY-NC","",2004409,"S03_T02",151.7407367,-32.243005,"2024-07-22 00:00:00","2024-07-25 00:00:00","Other","Universal mammal bait","None",NA,2085478,"S03_T02",0,"Camera Functioning","Knee height",NA,"Parallel",NA,NA,NA,NA,"Site_03",NA,NA,NA,NA,NA,NA,2024-07-22 23:45:49,0,0,0,0
2004409,"S03_T02_2024","1778a7f8-d7ea-43a3-a403-8cce89fc048f","Site03__2024_site3_trap_2__2024-07-24__12-12-06(1).JPG","gs://145625598251_2004409_606_usyd_tfe_2022__main/deployment/2310251/prod/directUpload/1778a7f8-d7ea-43a3-a403-8cce89fc048f.JPG",0,"Miriam Poyitt","3450b781-acf9-4bdf-af8f-c555034e0271","Aves","Passeriformes","Acanthizidae","Sericornis","citreogularis","Yellow-throated Scrubwren",NA,"2024-07-24 12:12:06",1,"","",NA,NA,NA,NA,"false",NA,NA,"CC-BY-NC","",2004409,"S03_T02",151.7407367,-32.243005,"2024-07-22 00:00:00","2024-07-25 00:00:00","Other","Universal mammal bait","None",NA,2085478,"S03_T02",0,"Camera Functioning","Knee height",NA,"Parallel",NA,NA,NA,NA,"Site_03",NA,NA,NA,NA,NA,NA,2024-07-24 12:12:06,0,0,0,0
2004409,"S03_T04_2024","15f5e3de-f1b7-4ad9-ac98-866cace62d39","Site03__2024_site3_trap_4__2024-07-24__12-31-46(1).JPG","gs://145625598251_2004409_606_usyd_tfe_2022__main/deployment/2310252/prod/directUpload/15f5e3de-f1b7-4ad9-ac98-866cace62d39.JPG",0,"Miriam Poyitt","b1352069-a39c-4a84-a949-60044271c0c1","Aves","","","","","Bird",NA,"2024-07-24 12:31:46",1,"","",NA,NA,NA,NA,"false",NA,NA,"CC-BY-NC","",2004409,"S03_T04",151.7405333,-32.24297167,"2024-07-22 00:00:00","2024-07-25 00:00:00","Other","Universal mammal bait","None",NA,2085479,"S03_T04",0,"Camera Functioning","Knee height",NA,"Parallel",NA,NA,NA,NA,"Site_03",NA,NA,NA,NA,NA,NA,2024-07-24 12:31:46,0,0,0,0
2004409,"S03_T04_2024","82af3f18-7cb2-46f3-bd16-ec48d54d2ae7","Site03__2024_site3_trap_4__2024-07-23__00-22-48(1).JPG","gs://145625598251_2004409_606_usyd_tfe_2022__main/deployment/2310252/prod/directUpload/82af3f18-7cb2-46f3-bd16-ec48d54d2ae7.JPG",0,"Miriam Poyitt","6ccf0c56-72ce-49c5-84bd-3aca403c1b26","Mammalia","Dasyuromorphia","Dasyuridae","Antechinus","stuartii","Brown Antechinus",NA,"2024-07-23 00:22:48",1,"","",NA,NA,NA,NA,"false",NA,NA,"CC-BY-NC","",2004409,"S03_T04",151.7405333,-32.24297167,"2024-07-22 00:00:00","2024-07-25 00:00:00","Other","Universal mammal bait","None",NA,2085479,"S03_T04",0,"Camera Functioning","Knee height",NA,"Parallel",NA,NA,NA,NA,"Site_03",NA,NA,NA,NA,NA,NA,2024-07-23 00:22:48,0,0,0,0
2004409,"S03_T04_2024","4b6695db-faac-46e7-bdd6-00b69a8dd6f7","Site03__2024_site3_trap_4__2024-07-23__00-46-55(1).JPG","gs://145625598251_2004409_606_usyd_tfe_2022__main/deployment/2310252/prod/directUpload/4b6695db-faac-46e7-bdd6-00b69a8dd6f7.JPG",0,"Miriam Poyitt","6ccf0c56-72ce-49c5-84bd-3aca403c1b26","Mammalia","Dasyuromorphia","Dasyuridae","Antechinus","stuartii","Brown Antechinus",NA,"2024-07-23 00:46:55",1,"","",NA,NA,NA,NA,"false",NA,NA,"CC-BY-NC","",2004409,"S03_T04",151.7405333,-32.24297167,"2024-07-22 00:00:00","2024-07-25 00:00:00","Other","Universal mammal bait","None",NA,2085479,"S03_T04",0,"Camera Functioning","Knee height",NA,"Parallel",NA,NA,NA,NA,"Site_03",NA,NA,NA,NA,NA,NA,2024-07-23 00:46:55,1447,24,0.4,0
2004409,"S03_T04_2024","4863ca40-38bb-4920-856c-e1c270d54b38","Site03__2024_site3_trap_4__2024-07-23__01-00-23(1).JPG","gs://145625598251_2004409_606_usyd_tfe_2022__main/deployment/2310252/prod/directUpload/4863ca40-38bb-4920-856c-e1c270d54b38.JPG",0,"Miriam Poyitt","6ccf0c56-72ce-49c5-84bd-3aca403c1b26","Mammalia","Dasyuromorphia","Dasyuridae","Antechinus","stuartii","Brown Antechinus",NA,"2024-07-23 01:00:23",1,"","",NA,NA,NA,NA,"false",NA,NA,"CC-BY-NC","",2004409,"S03_T04",151.7405333,-32.24297167,"2024-07-22 00:00:00","2024-07-25 00:00:00","Other","Universal mammal bait","None",NA,2085479,"S03_T04",0,"Camera Functioning","Knee height",NA,"Parallel",NA,NA,NA,NA,"Site_03",NA,NA,NA,NA,NA,NA,2024-07-23 01:00:23,808,13,0.2,0
2004409,"S03_T04_2024","b27a3588-eee2-492f-96d9-17dcddcb1f39","Site03__2024_site3_trap_4__2024-07-24__20-25-15(1).JPG","gs://145625598251_2004409_606_usyd_tfe_2022__main/deployment/2310252/prod/directUpload/b27a3588-eee2-492f-96d9-17dcddcb1f39.JPG",0,"Miriam Poyitt","6ccf0c56-72ce-49c5-84bd-3aca403c1b26","Mammalia","Dasyuromorphia","Dasyuridae","Antechinus","stuartii","Brown Antechinus",NA,"2024-07-24 20:25:15",1,"","",NA,NA,NA,NA,"false",NA,NA,"CC-BY-NC","{""{\""detectionBox\"":[0.563055634,0.303158253,0.644055903,0.464571565]}""}",2004409,"S03_T04",151.7405333,-32.24297167,"2024-07-22 00:00:00","2024-07-25 00:00:00","Other","Universal mammal bait","None",NA,2085479,"S03_T04",0,"Camera Functioning","Knee height",NA,"Parallel",NA,NA,NA,NA,"Site_03",NA,NA,NA,NA,NA,NA,2024-07-24 20:25:15,156292,2605,43.4,1.8
2004409,"S03_T04_2024","6a3bc1b8-2ae5-4fa9-aeee-f336a431274b","Site03__2024_site3_trap_4__2024-07-23__20-09-21(1).JPG","gs://145625598251_2004409_606_usyd_tfe_2022__main/deployment/2310252/prod/directUpload/6a3bc1b8-2ae5-4fa9-aeee-f336a431274b.JPG",0,"Miriam Poyitt","f97e5485-9bda-4eeb-83a3-d65ba57f410c","Mammalia","Rodentia","Muridae","Rattus","fuscipes","Bush Rat",NA,"2024-07-23 20:09:21",1,"","",NA,NA,NA,NA,"false",NA,NA,"CC-BY-NC","{""{\""detectionBox\"":[0.551791728,0.549865842,0.682014,0.6658144]}""}",2004409,"S03_T04",151.7405333,-32.24297167,"2024-07-22 00:00:00","2024-07-25 00:00:00","Other","Universal mammal bait","None",NA,2085479,"S03_T04",0,"Camera Functioning","Knee height",NA,"Parallel",NA,NA,NA,NA,"Site_03",NA,NA,NA,NA,NA,NA,2024-07-23 20:09:21,0,0,0,0
2004409,"S03_T04_2024","d772ed41-16f1-4e0c-920b-bb2a5adbaede","Site03__2024_site3_trap_4__2024-07-23__20-43-18(1).JPG","gs://145625598251_2004409_606_usyd_tfe_2022__main/deployment/2310252/prod/directUpload/d772ed41-16f1-4e0c-920b-bb2a5adbaede.JPG",0,"Miriam Poyitt","f97e5485-9bda-4eeb-83a3-d65ba57f410c","Mammalia","Rodentia","Muridae","Rattus","fuscipes","Bush Rat",NA,"2024-07-23 20:43:18",1,"","",NA,NA,NA,NA,"false",NA,NA,"CC-BY-NC","{""{\""detectionBox\"":[0.52235347,0.278132588,0.660759807,0.439165205]}""}",2004409,"S03_T04",151.7405333,-32.24297167,"2024-07-22 00:00:00","2024-07-25 00:00:00","Other","Universal mammal bait","None",NA,2085479,"S03_T04",0,"Camera Functioning","Knee height",NA,"Parallel",NA,NA,NA,NA,"Site_03",NA,NA,NA,NA,NA,NA,2024-07-23 20:43:18,2037,34,0.6,0
2004409,"S03_T04_2024","97a69ac0-ca14-42e7-98e4-7514c577f194","Site03__2024_site3_trap_4__2024-07-24__00-38-23(1).JPG","gs://145625598251_2004409_606_usyd_tfe_2022__main/deployment/2310252/prod/directUpload/97a69ac0-ca14-42e7-98e4-7514c577f194.JPG",0,"Miriam Poyitt","f97e5485-9bda-4eeb-83a3-d65ba57f410c","Mammalia","Rodentia","Muridae","Rattus","fuscipes","Bush Rat",NA,"2024-07-24 00:38:23",1,"","",NA,NA,NA,NA,"false",NA,NA,"CC-BY-NC","{""{\""detectionBox\"":[0.549891174,0.394450814,0.695590377,0.531840324]}""}",2004409,"S03_T04",151.7405333,-32.24297167,"2024-07-22 00:00:00","2024-07-25 00:00:00","Other","Universal mammal bait","None",NA,2085479,"S03_T04",0,"Camera Functioning","Knee height",NA,"Parallel",NA,NA,NA,NA,"Site_03",NA,NA,NA,NA,NA,NA,2024-07-24 00:38:23,14105,235,3.9,0.2
2004409,"S03_T04_2024","fad19d0a-922a-42c9-9f19-17c478366db3","Site03__2024_site3_trap_4__2024-07-24__23-45-11(1).JPG","gs://145625598251_2004409_606_usyd_tfe_2022__main/deployment/2310252/prod/directUpload/fad19d0a-922a-42c9-9f19-17c478366db3.JPG",0,"Miriam Poyitt","f97e5485-9bda-4eeb-83a3-d65ba57f410c","Mammalia","Rodentia","Muridae","Rattus","fuscipes","Bush Rat",NA,"2024-07-24 23:45:11",1,"","",NA,NA,NA,NA,"false",NA,NA,"CC-BY-NC","",2004409,"S03_T04",151.7405333,-32.24297167,"2024-07-22 00:00:00","2024-07-25 00:00:00","Other","Universal mammal bait","None",NA,2085479,"S03_T04",0,"Camera Functioning","Knee height",NA,"Parallel",NA,NA,NA,NA,"Site_03",NA,NA,NA,NA,NA,NA,2024-07-24 23:45:11,83208,1387,23.1,1
2004409,"S03_T04_2024","be2887a1-4d64-4c4d-8e11-36a7b7dd83c5","Site03__2024_site3_trap_4__2024-07-25__00-26-22(1).JPG","gs://145625598251_2004409_606_usyd_tfe_2022__main/deployment/2310252/prod/directUpload/be2887a1-4d64-4c4d-8e11-36a7b7dd83c5.JPG",0,"Miriam Poyitt","f97e5485-9bda-4eeb-83a3-d65ba57f410c","Mammalia","Rodentia","Muridae","Rattus","fuscipes","Bush Rat",NA,"2024-07-25 00:26:22",1,"","",NA,NA,NA,NA,"false",NA,NA,"CC-BY-NC","{""{\""detectionBox\"":[0.529595137,0.255578458,0.650191128,0.413546324]}""}",2004409,"S03_T04",151.7405333,-32.24297167,"2024-07-22 00:00:00","2024-07-25 00:00:00","Other","Universal mammal bait","None",NA,2085479,"S03_T04",0,"Camera Functioning","Knee height",NA,"Parallel",NA,NA,NA,NA,"Site_03",NA,NA,NA,NA,NA,NA,2024-07-25 00:26:22,2471,41,0.7,0
2004409,"S03_T04_2024","f7cec5cd-cf84-4b1b-994a-5089ddbce5c2","Site03__2024_site3_trap_4__2024-07-24__02-48-09(1).JPG","gs://145625598251_2004409_606_usyd_tfe_2022__main/deployment/2310252/prod/directUpload/f7cec5cd-cf84-4b1b-994a-5089ddbce5c2.JPG",0,"Miriam Poyitt","2c836c31-5ef9-4d91-a08b-3bc714871ba5","Mammalia","Rodentia","Muridae","Melomys","","Melomys Species",NA,"2024-07-24 02:48:09",1,"","",NA,NA,NA,NA,"false",NA,NA,"CC-BY-NC","{""{\""detectionBox\"":[0.527833045,0.288589895,0.644294739,0.410000384]}""}",2004409,"S03_T04",151.7405333,-32.24297167,"2024-07-22 00:00:00","2024-07-25 00:00:00","Other","Universal mammal bait","None",NA,2085479,"S03_T04",0,"Camera Functioning","Knee height",NA,"Parallel",NA,NA,NA,NA,"Site_03",NA,NA,NA,NA,NA,NA,2024-07-24 02:48:09,0,0,0,0
2004409,"S03_T04_2024","6ac5baf2-0626-48f3-ab19-a759d2d48e37","Site03__2024_site3_trap_4__2024-07-25__02-57-53(1).JPG","gs://145625598251_2004409_606_usyd_tfe_2022__main/deployment/2310252/prod/directUpload/6ac5baf2-0626-48f3-ab19-a759d2d48e37.JPG",0,"Miriam Poyitt","2c836c31-5ef9-4d91-a08b-3bc714871ba5","Mammalia","Rodentia","Muridae","Melomys","","Melomys Species",NA,"2024-07-25 02:57:53",1,"","",NA,NA,NA,NA,"false",NA,NA,"CC-BY-NC","{""{\""detectionBox\"":[0.556430221,0.530986249,0.684785247,0.664066613]}""}",2004409,"S03_T04",151.7405333,-32.24297167,"2024-07-22 00:00:00","2024-07-25 00:00:00","Other","Universal mammal bait","None",NA,2085479,"S03_T04",0,"Camera Functioning","Knee height",NA,"Parallel",NA,NA,NA,NA,"Site_03",NA,NA,NA,NA,NA,NA,2024-07-25 02:57:53,86984,1450,24.2,1
2004409,"S03_T04_2024","f66069a8-caa0-4637-8ec3-5761597c8b2c","Site03__2024_site3_trap_4__2024-07-25__04-05-34(1).JPG","gs://145625598251_2004409_606_usyd_tfe_2022__main/deployment/2310252/prod/directUpload/f66069a8-caa0-4637-8ec3-5761597c8b2c.JPG",0,"Miriam Poyitt","2c836c31-5ef9-4d91-a08b-3bc714871ba5","Mammalia","Rodentia","Muridae","Melomys","","Melomys Species",NA,"2024-07-25 04:05:34",1,"","",NA,NA,NA,NA,"false",NA,NA,"CC-BY-NC","{""{\""detectionBox\"":[0.491267711,0.217466325,0.637781084,0.390713245]}""}",2004409,"S03_T04",151.7405333,-32.24297167,"2024-07-22 00:00:00","2024-07-25 00:00:00","Other","Universal mammal bait","None",NA,2085479,"S03_T04",0,"Camera Functioning","Knee height",NA,"Parallel",NA,NA,NA,NA,"Site_03",NA,NA,NA,NA,NA,NA,2024-07-25 04:05:34,4061,68,1.1,0
2004409,"S03_T04_2024","76b53bcc-6bab-4bb5-8804-fe62365e5e1e","Site03__2024_site3_trap_4__2024-07-22__14-46-29(1).JPG","gs://145625598251_2004409_606_usyd_tfe_2022__main/deployment/2310252/prod/directUpload/76b53bcc-6bab-4bb5-8804-fe62365e5e1e.JPG",0,"Miriam Poyitt","78af66bc-7397-4d14-b1ae-8fb5f2d18d00","Aves","Passeriformes","Artamidae","Strepera","graculina","Pied Currawong",NA,"2024-07-22 14:46:29",1,"","",NA,NA,NA,NA,"false",NA,NA,"CC-BY-NC","{""{\""detectionBox\"":[0.630498409,0.361365199,0.983157694,0.996149659]}""}",2004409,"S03_T04",151.7405333,-32.24297167,"2024-07-22 00:00:00","2024-07-25 00:00:00","Other","Universal mammal bait","None",NA,2085479,"S03_T04",0,"Camera Functioning","Knee height",NA,"Parallel",NA,NA,NA,NA,"Site_03",NA,NA,NA,NA,NA,NA,2024-07-22 14:46:29,0,0,0,0
2004409,"S03_T04_2024","8f5d3c93-f1f3-4d57-aca2-93ffce5e1179","Site03__2024_site3_trap_4__2024-07-22__23-51-11(4).JPG","gs://145625598251_2004409_606_usyd_tfe_2022__main/deployment/2310252/prod/directUpload/8f5d3c93-f1f3-4d57-aca2-93ffce5e1179.JPG",0,"Miriam Poyitt","e3df98de-20bf-44e2-a0a6-6fb2adc35519","Mammalia","Diprotodontia","Phalangeridae","Trichosurus","caninus","Short-eared Brushtail Possum",NA,"2024-07-22 23:51:11",1,"","",NA,NA,NA,NA,"false",NA,NA,"CC-BY-NC","{""{\""detectionBox\"":[0.537999,0.000114236027,0.978155375,0.121008486]}""}",2004409,"S03_T04",151.7405333,-32.24297167,"2024-07-22 00:00:00","2024-07-25 00:00:00","Other","Universal mammal bait","None",NA,2085479,"S03_T04",0,"Camera Functioning","Knee height",NA,"Parallel",NA,NA,NA,NA,"Site_03",NA,NA,NA,NA,NA,NA,2024-07-22 23:51:11,0,0,0,0
2004409,"S03_T04_2024","d3475bec-3b3a-430e-a3eb-7e907d31bd60","Site03__2024_site3_trap_4__2024-07-22__23-58-01(1).JPG","gs://145625598251_2004409_606_usyd_tfe_2022__main/deployment/2310252/prod/directUpload/d3475bec-3b3a-430e-a3eb-7e907d31bd60.JPG",0,"Miriam Poyitt","e3df98de-20bf-44e2-a0a6-6fb2adc35519","Mammalia","Diprotodontia","Phalangeridae","Trichosurus","caninus","Short-eared Brushtail Possum",NA,"2024-07-22 23:58:01",1,"","",NA,NA,NA,NA,"false",NA,NA,"CC-BY-NC","",2004409,"S03_T04",151.7405333,-32.24297167,"2024-07-22 00:00:00","2024-07-25 00:00:00","Other","Universal mammal bait","None",NA,2085479,"S03_T04",0,"Camera Functioning","Knee height",NA,"Parallel",NA,NA,NA,NA,"Site_03",NA,NA,NA,NA,NA,NA,2024-07-22 23:58:01,410,7,0.1,0
2004409,"S03_T04_2024","5235b8aa-211c-4987-9f1b-8d500af54a0e","Site03__2024_site3_trap_4__2024-07-23__00-04-28(2).JPG","gs://145625598251_2004409_606_usyd_tfe_2022__main/deployment/2310252/prod/directUpload/5235b8aa-211c-4987-9f1b-8d500af54a0e.JPG",0,"Miriam Poyitt","e3df98de-20bf-44e2-a0a6-6fb2adc35519","Mammalia","Diprotodontia","Phalangeridae","Trichosurus","caninus","Short-eared Brushtail Possum",NA,"2024-07-23 00:04:28",1,"","",NA,NA,NA,NA,"false",NA,NA,"CC-BY-NC","{""{\""detectionBox\"":[0.512127757,0,0.948723435,0.113552913]}""}",2004409,"S03_T04",151.7405333,-32.24297167,"2024-07-22 00:00:00","2024-07-25 00:00:00","Other","Universal mammal bait","None",NA,2085479,"S03_T04",0,"Camera Functioning","Knee height",NA,"Parallel",NA,NA,NA,NA,"Site_03",NA,NA,NA,NA,NA,NA,2024-07-23 00:04:28,387,6,0.1,0
2004409,"S03_T04_2024","7c95ced0-f70d-42a9-9306-34866d37279d","Site03__2024_site3_trap_4__2024-07-22__23-27-46(1).JPG","gs://145625598251_2004409_606_usyd_tfe_2022__main/deployment/2310252/prod/directUpload/7c95ced0-f70d-42a9-9306-34866d37279d.JPG",0,"Miriam Poyitt","d8cabc3b-7bbe-45b0-b9a9-600e114d189b","Mammalia","","","","","Small Mammal",NA,"2024-07-22 23:27:46",1,"","",NA,NA,NA,NA,"false",NA,NA,"CC-BY-NC","",2004409,"S03_T04",151.7405333,-32.24297167,"2024-07-22 00:00:00","2024-07-25 00:00:00","Other","Universal mammal bait","None",NA,2085479,"S03_T04",0,"Camera Functioning","Knee height",NA,"Parallel",NA,NA,NA,NA,"Site_03",NA,NA,NA,NA,NA,NA,2024-07-22 23:27:46,0,0,0,0
2004409,"S03_T04_2024","2ebf40b0-8204-495e-93ad-42878a5b694c","Site03__2024_site3_trap_4__2024-07-23__05-43-39(1).JPG","gs://145625598251_2004409_606_usyd_tfe_2022__main/deployment/2310252/prod/directUpload/2ebf40b0-8204-495e-93ad-42878a5b694c.JPG",0,"Miriam Poyitt","d8cabc3b-7bbe-45b0-b9a9-600e114d189b","Mammalia","","","","","Small Mammal",NA,"2024-07-23 05:43:39",1,"","",NA,NA,NA,NA,"false",NA,NA,"CC-BY-NC","",2004409,"S03_T04",151.7405333,-32.24297167,"2024-07-22 00:00:00","2024-07-25 00:00:00","Other","Universal mammal bait","None",NA,2085479,"S03_T04",0,"Camera Functioning","Knee height",NA,"Parallel",NA,NA,NA,NA,"Site_03",NA,NA,NA,NA,NA,NA,2024-07-23 05:43:39,22553,376,6.3,0.3
2004409,"S03_T04_2024","d8caac7f-ce15-4a75-ad25-20da0383b05d","Site03__2024_site3_trap_4__2024-07-24__00-38-59(4).JPG","gs://145625598251_2004409_606_usyd_tfe_2022__main/deployment/2310252/prod/directUpload/d8caac7f-ce15-4a75-ad25-20da0383b05d.JPG",0,"Miriam Poyitt","d8cabc3b-7bbe-45b0-b9a9-600e114d189b","Mammalia","","","","","Small Mammal",NA,"2024-07-24 00:38:59",1,"","",NA,NA,NA,NA,"false",NA,NA,"CC-BY-NC","{""{\""detectionBox\"":[0.592236638,0.617046058,0.686246812,0.828548133]}""}",2004409,"S03_T04",151.7405333,-32.24297167,"2024-07-22 00:00:00","2024-07-25 00:00:00","Other","Universal mammal bait","None",NA,2085479,"S03_T04",0,"Camera Functioning","Knee height",NA,"Parallel",NA,NA,NA,NA,"Site_03",NA,NA,NA,NA,NA,NA,2024-07-24 00:38:59,68120,1135,18.9,0.8
2004409,"S03_T04_2024","b3941e45-6aa1-4270-8a35-e7740be1020c","Site03__2024_site3_trap_4__2024-07-24__19-16-44(3).JPG","gs://145625598251_2004409_606_usyd_tfe_2022__main/deployment/2310252/prod/directUpload/b3941e45-6aa1-4270-8a35-e7740be1020c.JPG",0,"Miriam Poyitt","d8cabc3b-7bbe-45b0-b9a9-600e114d189b","Mammalia","","","","","Small Mammal",NA,"2024-07-24 19:16:44",1,"","",NA,NA,NA,NA,"false",NA,NA,"CC-BY-NC","",2004409,"S03_T04",151.7405333,-32.24297167,"2024-07-22 00:00:00","2024-07-25 00:00:00","Other","Universal mammal bait","None",NA,2085479,"S03_T04",0,"Camera Functioning","Knee height",NA,"Parallel",NA,NA,NA,NA,"Site_03",NA,NA,NA,NA,NA,NA,2024-07-24 19:16:44,67065,1118,18.6,0.8
2004409,"S03_T04_2024","6131c15b-2230-4ded-b9e5-0604290d2014","Site03__2024_site3_trap_4__2024-07-24__23-44-25(1).JPG","gs://145625598251_2004409_606_usyd_tfe_2022__main/deployment/2310252/prod/directUpload/6131c15b-2230-4ded-b9e5-0604290d2014.JPG",0,"Miriam Poyitt","d8cabc3b-7bbe-45b0-b9a9-600e114d189b","Mammalia","","","","","Small Mammal",NA,"2024-07-24 23:44:25",1,"","",NA,NA,NA,NA,"false",NA,NA,"CC-BY-NC","",2004409,"S03_T04",151.7405333,-32.24297167,"2024-07-22 00:00:00","2024-07-25 00:00:00","Other","Universal mammal bait","None",NA,2085479,"S03_T04",0,"Camera Functioning","Knee height",NA,"Parallel",NA,NA,NA,NA,"Site_03",NA,NA,NA,NA,NA,NA,2024-07-24 23:44:25,16061,268,4.5,0.2
2004409,"S03_T04_2024","d2870ba6-1ee0-4964-9aac-fe941eb55fa6","Site03__2024_site3_trap_4__2024-07-24__06-18-53(2).JPG","gs://145625598251_2004409_606_usyd_tfe_2022__main/deployment/2310252/prod/directUpload/d2870ba6-1ee0-4964-9aac-fe941eb55fa6.JPG",0,"Aaron Greenville","3afdd398-39f2-430c-9301-74659d81044e","Mammalia","Diprotodontia","Macropodidae","Wallabia","bicolor","Swamp Wallaby",NA,"2024-07-24 06:18:53",1,"","",NA,NA,NA,NA,"false",NA,NA,"CC-BY-NC","{""{\""detectionBox\"":[0.5991202,0.000521630049,0.975823343,0.304723173]}""}",2004409,"S03_T04",151.7405333,-32.24297167,"2024-07-22 00:00:00","2024-07-25 00:00:00","Other","Universal mammal bait","None",NA,2085479,"S03_T04",0,"Camera Functioning","Knee height",NA,"Parallel",NA,NA,NA,NA,"Site_03",NA,NA,NA,NA,NA,NA,2024-07-24 06:18:53,0,0,0,0
2004409,"S03_T04_2024","3b5720af-f3fe-4aea-bacd-374660341736","Site03__2024_site3_trap_4__2024-07-24__10-23-29(1).JPG","gs://145625598251_2004409_606_usyd_tfe_2022__main/deployment/2310252/prod/directUpload/3b5720af-f3fe-4aea-bacd-374660341736.JPG",0,"Miriam Poyitt","3450b781-acf9-4bdf-af8f-c555034e0271","Aves","Passeriformes","Acanthizidae","Sericornis","citreogularis","Yellow-throated Scrubwren",NA,"2024-07-24 10:23:29",1,"","",NA,NA,NA,NA,"false",NA,NA,"CC-BY-NC","",2004409,"S03_T04",151.7405333,-32.24297167,"2024-07-22 00:00:00","2024-07-25 00:00:00","Other","Universal mammal bait","None",NA,2085479,"S03_T04",0,"Camera Functioning","Knee height",NA,"Parallel",NA,NA,NA,NA,"Site_03",NA,NA,NA,NA,NA,NA,2024-07-24 10:23:29,0,0,0,0
2004409,"S03_T06_2024","d7a2fbb9-b40c-433d-9801-e5bf0c5b95a8","Site03__2024_site3_trap_6__2024-07-22__20-39-56(4).JPG","gs://145625598251_2004409_606_usyd_tfe_2022__main/deployment/2310253/prod/directUpload/d7a2fbb9-b40c-433d-9801-e5bf0c5b95a8.JPG",0,"Aidan Lowe","1f689929-883d-4dae-958c-3d57ab5b6c16","","","","","","Animal",NA,"2024-07-22 20:39:56",1,"","",NA,NA,NA,NA,"false",NA,NA,"CC-BY-NC","",2004409,"S03_T06",151.74042,-32.24286833,"2024-07-22 00:00:00","2024-07-25 00:00:00","Other","Universal mammal bait","None",NA,2085480,"S03_T06",0,"Camera Functioning","Knee height",NA,"Parallel",NA,NA,NA,NA,"Site_03",NA,NA,NA,NA,NA,NA,2024-07-22 20:39:56,0,0,0,0
2004409,"S03_T06_2024","922bba00-d765-42bf-8983-cc0e0387f25d","Site03__2024_site3_trap_6__2024-07-24__19-40-23(1).JPG","gs://145625598251_2004409_606_usyd_tfe_2022__main/deployment/2310253/prod/directUpload/922bba00-d765-42bf-8983-cc0e0387f25d.JPG",0,"Miriam Poyitt","6ccf0c56-72ce-49c5-84bd-3aca403c1b26","Mammalia","Dasyuromorphia","Dasyuridae","Antechinus","stuartii","Brown Antechinus",NA,"2024-07-24 19:40:23",1,"","",NA,NA,NA,NA,"false",NA,NA,"CC-BY-NC","",2004409,"S03_T06",151.74042,-32.24286833,"2024-07-22 00:00:00","2024-07-25 00:00:00","Other","Universal mammal bait","None",NA,2085480,"S03_T06",0,"Camera Functioning","Knee height",NA,"Parallel",NA,NA,NA,NA,"Site_03",NA,NA,NA,NA,NA,NA,2024-07-24 19:40:23,0,0,0,0
2004409,"S03_T06_2024","08e06bae-fb8b-4f60-845d-36465f1c5958","Site03__2024_site3_trap_6__2024-07-23__17-51-00(1).JPG","gs://145625598251_2004409_606_usyd_tfe_2022__main/deployment/2310253/prod/directUpload/08e06bae-fb8b-4f60-845d-36465f1c5958.JPG",0,"Miriam Poyitt","f97e5485-9bda-4eeb-83a3-d65ba57f410c","Mammalia","Rodentia","Muridae","Rattus","fuscipes","Bush Rat",NA,"2024-07-23 17:51:00",1,"","",NA,NA,NA,NA,"false",NA,NA,"CC-BY-NC","",2004409,"S03_T06",151.74042,-32.24286833,"2024-07-22 00:00:00","2024-07-25 00:00:00","Other","Universal mammal bait","None",NA,2085480,"S03_T06",0,"Camera Functioning","Knee height",NA,"Parallel",NA,NA,NA,NA,"Site_03",NA,NA,NA,NA,NA,NA,2024-07-23 17:51:00,0,0,0,0
2004409,"S03_T06_2024","665c771c-4459-49e9-b2e1-56ffa9534e42","Site03__2024_site3_trap_6__2024-07-24__21-29-35(1).JPG","gs://145625598251_2004409_606_usyd_tfe_2022__main/deployment/2310253/prod/directUpload/665c771c-4459-49e9-b2e1-56ffa9534e42.JPG",0,"Miriam Poyitt","f97e5485-9bda-4eeb-83a3-d65ba57f410c","Mammalia","Rodentia","Muridae","Rattus","fuscipes","Bush Rat",NA,"2024-07-24 21:29:35",1,"","",NA,NA,NA,NA,"false",NA,NA,"CC-BY-NC","",2004409,"S03_T06",151.74042,-32.24286833,"2024-07-22 00:00:00","2024-07-25 00:00:00","Other","Universal mammal bait","None",NA,2085480,"S03_T06",0,"Camera Functioning","Knee height",NA,"Parallel",NA,NA,NA,NA,"Site_03",NA,NA,NA,NA,NA,NA,2024-07-24 21:29:35,99515,1659,27.6,1.2
2004409,"S03_T06_2024","52723da3-acaf-4484-9553-d3b3af60fa1b","Site03__2024_site3_trap_6__2024-07-25__00-26-44(4).JPG","gs://145625598251_2004409_606_usyd_tfe_2022__main/deployment/2310253/prod/directUpload/52723da3-acaf-4484-9553-d3b3af60fa1b.JPG",0,"Miriam Poyitt","f97e5485-9bda-4eeb-83a3-d65ba57f410c","Mammalia","Rodentia","Muridae","Rattus","fuscipes","Bush Rat",NA,"2024-07-25 00:26:44",1,"","",NA,NA,NA,NA,"false",NA,NA,"CC-BY-NC","",2004409,"S03_T06",151.74042,-32.24286833,"2024-07-22 00:00:00","2024-07-25 00:00:00","Other","Universal mammal bait","None",NA,2085480,"S03_T06",0,"Camera Functioning","Knee height",NA,"Parallel",NA,NA,NA,NA,"Site_03",NA,NA,NA,NA,NA,NA,2024-07-25 00:26:44,10629,177,3,0.1
2004409,"S03_T06_2024","94dcd5cb-25b4-42b1-b75e-e8b9909761b0","Site03__2024_site3_trap_6__2024-07-25__00-31-45(1).JPG","gs://145625598251_2004409_606_usyd_tfe_2022__main/deployment/2310253/prod/directUpload/94dcd5cb-25b4-42b1-b75e-e8b9909761b0.JPG",0,"Miriam Poyitt","f97e5485-9bda-4eeb-83a3-d65ba57f410c","Mammalia","Rodentia","Muridae","Rattus","fuscipes","Bush Rat",NA,"2024-07-25 00:31:45",1,"","",NA,NA,NA,NA,"false",NA,NA,"CC-BY-NC","",2004409,"S03_T06",151.74042,-32.24286833,"2024-07-22 00:00:00","2024-07-25 00:00:00","Other","Universal mammal bait","None",NA,2085480,"S03_T06",0,"Camera Functioning","Knee height",NA,"Parallel",NA,NA,NA,NA,"Site_03",NA,NA,NA,NA,NA,NA,2024-07-25 00:31:45,301,5,0.1,0
2004409,"S03_T06_2024","5d84cb07-8db5-48b2-ba1e-0a67271aa0cf","Site03__2024_site3_trap_6__2024-07-25__01-25-38(1).JPG","gs://145625598251_2004409_606_usyd_tfe_2022__main/deployment/2310253/prod/directUpload/5d84cb07-8db5-48b2-ba1e-0a67271aa0cf.JPG",0,"Miriam Poyitt","f97e5485-9bda-4eeb-83a3-d65ba57f410c","Mammalia","Rodentia","Muridae","Rattus","fuscipes","Bush Rat",NA,"2024-07-25 01:25:38",1,"","",NA,NA,NA,NA,"false",NA,NA,"CC-BY-NC","",2004409,"S03_T06",151.74042,-32.24286833,"2024-07-22 00:00:00","2024-07-25 00:00:00","Other","Universal mammal bait","None",NA,2085480,"S03_T06",0,"Camera Functioning","Knee height",NA,"Parallel",NA,NA,NA,NA,"Site_03",NA,NA,NA,NA,NA,NA,2024-07-25 01:25:38,3233,54,0.9,0
2004409,"S03_T06_2024","e6c37d26-4ffe-49bd-9580-24af37ffadfb","Site03__2024_site3_trap_6__2024-07-25__01-36-57(1).JPG","gs://145625598251_2004409_606_usyd_tfe_2022__main/deployment/2310253/prod/directUpload/e6c37d26-4ffe-49bd-9580-24af37ffadfb.JPG",0,"Miriam Poyitt","f97e5485-9bda-4eeb-83a3-d65ba57f410c","Mammalia","Rodentia","Muridae","Rattus","fuscipes","Bush Rat",NA,"2024-07-25 01:36:57",1,"","",NA,NA,NA,NA,"false",NA,NA,"CC-BY-NC","{""{\""detectionBox\"":[0.349141389,0.676609635,0.711681366,0.905354261]}""}",2004409,"S03_T06",151.74042,-32.24286833,"2024-07-22 00:00:00","2024-07-25 00:00:00","Other","Universal mammal bait","None",NA,2085480,"S03_T06",0,"Camera Functioning","Knee height",NA,"Parallel",NA,NA,NA,NA,"Site_03",NA,NA,NA,NA,NA,NA,2024-07-25 01:36:57,679,11,0.2,0
2004409,"S03_T06_2024","2c8c9230-0763-43bc-905c-cf062962f947","Site03__2024_site3_trap_6__2024-07-25__01-41-58(5).JPG","gs://145625598251_2004409_606_usyd_tfe_2022__main/deployment/2310253/prod/directUpload/2c8c9230-0763-43bc-905c-cf062962f947.JPG",0,"Miriam Poyitt","f97e5485-9bda-4eeb-83a3-d65ba57f410c","Mammalia","Rodentia","Muridae","Rattus","fuscipes","Bush Rat",NA,"2024-07-25 01:41:58",1,"","",NA,NA,NA,NA,"false",NA,NA,"CC-BY-NC","{""{\""detectionBox\"":[0.339503139,0.712928,0.712966084,0.94052428]}""}",2004409,"S03_T06",151.74042,-32.24286833,"2024-07-22 00:00:00","2024-07-25 00:00:00","Other","Universal mammal bait","None",NA,2085480,"S03_T06",0,"Camera Functioning","Knee height",NA,"Parallel",NA,NA,NA,NA,"Site_03",NA,NA,NA,NA,NA,NA,2024-07-25 01:41:58,301,5,0.1,0
2004409,"S03_T06_2024","32baf6eb-f71f-4d76-b4cf-6b48ff32688c","Site03__2024_site3_trap_6__2024-07-25__04-37-17(2).JPG","gs://145625598251_2004409_606_usyd_tfe_2022__main/deployment/2310253/prod/directUpload/32baf6eb-f71f-4d76-b4cf-6b48ff32688c.JPG",0,"Miriam Poyitt","f97e5485-9bda-4eeb-83a3-d65ba57f410c","Mammalia","Rodentia","Muridae","Rattus","fuscipes","Bush Rat",NA,"2024-07-25 04:37:17",1,"","",NA,NA,NA,NA,"false",NA,NA,"CC-BY-NC","{""{\""detectionBox\"":[0.366456032,0.674828,0.791894138,0.890358746]}""}",2004409,"S03_T06",151.74042,-32.24286833,"2024-07-22 00:00:00","2024-07-25 00:00:00","Other","Universal mammal bait","None",NA,2085480,"S03_T06",0,"Camera Functioning","Knee height",NA,"Parallel",NA,NA,NA,NA,"Site_03",NA,NA,NA,NA,NA,NA,2024-07-25 04:37:17,10519,175,2.9,0.1
2004409,"S03_T06_2024","1e24dda8-5819-44bc-8bcd-d5230172848f","Site03__2024_site3_trap_6__2024-07-25__05-39-56(1).JPG","gs://145625598251_2004409_606_usyd_tfe_2022__main/deployment/2310253/prod/directUpload/1e24dda8-5819-44bc-8bcd-d5230172848f.JPG",0,"Miriam Poyitt","f97e5485-9bda-4eeb-83a3-d65ba57f410c","Mammalia","Rodentia","Muridae","Rattus","fuscipes","Bush Rat",NA,"2024-07-25 05:39:56",1,"","",NA,NA,NA,NA,"false",NA,NA,"CC-BY-NC","{""{\""detectionBox\"":[0.509317935,0.68538022,0.975301385,0.948058486]}""}",2004409,"S03_T06",151.74042,-32.24286833,"2024-07-22 00:00:00","2024-07-25 00:00:00","Other","Universal mammal bait","None",NA,2085480,"S03_T06",0,"Camera Functioning","Knee height",NA,"Parallel",NA,NA,NA,NA,"Site_03",NA,NA,NA,NA,NA,NA,2024-07-25 05:39:56,3759,63,1,0
2004409,"S03_T06_2024","dee2d6ce-ac77-43be-b995-0b6692dbfab1","Site03__2024_site3_trap_6__2024-07-25__06-02-11(1).JPG","gs://145625598251_2004409_606_usyd_tfe_2022__main/deployment/2310253/prod/directUpload/dee2d6ce-ac77-43be-b995-0b6692dbfab1.JPG",0,"Miriam Poyitt","f97e5485-9bda-4eeb-83a3-d65ba57f410c","Mammalia","Rodentia","Muridae","Rattus","fuscipes","Bush Rat",NA,"2024-07-25 06:02:11",1,"","",NA,NA,NA,NA,"false",NA,NA,"CC-BY-NC","{""{\""detectionBox\"":[0.373273641,0.722763956,0.681656182,0.926216185]}""}",2004409,"S03_T06",151.74042,-32.24286833,"2024-07-22 00:00:00","2024-07-25 00:00:00","Other","Universal mammal bait","None",NA,2085480,"S03_T06",0,"Camera Functioning","Knee height",NA,"Parallel",NA,NA,NA,NA,"Site_03",NA,NA,NA,NA,NA,NA,2024-07-25 06:02:11,1335,22,0.4,0
2004409,"S03_T06_2024","667dd97c-8018-48b1-a0b9-aa3ba093d35d","Site03__2024_site3_trap_6__2024-07-23__10-27-43(5).JPG","gs://145625598251_2004409_606_usyd_tfe_2022__main/deployment/2310253/prod/directUpload/667dd97c-8018-48b1-a0b9-aa3ba093d35d.JPG",0,"Aidan Lowe","9fb844bd-26d1-49f1-a829-0025a48d3bdb","Insecta","","","","","Insect",NA,"2024-07-23 10:27:43",1,"","",NA,NA,NA,NA,"false",NA,NA,"CC-BY-NC","",2004409,"S03_T06",151.74042,-32.24286833,"2024-07-22 00:00:00","2024-07-25 00:00:00","Other","Universal mammal bait","None",NA,2085480,"S03_T06",0,"Camera Functioning","Knee height",NA,"Parallel",NA,NA,NA,NA,"Site_03",NA,NA,NA,NA,NA,NA,2024-07-23 10:27:43,0,0,0,0
2004409,"S03_T06_2024","63676783-65f6-459d-b22c-f70dbde7892f","Site03__2024_site3_trap_6__2024-07-23__10-45-24(1).JPG","gs://145625598251_2004409_606_usyd_tfe_2022__main/deployment/2310253/prod/directUpload/63676783-65f6-459d-b22c-f70dbde7892f.JPG",0,"Aidan Lowe","9fb844bd-26d1-49f1-a829-0025a48d3bdb","Insecta","","","","","Insect",NA,"2024-07-23 10:45:24",1,"","",NA,NA,NA,NA,"false",NA,NA,"CC-BY-NC","",2004409,"S03_T06",151.74042,-32.24286833,"2024-07-22 00:00:00","2024-07-25 00:00:00","Other","Universal mammal bait","None",NA,2085480,"S03_T06",0,"Camera Functioning","Knee height",NA,"Parallel",NA,NA,NA,NA,"Site_03",NA,NA,NA,NA,NA,NA,2024-07-23 10:45:24,1061,18,0.3,0
2004409,"S03_T06_2024","7c42ec74-2a6c-46cb-bd36-e42a0e2dbff6","Site03__2024_site3_trap_6__2024-07-22__23-08-36(1).JPG","gs://145625598251_2004409_606_usyd_tfe_2022__main/deployment/2310253/prod/directUpload/7c42ec74-2a6c-46cb-bd36-e42a0e2dbff6.JPG",0,"Aidan Lowe","f2d233e3-80e3-433d-9687-e29ecc7a467a","Mammalia","","","","","Mammal",NA,"2024-07-22 23:08:36",1,"","",NA,NA,NA,NA,"false",NA,NA,"CC-BY-NC","",2004409,"S03_T06",151.74042,-32.24286833,"2024-07-22 00:00:00","2024-07-25 00:00:00","Other","Universal mammal bait","None",NA,2085480,"S03_T06",0,"Camera Functioning","Knee height",NA,"Parallel",NA,NA,NA,NA,"Site_03",NA,NA,NA,NA,NA,NA,2024-07-22 23:08:36,0,0,0,0
2004409,"S03_T06_2024","17c69043-8bac-4e14-9393-424d0f7f9c09","Site03__2024_site3_trap_6__2024-07-22__14-40-16(1).JPG","gs://145625598251_2004409_606_usyd_tfe_2022__main/deployment/2310253/prod/directUpload/17c69043-8bac-4e14-9393-424d0f7f9c09.JPG",0,"Aidan Lowe","78af66bc-7397-4d14-b1ae-8fb5f2d18d00","Aves","Passeriformes","Artamidae","Strepera","graculina","Pied Currawong",NA,"2024-07-22 14:40:16",1,"","",NA,NA,NA,NA,"false",NA,NA,"CC-BY-NC","",2004409,"S03_T06",151.74042,-32.24286833,"2024-07-22 00:00:00","2024-07-25 00:00:00","Other","Universal mammal bait","None",NA,2085480,"S03_T06",0,"Camera Functioning","Knee height",NA,"Parallel",NA,NA,NA,NA,"Site_03",NA,NA,NA,NA,NA,NA,2024-07-22 14:40:16,0,0,0,0
2004409,"S03_T06_2024","713cac9f-cf51-49fe-a519-e26446bd03bb","Site03__2024_site3_trap_6__2024-07-24__06-11-05(2).JPG","gs://145625598251_2004409_606_usyd_tfe_2022__main/deployment/2310253/prod/directUpload/713cac9f-cf51-49fe-a519-e26446bd03bb.JPG",0,"Aidan Lowe","90d950db-2106-4bd9-a4c1-777604c3eada","Mammalia","Rodentia","","","","Rodent",NA,"2024-07-24 06:11:05",1,"","",NA,NA,NA,NA,"false",NA,NA,"CC-BY-NC","",2004409,"S03_T06",151.74042,-32.24286833,"2024-07-22 00:00:00","2024-07-25 00:00:00","Other","Universal mammal bait","None",NA,2085480,"S03_T06",0,"Camera Functioning","Knee height",NA,"Parallel",NA,NA,NA,NA,"Site_03",NA,NA,NA,NA,NA,NA,2024-07-24 06:11:05,0,0,0,0
2004409,"S03_T06_2024","f0b37a43-281f-42a3-881c-67eaaf394b9a","Site03__2024_site3_trap_6__2024-07-24__06-24-30(1).JPG","gs://145625598251_2004409_606_usyd_tfe_2022__main/deployment/2310253/prod/directUpload/f0b37a43-281f-42a3-881c-67eaaf394b9a.JPG",0,"Aidan Lowe","90d950db-2106-4bd9-a4c1-777604c3eada","Mammalia","Rodentia","","","","Rodent",NA,"2024-07-24 06:24:30",1,"","",NA,NA,NA,NA,"false",NA,NA,"CC-BY-NC","",2004409,"S03_T06",151.74042,-32.24286833,"2024-07-22 00:00:00","2024-07-25 00:00:00","Other","Universal mammal bait","None",NA,2085480,"S03_T06",0,"Camera Functioning","Knee height",NA,"Parallel",NA,NA,NA,NA,"Site_03",NA,NA,NA,NA,NA,NA,2024-07-24 06:24:30,805,13,0.2,0
2004409,"S03_T06_2024","60028d77-6f52-4338-98cb-8be699ef8cde","Site03__2024_site3_trap_6__2024-07-22__23-11-00(1).JPG","gs://145625598251_2004409_606_usyd_tfe_2022__main/deployment/2310253/prod/directUpload/60028d77-6f52-4338-98cb-8be699ef8cde.JPG",0,"Miriam Poyitt","e3df98de-20bf-44e2-a0a6-6fb2adc35519","Mammalia","Diprotodontia","Phalangeridae","Trichosurus","caninus","Short-eared Brushtail Possum",NA,"2024-07-22 23:11:00",1,"","",NA,NA,NA,NA,"false",NA,NA,"CC-BY-NC","",2004409,"S03_T06",151.74042,-32.24286833,"2024-07-22 00:00:00","2024-07-25 00:00:00","Other","Universal mammal bait","None",NA,2085480,"S03_T06",0,"Camera Functioning","Knee height",NA,"Parallel",NA,NA,NA,NA,"Site_03",NA,NA,NA,NA,NA,NA,2024-07-22 23:11:00,0,0,0,0
2004409,"S03_T06_2024","e5f295da-cebd-479e-821e-8dcdf44f6678","Site03__2024_site3_trap_6__2024-07-22__23-16-03(1).JPG","gs://145625598251_2004409_606_usyd_tfe_2022__main/deployment/2310253/prod/directUpload/e5f295da-cebd-479e-821e-8dcdf44f6678.JPG",0,"Miriam Poyitt","e3df98de-20bf-44e2-a0a6-6fb2adc35519","Mammalia","Diprotodontia","Phalangeridae","Trichosurus","caninus","Short-eared Brushtail Possum",NA,"2024-07-22 23:16:03",1,"","",NA,NA,NA,NA,"false",NA,NA,"CC-BY-NC","",2004409,"S03_T06",151.74042,-32.24286833,"2024-07-22 00:00:00","2024-07-25 00:00:00","Other","Universal mammal bait","None",NA,2085480,"S03_T06",0,"Camera Functioning","Knee height",NA,"Parallel",NA,NA,NA,NA,"Site_03",NA,NA,NA,NA,NA,NA,2024-07-22 23:16:03,303,5,0.1,0
2004409,"S03_T06_2024","d5c1574a-4a0a-4ef1-b051-64e7746bb519","Site03__2024_site3_trap_6__2024-07-22__16-27-26(1).JPG","gs://145625598251_2004409_606_usyd_tfe_2022__main/deployment/2310253/prod/directUpload/d5c1574a-4a0a-4ef1-b051-64e7746bb519.JPG",0,"Aidan Lowe","d8cabc3b-7bbe-45b0-b9a9-600e114d189b","Mammalia","","","","","Small Mammal",NA,"2024-07-22 16:27:26",1,"","",NA,NA,NA,NA,"false",NA,NA,"CC-BY-NC","",2004409,"S03_T06",151.74042,-32.24286833,"2024-07-22 00:00:00","2024-07-25 00:00:00","Other","Universal mammal bait","None",NA,2085480,"S03_T06",0,"Camera Functioning","Knee height",NA,"Parallel",NA,NA,NA,NA,"Site_03",NA,NA,NA,NA,NA,NA,2024-07-22 16:27:26,0,0,0,0
2004409,"S03_T06_2024","7683d798-1905-4a1c-8401-c5269edbd47c","Site03__2024_site3_trap_6__2024-07-23__19-10-51(1).JPG","gs://145625598251_2004409_606_usyd_tfe_2022__main/deployment/2310253/prod/directUpload/7683d798-1905-4a1c-8401-c5269edbd47c.JPG",0,"Aidan Lowe","d8cabc3b-7bbe-45b0-b9a9-600e114d189b","Mammalia","","","","","Small Mammal",NA,"2024-07-23 19:10:51",1,"","",NA,NA,NA,NA,"false",NA,NA,"CC-BY-NC","",2004409,"S03_T06",151.74042,-32.24286833,"2024-07-22 00:00:00","2024-07-25 00:00:00","Other","Universal mammal bait","None",NA,2085480,"S03_T06",0,"Camera Functioning","Knee height",NA,"Parallel",NA,NA,NA,NA,"Site_03",NA,NA,NA,NA,NA,NA,2024-07-23 19:10:51,96205,1603,26.7,1.1
2004409,"S03_T06_2024","abb259a2-0765-4d9f-bbaf-5dda228238c9","Site03__2024_site3_trap_6__2024-07-25__06-22-06(1).JPG","gs://145625598251_2004409_606_usyd_tfe_2022__main/deployment/2310253/prod/directUpload/abb259a2-0765-4d9f-bbaf-5dda228238c9.JPG",0,"Miriam Poyitt","3afdd398-39f2-430c-9301-74659d81044e","Mammalia","Diprotodontia","Macropodidae","Wallabia","bicolor","Swamp Wallaby",NA,"2024-07-25 06:22:06",1,"","",NA,NA,NA,NA,"false",NA,NA,"CC-BY-NC","",2004409,"S03_T06",151.74042,-32.24286833,"2024-07-22 00:00:00","2024-07-25 00:00:00","Other","Universal mammal bait","None",NA,2085480,"S03_T06",0,"Camera Functioning","Knee height",NA,"Parallel",NA,NA,NA,NA,"Site_03",NA,NA,NA,NA,NA,NA,2024-07-25 06:22:06,0,0,0,0
2004409,"S03_T08_2024","ac0d75dc-72d5-4a87-8832-de7e71e701a2","Site03__2024_site3_trap_8__2024-07-22__17-00-27(1).JPG","gs://145625598251_2004409_606_usyd_tfe_2022__main/deployment/2310254/prod/directUpload/ac0d75dc-72d5-4a87-8832-de7e71e701a2.JPG",0,"Aidan Lowe","6e975946-43db-40cf-a4bb-2977319097a1","Mammalia","Dasyuromorphia","Dasyuridae","Antechinus","","Antechinus Species",NA,"2024-07-22 17:00:27",1,"","",NA,NA,NA,NA,"false",NA,NA,"CC-BY-NC","",2004409,"S03_T08",151.7402583,-32.24302333,"2024-07-22 00:00:00","2024-07-25 00:00:00","Other","Universal mammal bait","None",NA,2085481,"S03_T08",0,"Camera Functioning","Knee height",NA,"Parallel",NA,NA,NA,NA,"Site_03",NA,NA,NA,NA,NA,NA,2024-07-22 17:00:27,0,0,0,0
2004409,"S03_T08_2024","4a3850be-625f-447b-8376-819a632720be","Site03__2024_site3_trap_8__2024-07-23__22-05-08(1).JPG","gs://145625598251_2004409_606_usyd_tfe_2022__main/deployment/2310254/prod/directUpload/4a3850be-625f-447b-8376-819a632720be.JPG",0,"Aidan Lowe","6e975946-43db-40cf-a4bb-2977319097a1","Mammalia","Dasyuromorphia","Dasyuridae","Antechinus","","Antechinus Species",NA,"2024-07-23 22:05:08",1,"","",NA,NA,NA,NA,"false",NA,NA,"CC-BY-NC","{""{\""detectionBox\"":[0.511113524,0.377190441,0.597498655,0.469969481]}""}",2004409,"S03_T08",151.7402583,-32.24302333,"2024-07-22 00:00:00","2024-07-25 00:00:00","Other","Universal mammal bait","None",NA,2085481,"S03_T08",0,"Camera Functioning","Knee height",NA,"Parallel",NA,NA,NA,NA,"Site_03",NA,NA,NA,NA,NA,NA,2024-07-23 22:05:08,104681,1745,29.1,1.2
2004409,"S03_T08_2024","4afa80dd-3e6b-482c-9140-3979eff09b65","Site03__2024_site3_trap_8__2024-07-24__17-59-10(1).JPG","gs://145625598251_2004409_606_usyd_tfe_2022__main/deployment/2310254/prod/directUpload/4afa80dd-3e6b-482c-9140-3979eff09b65.JPG",0,"Aidan Lowe","6e975946-43db-40cf-a4bb-2977319097a1","Mammalia","Dasyuromorphia","Dasyuridae","Antechinus","","Antechinus Species",NA,"2024-07-24 17:59:10",1,"","",NA,NA,NA,NA,"false",NA,NA,"CC-BY-NC","{""{\""detectionBox\"":[0.350921184,0.314719,0.66638726,0.509660363]}""}",2004409,"S03_T08",151.7402583,-32.24302333,"2024-07-22 00:00:00","2024-07-25 00:00:00","Other","Universal mammal bait","None",NA,2085481,"S03_T08",0,"Camera Functioning","Knee height",NA,"Parallel",NA,NA,NA,NA,"Site_03",NA,NA,NA,NA,NA,NA,2024-07-24 17:59:10,71642,1194,19.9,0.8
2004409,"S03_T08_2024","683d51a8-4546-4189-9970-f4447bc3938d","Site03__2024_site3_trap_8__2024-07-24__22-23-22(1).JPG","gs://145625598251_2004409_606_usyd_tfe_2022__main/deployment/2310254/prod/directUpload/683d51a8-4546-4189-9970-f4447bc3938d.JPG",0,"Aidan Lowe","6e975946-43db-40cf-a4bb-2977319097a1","Mammalia","Dasyuromorphia","Dasyuridae","Antechinus","","Antechinus Species",NA,"2024-07-24 22:23:22",1,"","",NA,NA,NA,NA,"false",NA,NA,"CC-BY-NC","{""{\""detectionBox\"":[0.49518308,0.45423919,0.624268115,0.548091]}""}",2004409,"S03_T08",151.7402583,-32.24302333,"2024-07-22 00:00:00","2024-07-25 00:00:00","Other","Universal mammal bait","None",NA,2085481,"S03_T08",0,"Camera Functioning","Knee height",NA,"Parallel",NA,NA,NA,NA,"Site_03",NA,NA,NA,NA,NA,NA,2024-07-24 22:23:22,15852,264,4.4,0.2
2004409,"S03_T08_2024","90dc481a-3325-4124-a311-20181d3ca672","Site03__2024_site3_trap_8__2024-07-23__07-04-15(1).JPG","gs://145625598251_2004409_606_usyd_tfe_2022__main/deployment/2310254/prod/directUpload/90dc481a-3325-4124-a311-20181d3ca672.JPG",0,"Aidan Lowe","b1352069-a39c-4a84-a949-60044271c0c1","Aves","","","","","Bird",NA,"2024-07-23 07:04:15",1,"","",NA,NA,NA,NA,"false",NA,NA,"CC-BY-NC","{""{\""detectionBox\"":[0.764876127,0.296530306,0.977285445,0.466029286]}""}",2004409,"S03_T08",151.7402583,-32.24302333,"2024-07-22 00:00:00","2024-07-25 00:00:00","Other","Universal mammal bait","None",NA,2085481,"S03_T08",0,"Camera Functioning","Knee height",NA,"Parallel",NA,NA,NA,NA,"Site_03",NA,NA,NA,NA,NA,NA,2024-07-23 07:04:15,0,0,0,0
2004409,"S03_T08_2024","17c56851-35e2-4feb-bd00-94b91430d1d8","Site03__2024_site3_trap_8__2024-07-25__01-27-05(1).JPG","gs://145625598251_2004409_606_usyd_tfe_2022__main/deployment/2310254/prod/directUpload/17c56851-35e2-4feb-bd00-94b91430d1d8.JPG",0,"Aidan Lowe","a2393bee-bf14-473f-8eab-d9ca21714026","Mammalia","Diprotodontia","","","","Diprotodontia Order",NA,"2024-07-25 01:27:05",1,"","",NA,NA,NA,NA,"false",NA,NA,"CC-BY-NC","",2004409,"S03_T08",151.7402583,-32.24302333,"2024-07-22 00:00:00","2024-07-25 00:00:00","Other","Universal mammal bait","None",NA,2085481,"S03_T08",0,"Camera Functioning","Knee height",NA,"Parallel",NA,NA,NA,NA,"Site_03",NA,NA,NA,NA,NA,NA,2024-07-25 01:27:05,0,0,0,0
2004409,"S03_T08_2024","89468181-ea87-4fc4-9060-d33ed18224aa","Site03__2024_site3_trap_8__2024-07-22__18-52-08(1).JPG","gs://145625598251_2004409_606_usyd_tfe_2022__main/deployment/2310254/prod/directUpload/89468181-ea87-4fc4-9060-d33ed18224aa.JPG",0,"Aidan Lowe","f2d233e3-80e3-433d-9687-e29ecc7a467a","Mammalia","","","","","Mammal",NA,"2024-07-22 18:52:08",1,"","",NA,NA,NA,NA,"false",NA,NA,"CC-BY-NC","{""{\""detectionBox\"":[0.809235334,0.644822478,0.97492677,0.807043195]}""}",2004409,"S03_T08",151.7402583,-32.24302333,"2024-07-22 00:00:00","2024-07-25 00:00:00","Other","Universal mammal bait","None",NA,2085481,"S03_T08",0,"Camera Functioning","Knee height",NA,"Parallel",NA,NA,NA,NA,"Site_03",NA,NA,NA,NA,NA,NA,2024-07-22 18:52:08,0,0,0,0
2004409,"S03_T08_2024","ced530fc-e01d-4c77-bc64-5fb3d59a3f19","Site03__2024_site3_trap_8__2024-07-24__11-24-30(1).JPG","gs://145625598251_2004409_606_usyd_tfe_2022__main/deployment/2310254/prod/directUpload/ced530fc-e01d-4c77-bc64-5fb3d59a3f19.JPG",0,"Aidan Lowe","78af66bc-7397-4d14-b1ae-8fb5f2d18d00","Aves","Passeriformes","Artamidae","Strepera","graculina","Pied Currawong",NA,"2024-07-24 11:24:30",1,"","",NA,NA,NA,NA,"false",NA,NA,"CC-BY-NC","{""{\""detectionBox\"":[0.393567234,0.264425099,0.834520638,0.824198902]}""}",2004409,"S03_T08",151.7402583,-32.24302333,"2024-07-22 00:00:00","2024-07-25 00:00:00","Other","Universal mammal bait","None",NA,2085481,"S03_T08",0,"Camera Functioning","Knee height",NA,"Parallel",NA,NA,NA,NA,"Site_03",NA,NA,NA,NA,NA,NA,2024-07-24 11:24:30,0,0,0,0
2004409,"S03_T08_2024","07bca976-cdcd-4e37-afc2-c66a802fddf4","Site03__2024_site3_trap_8__2024-07-22__18-52-30(10).JPG","gs://145625598251_2004409_606_usyd_tfe_2022__main/deployment/2310254/prod/directUpload/07bca976-cdcd-4e37-afc2-c66a802fddf4.JPG",0,"Aidan Lowe","90d950db-2106-4bd9-a4c1-777604c3eada","Mammalia","Rodentia","","","","Rodent",NA,"2024-07-22 18:52:30",1,"","",NA,NA,NA,NA,"false",NA,NA,"CC-BY-NC","{""{\""detectionBox\"":[0.76426065,0.289314389,0.91075176,0.422847092]}""}",2004409,"S03_T08",151.7402583,-32.24302333,"2024-07-22 00:00:00","2024-07-25 00:00:00","Other","Universal mammal bait","None",NA,2085481,"S03_T08",0,"Camera Functioning","Knee height",NA,"Parallel",NA,NA,NA,NA,"Site_03",NA,NA,NA,NA,NA,NA,2024-07-22 18:52:30,0,0,0,0
2004409,"S03_T08_2024","e8be57b5-cb1c-4743-b1a6-61534a1fc3b1","Site03__2024_site3_trap_8__2024-07-23__18-59-20(1).JPG","gs://145625598251_2004409_606_usyd_tfe_2022__main/deployment/2310254/prod/directUpload/e8be57b5-cb1c-4743-b1a6-61534a1fc3b1.JPG",0,"Aidan Lowe","90d950db-2106-4bd9-a4c1-777604c3eada","Mammalia","Rodentia","","","","Rodent",NA,"2024-07-23 18:59:20",1,"","",NA,NA,NA,NA,"false",NA,NA,"CC-BY-NC","",2004409,"S03_T08",151.7402583,-32.24302333,"2024-07-22 00:00:00","2024-07-25 00:00:00","Other","Universal mammal bait","None",NA,2085481,"S03_T08",0,"Camera Functioning","Knee height",NA,"Parallel",NA,NA,NA,NA,"Site_03",NA,NA,NA,NA,NA,NA,2024-07-23 18:59:20,86810,1447,24.1,1
2004409,"S03_T08_2024","fca8d808-c120-4ee4-8d76-c1c9f09e639a","Site03__2024_site3_trap_8__2024-07-23__19-58-19(1).JPG","gs://145625598251_2004409_606_usyd_tfe_2022__main/deployment/2310254/prod/directUpload/fca8d808-c120-4ee4-8d76-c1c9f09e639a.JPG",0,"Aidan Lowe","90d950db-2106-4bd9-a4c1-777604c3eada","Mammalia","Rodentia","","","","Rodent",NA,"2024-07-23 19:58:19",1,"","",NA,NA,NA,NA,"false",NA,NA,"CC-BY-NC","",2004409,"S03_T08",151.7402583,-32.24302333,"2024-07-22 00:00:00","2024-07-25 00:00:00","Other","Universal mammal bait","None",NA,2085481,"S03_T08",0,"Camera Functioning","Knee height",NA,"Parallel",NA,NA,NA,NA,"Site_03",NA,NA,NA,NA,NA,NA,2024-07-23 19:58:19,3539,59,1,0
2004409,"S03_T08_2024","0fa8e189-1679-4a96-a315-b02b691275f2","Site03__2024_site3_trap_8__2024-07-24__18-43-57(1).JPG","gs://145625598251_2004409_606_usyd_tfe_2022__main/deployment/2310254/prod/directUpload/0fa8e189-1679-4a96-a315-b02b691275f2.JPG",0,"Aidan Lowe","90d950db-2106-4bd9-a4c1-777604c3eada","Mammalia","Rodentia","","","","Rodent",NA,"2024-07-24 18:43:57",1,"","",NA,NA,NA,NA,"false",NA,NA,"CC-BY-NC","",2004409,"S03_T08",151.7402583,-32.24302333,"2024-07-22 00:00:00","2024-07-25 00:00:00","Other","Universal mammal bait","None",NA,2085481,"S03_T08",0,"Camera Functioning","Knee height",NA,"Parallel",NA,NA,NA,NA,"Site_03",NA,NA,NA,NA,NA,NA,2024-07-24 18:43:57,81938,1366,22.8,1
2004409,"S03_T08_2024","b40e9bd5-5fb8-41eb-8a5e-bb7f9c01ea19","Site03__2024_site3_trap_8__2024-07-24__20-11-11(1).JPG","gs://145625598251_2004409_606_usyd_tfe_2022__main/deployment/2310254/prod/directUpload/b40e9bd5-5fb8-41eb-8a5e-bb7f9c01ea19.JPG",0,"Aidan Lowe","90d950db-2106-4bd9-a4c1-777604c3eada","Mammalia","Rodentia","","","","Rodent",NA,"2024-07-24 20:11:11",1,"","",NA,NA,NA,NA,"false",NA,NA,"CC-BY-NC","{""{\""detectionBox\"":[0.382195115,0.520106256,0.500960112,0.618215144]}""}",2004409,"S03_T08",151.7402583,-32.24302333,"2024-07-22 00:00:00","2024-07-25 00:00:00","Other","Universal mammal bait","None",NA,2085481,"S03_T08",0,"Camera Functioning","Knee height",NA,"Parallel",NA,NA,NA,NA,"Site_03",NA,NA,NA,NA,NA,NA,2024-07-24 20:11:11,5234,87,1.4,0.1
2004409,"S03_T08_2024","0ef53e90-0a2a-44b0-9a89-e32843c02a6a","Site03__2024_site3_trap_8__2024-07-23__22-04-08(1).JPG","gs://145625598251_2004409_606_usyd_tfe_2022__main/deployment/2310254/prod/directUpload/0ef53e90-0a2a-44b0-9a89-e32843c02a6a.JPG",0,"Aidan Lowe","d8cabc3b-7bbe-45b0-b9a9-600e114d189b","Mammalia","","","","","Small Mammal",NA,"2024-07-23 22:04:08",1,"","",NA,NA,NA,NA,"false",NA,NA,"CC-BY-NC","",2004409,"S03_T08",151.7402583,-32.24302333,"2024-07-22 00:00:00","2024-07-25 00:00:00","Other","Universal mammal bait","None",NA,2085481,"S03_T08",0,"Camera Functioning","Knee height",NA,"Parallel",NA,NA,NA,NA,"Site_03",NA,NA,NA,NA,NA,NA,2024-07-23 22:04:08,0,0,0,0
2004409,"S03_T08_2024","a26205e0-f6dd-4a14-9d6e-f8709ab38ec7","Site03__2024_site3_trap_8__2024-07-24__06-27-53(1).JPG","gs://145625598251_2004409_606_usyd_tfe_2022__main/deployment/2310254/prod/directUpload/a26205e0-f6dd-4a14-9d6e-f8709ab38ec7.JPG",0,"Aidan Lowe","d8cabc3b-7bbe-45b0-b9a9-600e114d189b","Mammalia","","","","","Small Mammal",NA,"2024-07-24 06:27:53",1,"","",NA,NA,NA,NA,"false",NA,NA,"CC-BY-NC","{""{\""detectionBox\"":[0.56554091,0.688385606,0.72669363,0.968595386]}""}",2004409,"S03_T08",151.7402583,-32.24302333,"2024-07-22 00:00:00","2024-07-25 00:00:00","Other","Universal mammal bait","None",NA,2085481,"S03_T08",0,"Camera Functioning","Knee height",NA,"Parallel",NA,NA,NA,NA,"Site_03",NA,NA,NA,NA,NA,NA,2024-07-24 06:27:53,30225,504,8.4,0.4
2004409,"S03_T08_2024","e5e53f95-08e5-48c5-b9c6-3f59098fe683","Site03__2024_site3_trap_8__2024-07-24__19-47-23(1).JPG","gs://145625598251_2004409_606_usyd_tfe_2022__main/deployment/2310254/prod/directUpload/e5e53f95-08e5-48c5-b9c6-3f59098fe683.JPG",0,"Aidan Lowe","d8cabc3b-7bbe-45b0-b9a9-600e114d189b","Mammalia","","","","","Small Mammal",NA,"2024-07-24 19:47:23",1,"","",NA,NA,NA,NA,"false",NA,NA,"CC-BY-NC","",2004409,"S03_T08",151.7402583,-32.24302333,"2024-07-22 00:00:00","2024-07-25 00:00:00","Other","Universal mammal bait","None",NA,2085481,"S03_T08",0,"Camera Functioning","Knee height",NA,"Parallel",NA,NA,NA,NA,"Site_03",NA,NA,NA,NA,NA,NA,2024-07-24 19:47:23,47970,800,13.3,0.6
2004409,"S03_T08_2024","ecc2605a-2efd-4af8-baf8-c0893a47e8f1","Site03__2024_site3_trap_8__2024-07-25__00-18-51(1).JPG","gs://145625598251_2004409_606_usyd_tfe_2022__main/deployment/2310254/prod/directUpload/ecc2605a-2efd-4af8-baf8-c0893a47e8f1.JPG",0,"Aidan Lowe","d8cabc3b-7bbe-45b0-b9a9-600e114d189b","Mammalia","","","","","Small Mammal",NA,"2024-07-25 00:18:51",1,"","",NA,NA,NA,NA,"false",NA,NA,"CC-BY-NC","{""{\""detectionBox\"":[0.499049544,0.000646792352,0.952940404,0.142298907]}""}",2004409,"S03_T08",151.7402583,-32.24302333,"2024-07-22 00:00:00","2024-07-25 00:00:00","Other","Universal mammal bait","None",NA,2085481,"S03_T08",0,"Camera Functioning","Knee height",NA,"Parallel",NA,NA,NA,NA,"Site_03",NA,NA,NA,NA,NA,NA,2024-07-25 00:18:51,16288,271,4.5,0.2
2004409,"S03_T08_2024","68545381-5848-4390-bd09-ad38a781508a","Site03__2024_site3_trap_8__2024-07-24__07-32-22(1).JPG","gs://145625598251_2004409_606_usyd_tfe_2022__main/deployment/2310254/prod/directUpload/68545381-5848-4390-bd09-ad38a781508a.JPG",0,"Aaron Greenville","3afdd398-39f2-430c-9301-74659d81044e","Mammalia","Diprotodontia","Macropodidae","Wallabia","bicolor","Swamp Wallaby",NA,"2024-07-24 07:32:22",1,"","",NA,NA,NA,NA,"false",NA,NA,"CC-BY-NC","{""{\""detectionBox\"":[0.0213765036,0,0.558930278,0.322701573]}""}",2004409,"S03_T08",151.7402583,-32.24302333,"2024-07-22 00:00:00","2024-07-25 00:00:00","Other","Universal mammal bait","None",NA,2085481,"S03_T08",0,"Camera Functioning","Knee height",NA,"Parallel",NA,NA,NA,NA,"Site_03",NA,NA,NA,NA,NA,NA,2024-07-24 07:32:22,0,0,0,0
2004409,"S03_T08_2024","09d47c2e-2057-4b77-8674-5bf94e5d9db6","Site03__2024_site3_trap_8__2024-07-24__07-37-23(1).JPG","gs://145625598251_2004409_606_usyd_tfe_2022__main/deployment/2310254/prod/directUpload/09d47c2e-2057-4b77-8674-5bf94e5d9db6.JPG",0,"Aaron Greenville","3afdd398-39f2-430c-9301-74659d81044e","Mammalia","Diprotodontia","Macropodidae","Wallabia","bicolor","Swamp Wallaby",NA,"2024-07-24 07:37:23",1,"","",NA,NA,NA,NA,"false",NA,NA,"CC-BY-NC","{""{\""detectionBox\"":[0.0144833466,0.00284439325,0.939034522,0.635271549]}""}",2004409,"S03_T08",151.7402583,-32.24302333,"2024-07-22 00:00:00","2024-07-25 00:00:00","Other","Universal mammal bait","None",NA,2085481,"S03_T08",0,"Camera Functioning","Knee height",NA,"Parallel",NA,NA,NA,NA,"Site_03",NA,NA,NA,NA,NA,NA,2024-07-24 07:37:23,301,5,0.1,0
2004409,"S03_T08_2024","6fbe3422-cd4b-473c-9189-3c24a148a390","Site03__2024_site3_trap_8__2024-07-24__07-45-49(1).JPG","gs://145625598251_2004409_606_usyd_tfe_2022__main/deployment/2310254/prod/directUpload/6fbe3422-cd4b-473c-9189-3c24a148a390.JPG",0,"Aaron Greenville","3afdd398-39f2-430c-9301-74659d81044e","Mammalia","Diprotodontia","Macropodidae","Wallabia","bicolor","Swamp Wallaby",NA,"2024-07-24 07:45:49",1,"","",NA,NA,NA,NA,"false",NA,NA,"CC-BY-NC","{""{\""detectionBox\"":[0.0169360694,0.47582227,0.773229837,0.999672115]}""}",2004409,"S03_T08",151.7402583,-32.24302333,"2024-07-22 00:00:00","2024-07-25 00:00:00","Other","Universal mammal bait","None",NA,2085481,"S03_T08",0,"Camera Functioning","Knee height",NA,"Parallel",NA,NA,NA,NA,"Site_03",NA,NA,NA,NA,NA,NA,2024-07-24 07:45:49,506,8,0.1,0
2004409,"S03_T08_2024","ccad601a-f76a-4e4c-a570-1e3915d571a7","Site03__2024_site3_trap_8__2024-07-25__00-19-38(4).JPG","gs://145625598251_2004409_606_usyd_tfe_2022__main/deployment/2310254/prod/directUpload/ccad601a-f76a-4e4c-a570-1e3915d571a7.JPG",0,"Aaron Greenville","3afdd398-39f2-430c-9301-74659d81044e","Mammalia","Diprotodontia","Macropodidae","Wallabia","bicolor","Swamp Wallaby",NA,"2024-07-25 00:19:38",1,"","",NA,NA,NA,NA,"false",NA,NA,"CC-BY-NC","{""{\""detectionBox\"":[0.261667967,0.00019274652,0.721166492,0.103831664]}""}",2004409,"S03_T08",151.7402583,-32.24302333,"2024-07-22 00:00:00","2024-07-25 00:00:00","Other","Universal mammal bait","None",NA,2085481,"S03_T08",0,"Camera Functioning","Knee height",NA,"Parallel",NA,NA,NA,NA,"Site_03",NA,NA,NA,NA,NA,NA,2024-07-25 00:19:38,59629,994,16.6,0.7
2004409,"S03_T08_2024","bc6b89e0-8a1d-4f62-9d5e-726839c9dc68","Site03__2024_site3_trap_8__2024-07-25__01-23-44(1).JPG","gs://145625598251_2004409_606_usyd_tfe_2022__main/deployment/2310254/prod/directUpload/bc6b89e0-8a1d-4f62-9d5e-726839c9dc68.JPG",0,"Aaron Greenville","3afdd398-39f2-430c-9301-74659d81044e","Mammalia","Diprotodontia","Macropodidae","Wallabia","bicolor","Swamp Wallaby",NA,"2024-07-25 01:23:44",1,"","",NA,NA,NA,NA,"false",NA,NA,"CC-BY-NC","{""{\""detectionBox\"":[0.0298149548,0.0319945216,0.908690929,0.770507634]}""}",2004409,"S03_T08",151.7402583,-32.24302333,"2024-07-22 00:00:00","2024-07-25 00:00:00","Other","Universal mammal bait","None",NA,2085481,"S03_T08",0,"Camera Functioning","Knee height",NA,"Parallel",NA,NA,NA,NA,"Site_03",NA,NA,NA,NA,NA,NA,2024-07-25 01:23:44,3846,64,1.1,0
2004409,"S03_T08_2024","4aba1339-f6ef-40af-a061-448ae2c6e450","Site03__2024_site3_trap_8__2024-07-25__01-28-45(4).JPG","gs://145625598251_2004409_606_usyd_tfe_2022__main/deployment/2310254/prod/directUpload/4aba1339-f6ef-40af-a061-448ae2c6e450.JPG",0,"Aaron Greenville","3afdd398-39f2-430c-9301-74659d81044e","Mammalia","Diprotodontia","Macropodidae","Wallabia","bicolor","Swamp Wallaby",NA,"2024-07-25 01:28:45",1,"","",NA,NA,NA,NA,"false",NA,NA,"CC-BY-NC","",2004409,"S03_T08",151.7402583,-32.24302333,"2024-07-22 00:00:00","2024-07-25 00:00:00","Other","Universal mammal bait","None",NA,2085481,"S03_T08",0,"Camera Functioning","Knee height",NA,"Parallel",NA,NA,NA,NA,"Site_03",NA,NA,NA,NA,NA,NA,2024-07-25 01:28:45,301,5,0.1,0
2004409,"S03_T08_2024","21267bda-95d5-4f3f-8e06-df01ca90db28","Site03__2024_site3_trap_8__2024-07-25__01-33-47(33).JPG","gs://145625598251_2004409_606_usyd_tfe_2022__main/deployment/2310254/prod/directUpload/21267bda-95d5-4f3f-8e06-df01ca90db28.JPG",0,"Aaron Greenville","3afdd398-39f2-430c-9301-74659d81044e","Mammalia","Diprotodontia","Macropodidae","Wallabia","bicolor","Swamp Wallaby",NA,"2024-07-25 01:33:47",1,"","",NA,NA,NA,NA,"false",NA,NA,"CC-BY-NC","{""{\""detectionBox\"":[0.17841801,0.00146736205,0.982301,0.469343305]}""}",2004409,"S03_T08",151.7402583,-32.24302333,"2024-07-22 00:00:00","2024-07-25 00:00:00","Other","Universal mammal bait","None",NA,2085481,"S03_T08",0,"Camera Functioning","Knee height",NA,"Parallel",NA,NA,NA,NA,"Site_03",NA,NA,NA,NA,NA,NA,2024-07-25 01:33:47,302,5,0.1,0
2004409,"S03_T08_2024","fc5b2b2a-ac60-4dcc-8806-b19c7bce8cb9","Site03__2024_site3_trap_8__2024-07-25__01-40-15(1).JPG","gs://145625598251_2004409_606_usyd_tfe_2022__main/deployment/2310254/prod/directUpload/fc5b2b2a-ac60-4dcc-8806-b19c7bce8cb9.JPG",0,"Aaron Greenville","3afdd398-39f2-430c-9301-74659d81044e","Mammalia","Diprotodontia","Macropodidae","Wallabia","bicolor","Swamp Wallaby",NA,"2024-07-25 01:40:15",1,"","",NA,NA,NA,NA,"false",NA,NA,"CC-BY-NC","",2004409,"S03_T08",151.7402583,-32.24302333,"2024-07-22 00:00:00","2024-07-25 00:00:00","Other","Universal mammal bait","None",NA,2085481,"S03_T08",0,"Camera Functioning","Knee height",NA,"Parallel",NA,NA,NA,NA,"Site_03",NA,NA,NA,NA,NA,NA,2024-07-25 01:40:15,388,6,0.1,0
2004409,"S03_T08_2024","effac354-c49e-4840-b6a5-fc73ebcfa41f","Site03__2024_site3_trap_8__2024-07-25__01-45-57(3).JPG","gs://145625598251_2004409_606_usyd_tfe_2022__main/deployment/2310254/prod/directUpload/effac354-c49e-4840-b6a5-fc73ebcfa41f.JPG",0,"Aaron Greenville","3afdd398-39f2-430c-9301-74659d81044e","Mammalia","Diprotodontia","Macropodidae","Wallabia","bicolor","Swamp Wallaby",NA,"2024-07-25 01:45:57",1,"","",NA,NA,NA,NA,"false",NA,NA,"CC-BY-NC","{""{\""detectionBox\"":[0.159853414,0.00173646212,0.980394,0.329763651]}""}",2004409,"S03_T08",151.7402583,-32.24302333,"2024-07-22 00:00:00","2024-07-25 00:00:00","Other","Universal mammal bait","None",NA,2085481,"S03_T08",0,"Camera Functioning","Knee height",NA,"Parallel",NA,NA,NA,NA,"Site_03",NA,NA,NA,NA,NA,NA,2024-07-25 01:45:57,342,6,0.1,0
2004409,"S03_T08_2024","a92e8a23-4240-41cd-a22c-826305b6a0d9","Site03__2024_site3_trap_8__2024-07-25__01-52-00(1).JPG","gs://145625598251_2004409_606_usyd_tfe_2022__main/deployment/2310254/prod/directUpload/a92e8a23-4240-41cd-a22c-826305b6a0d9.JPG",0,"Aaron Greenville","3afdd398-39f2-430c-9301-74659d81044e","Mammalia","Diprotodontia","Macropodidae","Wallabia","bicolor","Swamp Wallaby",NA,"2024-07-25 01:52:00",1,"","",NA,NA,NA,NA,"false",NA,NA,"CC-BY-NC","{""{\""detectionBox\"":[0.0275975559,0.000896409154,0.979227364,0.319722533]}""}",2004409,"S03_T08",151.7402583,-32.24302333,"2024-07-22 00:00:00","2024-07-25 00:00:00","Other","Universal mammal bait","None",NA,2085481,"S03_T08",0,"Camera Functioning","Knee height",NA,"Parallel",NA,NA,NA,NA,"Site_03",NA,NA,NA,NA,NA,NA,2024-07-25 01:52:00,363,6,0.1,0
2004409,"S03_T08_2024","193c7078-3d4f-48eb-9303-07d443caa435","Site03__2024_site3_trap_8__2024-07-25__02-11-35(1).JPG","gs://145625598251_2004409_606_usyd_tfe_2022__main/deployment/2310254/prod/directUpload/193c7078-3d4f-48eb-9303-07d443caa435.JPG",0,"Aaron Greenville","3afdd398-39f2-430c-9301-74659d81044e","Mammalia","Diprotodontia","Macropodidae","Wallabia","bicolor","Swamp Wallaby",NA,"2024-07-25 02:11:35",1,"","",NA,NA,NA,NA,"false",NA,NA,"CC-BY-NC","{""{\""detectionBox\"":[0.0904793218,0.00145056844,0.985993326,0.361637324]}""}",2004409,"S03_T08",151.7402583,-32.24302333,"2024-07-22 00:00:00","2024-07-25 00:00:00","Other","Universal mammal bait","None",NA,2085481,"S03_T08",0,"Camera Functioning","Knee height",NA,"Parallel",NA,NA,NA,NA,"Site_03",NA,NA,NA,NA,NA,NA,2024-07-25 02:11:35,1175,20,0.3,0
2004409,"S03_T08_2024","c9441887-e010-44c2-b625-f8512de157e6","Site03__2024_site3_trap_8__2024-07-25__02-17-43(1).JPG","gs://145625598251_2004409_606_usyd_tfe_2022__main/deployment/2310254/prod/directUpload/c9441887-e010-44c2-b625-f8512de157e6.JPG",0,"Aaron Greenville","3afdd398-39f2-430c-9301-74659d81044e","Mammalia","Diprotodontia","Macropodidae","Wallabia","bicolor","Swamp Wallaby",NA,"2024-07-25 02:17:43",1,"","",NA,NA,NA,NA,"false",NA,NA,"CC-BY-NC","",2004409,"S03_T08",151.7402583,-32.24302333,"2024-07-22 00:00:00","2024-07-25 00:00:00","Other","Universal mammal bait","None",NA,2085481,"S03_T08",0,"Camera Functioning","Knee height",NA,"Parallel",NA,NA,NA,NA,"Site_03",NA,NA,NA,NA,NA,NA,2024-07-25 02:17:43,368,6,0.1,0
2004409,"S03_T08_2024","2b03d598-c242-4933-8bfd-bc1598ae2fb1","Site03__2024_site3_trap_8__2024-07-25__02-24-06(1).JPG","gs://145625598251_2004409_606_usyd_tfe_2022__main/deployment/2310254/prod/directUpload/2b03d598-c242-4933-8bfd-bc1598ae2fb1.JPG",0,"Aaron Greenville","3afdd398-39f2-430c-9301-74659d81044e","Mammalia","Diprotodontia","Macropodidae","Wallabia","bicolor","Swamp Wallaby",NA,"2024-07-25 02:24:06",1,"","",NA,NA,NA,NA,"false",NA,NA,"CC-BY-NC","",2004409,"S03_T08",151.7402583,-32.24302333,"2024-07-22 00:00:00","2024-07-25 00:00:00","Other","Universal mammal bait","None",NA,2085481,"S03_T08",0,"Camera Functioning","Knee height",NA,"Parallel",NA,NA,NA,NA,"Site_03",NA,NA,NA,NA,NA,NA,2024-07-25 02:24:06,383,6,0.1,0
2004409,"S03_T08_2024","3829afd5-4bbd-419b-ab6e-baf9570f47fa","Site03__2024_site3_trap_8__2024-07-25__02-29-18(1).JPG","gs://145625598251_2004409_606_usyd_tfe_2022__main/deployment/2310254/prod/directUpload/3829afd5-4bbd-419b-ab6e-baf9570f47fa.JPG",0,"Aaron Greenville","3afdd398-39f2-430c-9301-74659d81044e","Mammalia","Diprotodontia","Macropodidae","Wallabia","bicolor","Swamp Wallaby",NA,"2024-07-25 02:29:18",1,"","",NA,NA,NA,NA,"false",NA,NA,"CC-BY-NC","{""{\""detectionBox\"":[0.361135364,0.00195975602,0.976418912,0.310847223]}""}",2004409,"S03_T08",151.7402583,-32.24302333,"2024-07-22 00:00:00","2024-07-25 00:00:00","Other","Universal mammal bait","None",NA,2085481,"S03_T08",0,"Camera Functioning","Knee height",NA,"Parallel",NA,NA,NA,NA,"Site_03",NA,NA,NA,NA,NA,NA,2024-07-25 02:29:18,312,5,0.1,0
2004409,"S03_T08_2024","350ab138-a457-4f5f-b4e5-e5bf5bebf23b","Site03__2024_site3_trap_8__2024-07-25__02-35-08(1).JPG","gs://145625598251_2004409_606_usyd_tfe_2022__main/deployment/2310254/prod/directUpload/350ab138-a457-4f5f-b4e5-e5bf5bebf23b.JPG",0,"Aaron Greenville","3afdd398-39f2-430c-9301-74659d81044e","Mammalia","Diprotodontia","Macropodidae","Wallabia","bicolor","Swamp Wallaby",NA,"2024-07-25 02:35:08",1,"","",NA,NA,NA,NA,"false",NA,NA,"CC-BY-NC","{""{\""detectionBox\"":[0.166646153,0.000230193138,0.974968731,0.285418957]}""}",2004409,"S03_T08",151.7402583,-32.24302333,"2024-07-22 00:00:00","2024-07-25 00:00:00","Other","Universal mammal bait","None",NA,2085481,"S03_T08",0,"Camera Functioning","Knee height",NA,"Parallel",NA,NA,NA,NA,"Site_03",NA,NA,NA,NA,NA,NA,2024-07-25 02:35:08,350,6,0.1,0
2004409,"S03_T08_2024","cec61681-2022-4179-b6c8-7e219ca663bd","Site03__2024_site3_trap_8__2024-07-25__02-51-02(1).JPG","gs://145625598251_2004409_606_usyd_tfe_2022__main/deployment/2310254/prod/directUpload/cec61681-2022-4179-b6c8-7e219ca663bd.JPG",0,"Aaron Greenville","3afdd398-39f2-430c-9301-74659d81044e","Mammalia","Diprotodontia","Macropodidae","Wallabia","bicolor","Swamp Wallaby",NA,"2024-07-25 02:51:02",1,"","",NA,NA,NA,NA,"false",NA,NA,"CC-BY-NC","{""{\""detectionBox\"":[0.278015822,0.00536763668,0.975970745,0.563238144]}""}",2004409,"S03_T08",151.7402583,-32.24302333,"2024-07-22 00:00:00","2024-07-25 00:00:00","Other","Universal mammal bait","None",NA,2085481,"S03_T08",0,"Camera Functioning","Knee height",NA,"Parallel",NA,NA,NA,NA,"Site_03",NA,NA,NA,NA,NA,NA,2024-07-25 02:51:02,954,16,0.3,0
2004409,"S03_T08_2024","eb5b1a40-87cf-4b6e-b328-7bcd74b74023","Site03__2024_site3_trap_8__2024-07-25__02-57-51(1).JPG","gs://145625598251_2004409_606_usyd_tfe_2022__main/deployment/2310254/prod/directUpload/eb5b1a40-87cf-4b6e-b328-7bcd74b74023.JPG",0,"Aaron Greenville","3afdd398-39f2-430c-9301-74659d81044e","Mammalia","Diprotodontia","Macropodidae","Wallabia","bicolor","Swamp Wallaby",NA,"2024-07-25 02:57:51",1,"","",NA,NA,NA,NA,"false",NA,NA,"CC-BY-NC","",2004409,"S03_T08",151.7402583,-32.24302333,"2024-07-22 00:00:00","2024-07-25 00:00:00","Other","Universal mammal bait","None",NA,2085481,"S03_T08",0,"Camera Functioning","Knee height",NA,"Parallel",NA,NA,NA,NA,"Site_03",NA,NA,NA,NA,NA,NA,2024-07-25 02:57:51,409,7,0.1,0
2004409,"S03_T08_2024","3177f6ea-1c31-444c-9319-36515bb84e93","Site03__2024_site3_trap_8__2024-07-25__03-04-48(1).JPG","gs://145625598251_2004409_606_usyd_tfe_2022__main/deployment/2310254/prod/directUpload/3177f6ea-1c31-444c-9319-36515bb84e93.JPG",0,"Aaron Greenville","3afdd398-39f2-430c-9301-74659d81044e","Mammalia","Diprotodontia","Macropodidae","Wallabia","bicolor","Swamp Wallaby",NA,"2024-07-25 03:04:48",1,"","",NA,NA,NA,NA,"false",NA,NA,"CC-BY-NC","",2004409,"S03_T08",151.7402583,-32.24302333,"2024-07-22 00:00:00","2024-07-25 00:00:00","Other","Universal mammal bait","None",NA,2085481,"S03_T08",0,"Camera Functioning","Knee height",NA,"Parallel",NA,NA,NA,NA,"Site_03",NA,NA,NA,NA,NA,NA,2024-07-25 03:04:48,417,7,0.1,0
2004409,"S03_T08_2024","e4919e87-8ec4-43a6-9eac-82eb33d104a6","Site03__2024_site3_trap_8__2024-07-25__03-10-35(1).JPG","gs://145625598251_2004409_606_usyd_tfe_2022__main/deployment/2310254/prod/directUpload/e4919e87-8ec4-43a6-9eac-82eb33d104a6.JPG",0,"Aaron Greenville","3afdd398-39f2-430c-9301-74659d81044e","Mammalia","Diprotodontia","Macropodidae","Wallabia","bicolor","Swamp Wallaby",NA,"2024-07-25 03:10:35",1,"","",NA,NA,NA,NA,"false",NA,NA,"CC-BY-NC","{""{\""detectionBox\"":[0.0196007211,0,0.985880196,0.392463088]}""}",2004409,"S03_T08",151.7402583,-32.24302333,"2024-07-22 00:00:00","2024-07-25 00:00:00","Other","Universal mammal bait","None",NA,2085481,"S03_T08",0,"Camera Functioning","Knee height",NA,"Parallel",NA,NA,NA,NA,"Site_03",NA,NA,NA,NA,NA,NA,2024-07-25 03:10:35,347,6,0.1,0
2004409,"S03_T08_2024","903cb97b-ff3e-403f-9dd7-ccbf2c3ec6a1","Site03__2024_site3_trap_8__2024-07-25__03-20-58(1).JPG","gs://145625598251_2004409_606_usyd_tfe_2022__main/deployment/2310254/prod/directUpload/903cb97b-ff3e-403f-9dd7-ccbf2c3ec6a1.JPG",0,"Aaron Greenville","3afdd398-39f2-430c-9301-74659d81044e","Mammalia","Diprotodontia","Macropodidae","Wallabia","bicolor","Swamp Wallaby",NA,"2024-07-25 03:20:58",1,"","",NA,NA,NA,NA,"false",NA,NA,"CC-BY-NC","{""{\""detectionBox\"":[0.319218099,0.00105419755,0.978919148,0.356684446]}""}",2004409,"S03_T08",151.7402583,-32.24302333,"2024-07-22 00:00:00","2024-07-25 00:00:00","Other","Universal mammal bait","None",NA,2085481,"S03_T08",0,"Camera Functioning","Knee height",NA,"Parallel",NA,NA,NA,NA,"Site_03",NA,NA,NA,NA,NA,NA,2024-07-25 03:20:58,623,10,0.2,0
2004409,"S03_T08_2024","d2754b0c-7847-4416-adb3-42766c4e7aa4","Site03__2024_site3_trap_8__2024-07-23__23-46-01(1).JPG","gs://145625598251_2004409_606_usyd_tfe_2022__main/deployment/2310254/prod/directUpload/d2754b0c-7847-4416-adb3-42766c4e7aa4.JPG",0,"Aidan Lowe","0b4734a4-4a91-43c4-83fa-f7b9f4e2c741","Mammalia","Diprotodontia","Phalangeridae","Trichosurus","","Trichosurus Species",NA,"2024-07-23 23:46:01",1,"","",NA,NA,NA,NA,"false",NA,NA,"CC-BY-NC","{""{\""detectionBox\"":[0.0238292068,0.238237411,0.644215584,0.537637472]}""}",2004409,"S03_T08",151.7402583,-32.24302333,"2024-07-22 00:00:00","2024-07-25 00:00:00","Other","Universal mammal bait","None",NA,2085481,"S03_T08",0,"Camera Functioning","Knee height",NA,"Parallel",NA,NA,NA,NA,"Site_03",NA,NA,NA,NA,NA,NA,2024-07-23 23:46:01,0,0,0,0
2004409,"S03_T10_2024","d6e050e9-6a7a-416e-80b3-c3271fce7022","Site03__2024_site3_trap_10__2024-07-24__03-25-15(1).JPG","gs://145625598251_2004409_606_usyd_tfe_2022__main/deployment/2310255/prod/directUpload/d6e050e9-6a7a-416e-80b3-c3271fce7022.JPG",0,"Miriam Poyitt","f97e5485-9bda-4eeb-83a3-d65ba57f410c","Mammalia","Rodentia","Muridae","Rattus","fuscipes","Bush Rat",NA,"2024-07-24 03:25:15",1,"","",NA,NA,NA,NA,"false",NA,NA,"CC-BY-NC","",2004409,"S03_T10",151.7401233,-32.24303167,"2024-07-22 00:00:00","2024-07-25 00:00:00","Other","Universal mammal bait","None",NA,2085482,"S03_T10",0,"Camera Functioning","Knee height",NA,"Parallel",NA,NA,NA,NA,"Site_03",NA,NA,NA,NA,NA,NA,2024-07-24 03:25:15,0,0,0,0
2004409,"S03_T10_2024","189804bc-c7a9-4fb8-8d42-c83d6c174fff","Site03__2024_site3_trap_10__2024-07-24__22-23-22(1).JPG","gs://145625598251_2004409_606_usyd_tfe_2022__main/deployment/2310255/prod/directUpload/189804bc-c7a9-4fb8-8d42-c83d6c174fff.JPG",0,"Miriam Poyitt","f97e5485-9bda-4eeb-83a3-d65ba57f410c","Mammalia","Rodentia","Muridae","Rattus","fuscipes","Bush Rat",NA,"2024-07-24 22:23:22",1,"","",NA,NA,NA,NA,"false",NA,NA,"CC-BY-NC","",2004409,"S03_T10",151.7401233,-32.24303167,"2024-07-22 00:00:00","2024-07-25 00:00:00","Other","Universal mammal bait","None",NA,2085482,"S03_T10",0,"Camera Functioning","Knee height",NA,"Parallel",NA,NA,NA,NA,"Site_03",NA,NA,NA,NA,NA,NA,2024-07-24 22:23:22,68287,1138,19,0.8
2004409,"S03_T10_2024","deaeb1b4-818c-4cc4-a0f4-9c8955a26af8","Site03__2024_site3_trap_10__2024-07-24__22-34-46(1).JPG","gs://145625598251_2004409_606_usyd_tfe_2022__main/deployment/2310255/prod/directUpload/deaeb1b4-818c-4cc4-a0f4-9c8955a26af8.JPG",0,"Miriam Poyitt","f97e5485-9bda-4eeb-83a3-d65ba57f410c","Mammalia","Rodentia","Muridae","Rattus","fuscipes","Bush Rat",NA,"2024-07-24 22:34:46",1,"","",NA,NA,NA,NA,"false",NA,NA,"CC-BY-NC","{""{\""detectionBox\"":[0.778568864,0.775499403,0.968302965,0.995021403]}""}",2004409,"S03_T10",151.7401233,-32.24303167,"2024-07-22 00:00:00","2024-07-25 00:00:00","Other","Universal mammal bait","None",NA,2085482,"S03_T10",0,"Camera Functioning","Knee height",NA,"Parallel",NA,NA,NA,NA,"Site_03",NA,NA,NA,NA,NA,NA,2024-07-24 22:34:46,684,11,0.2,0
2004409,"S03_T10_2024","f57b43b1-a673-4eca-a4c9-b1121922adc6","Site03__2024_site3_trap_10__2024-07-22__14-48-39(1).JPG","gs://145625598251_2004409_606_usyd_tfe_2022__main/deployment/2310255/prod/directUpload/f57b43b1-a673-4eca-a4c9-b1121922adc6.JPG",0,"Miriam Poyitt","78af66bc-7397-4d14-b1ae-8fb5f2d18d00","Aves","Passeriformes","Artamidae","Strepera","graculina","Pied Currawong",NA,"2024-07-22 14:48:39",1,"","",NA,NA,NA,NA,"false",NA,NA,"CC-BY-NC","{""{\""detectionBox\"":[0.190852717,0.501642883,0.547035336,0.998010695]}""}",2004409,"S03_T10",151.7401233,-32.24303167,"2024-07-22 00:00:00","2024-07-25 00:00:00","Other","Universal mammal bait","None",NA,2085482,"S03_T10",0,"Camera Functioning","Knee height",NA,"Parallel",NA,NA,NA,NA,"Site_03",NA,NA,NA,NA,NA,NA,2024-07-22 14:48:39,0,0,0,0
2004409,"S03_T10_2024","e92b5dc3-7bc2-4dd7-875f-652db27568f9","Site03__2024_site3_trap_10__2024-07-23__01-10-24(1).JPG","gs://145625598251_2004409_606_usyd_tfe_2022__main/deployment/2310255/prod/directUpload/e92b5dc3-7bc2-4dd7-875f-652db27568f9.JPG",0,"Miriam Poyitt","e3df98de-20bf-44e2-a0a6-6fb2adc35519","Mammalia","Diprotodontia","Phalangeridae","Trichosurus","caninus","Short-eared Brushtail Possum",NA,"2024-07-23 01:10:24",1,"","",NA,NA,NA,NA,"false",NA,NA,"CC-BY-NC","",2004409,"S03_T10",151.7401233,-32.24303167,"2024-07-22 00:00:00","2024-07-25 00:00:00","Other","Universal mammal bait","None",NA,2085482,"S03_T10",0,"Camera Functioning","Knee height",NA,"Parallel",NA,NA,NA,NA,"Site_03",NA,NA,NA,NA,NA,NA,2024-07-23 01:10:24,0,0,0,0
2004409,"S03_T10_2024","8cbc3d9a-5bbc-4ca4-bf27-0c979a6d424b","Site03__2024_site3_trap_10__2024-07-23__23-51-36(1).JPG","gs://145625598251_2004409_606_usyd_tfe_2022__main/deployment/2310255/prod/directUpload/8cbc3d9a-5bbc-4ca4-bf27-0c979a6d424b.JPG",0,"Miriam Poyitt","e3df98de-20bf-44e2-a0a6-6fb2adc35519","Mammalia","Diprotodontia","Phalangeridae","Trichosurus","caninus","Short-eared Brushtail Possum",NA,"2024-07-23 23:51:36",1,"","",NA,NA,NA,NA,"false",NA,NA,"CC-BY-NC","",2004409,"S03_T10",151.7401233,-32.24303167,"2024-07-22 00:00:00","2024-07-25 00:00:00","Other","Universal mammal bait","None",NA,2085482,"S03_T10",0,"Camera Functioning","Knee height",NA,"Parallel",NA,NA,NA,NA,"Site_03",NA,NA,NA,NA,NA,NA,2024-07-23 23:51:36,81672,1361,22.7,0.9
2004409,"S03_T10_2024","e50e5c8f-0fcf-4be5-aef0-184302247f8e","Site03__2024_site3_trap_10__2024-07-24__20-56-14(1).JPG","gs://145625598251_2004409_606_usyd_tfe_2022__main/deployment/2310255/prod/directUpload/e50e5c8f-0fcf-4be5-aef0-184302247f8e.JPG",0,"Miriam Poyitt","e3df98de-20bf-44e2-a0a6-6fb2adc35519","Mammalia","Diprotodontia","Phalangeridae","Trichosurus","caninus","Short-eared Brushtail Possum",NA,"2024-07-24 20:56:14",1,"","",NA,NA,NA,NA,"false",NA,NA,"CC-BY-NC","",2004409,"S03_T10",151.7401233,-32.24303167,"2024-07-22 00:00:00","2024-07-25 00:00:00","Other","Universal mammal bait","None",NA,2085482,"S03_T10",0,"Camera Functioning","Knee height",NA,"Parallel",NA,NA,NA,NA,"Site_03",NA,NA,NA,NA,NA,NA,2024-07-24 20:56:14,75878,1265,21.1,0.9
2004409,"S03_T10_2024","1c299de1-a5a4-47e8-9324-26959c30c451","Site03__2024_site3_trap_10__2024-07-24__23-05-20(1).JPG","gs://145625598251_2004409_606_usyd_tfe_2022__main/deployment/2310255/prod/directUpload/1c299de1-a5a4-47e8-9324-26959c30c451.JPG",0,"Miriam Poyitt","e3df98de-20bf-44e2-a0a6-6fb2adc35519","Mammalia","Diprotodontia","Phalangeridae","Trichosurus","caninus","Short-eared Brushtail Possum",NA,"2024-07-24 23:05:20",1,"","",NA,NA,NA,NA,"false",NA,NA,"CC-BY-NC","{""{\""detectionBox\"":[0.019491069,0.339093924,0.961644828,0.996392846]}""}",2004409,"S03_T10",151.7401233,-32.24303167,"2024-07-22 00:00:00","2024-07-25 00:00:00","Other","Universal mammal bait","None",NA,2085482,"S03_T10",0,"Camera Functioning","Knee height",NA,"Parallel",NA,NA,NA,NA,"Site_03",NA,NA,NA,NA,NA,NA,2024-07-24 23:05:20,7746,129,2.1,0.1
2004409,"S03_T10_2024","01fe78ab-b639-45ca-8e7f-2d500b79595f","Site03__2024_site3_trap_10__2024-07-25__04-37-00(1).JPG","gs://145625598251_2004409_606_usyd_tfe_2022__main/deployment/2310255/prod/directUpload/01fe78ab-b639-45ca-8e7f-2d500b79595f.JPG",0,"Miriam Poyitt","e3df98de-20bf-44e2-a0a6-6fb2adc35519","Mammalia","Diprotodontia","Phalangeridae","Trichosurus","caninus","Short-eared Brushtail Possum",NA,"2024-07-25 04:37:00",1,"","",NA,NA,NA,NA,"false",NA,NA,"CC-BY-NC","",2004409,"S03_T10",151.7401233,-32.24303167,"2024-07-22 00:00:00","2024-07-25 00:00:00","Other","Universal mammal bait","None",NA,2085482,"S03_T10",0,"Camera Functioning","Knee height",NA,"Parallel",NA,NA,NA,NA,"Site_03",NA,NA,NA,NA,NA,NA,2024-07-25 04:37:00,19900,332,5.5,0.2
2004409,"S03_T10_2024","6585de55-cfdf-4ceb-afe1-37dbeb4df056","Site03__2024_site3_trap_10__2024-07-24__03-24-44(1).JPG","gs://145625598251_2004409_606_usyd_tfe_2022__main/deployment/2310255/prod/directUpload/6585de55-cfdf-4ceb-afe1-37dbeb4df056.JPG",0,"Miriam Poyitt","d8cabc3b-7bbe-45b0-b9a9-600e114d189b","Mammalia","","","","","Small Mammal",NA,"2024-07-24 03:24:44",1,"","",NA,NA,NA,NA,"false",NA,NA,"CC-BY-NC","",2004409,"S03_T10",151.7401233,-32.24303167,"2024-07-22 00:00:00","2024-07-25 00:00:00","Other","Universal mammal bait","None",NA,2085482,"S03_T10",0,"Camera Functioning","Knee height",NA,"Parallel",NA,NA,NA,NA,"Site_03",NA,NA,NA,NA,NA,NA,2024-07-24 03:24:44,0,0,0,0
2004409,"S03_T18_2024","ffbd5e05-4b16-4e2c-a1be-60646a06f84c","2024_site3_trap_18__2024-07-22__16-48-07(1).JPG","gs://145625598251_2004409_606_usyd_tfe_2022__main/deployment/2310259/prod/directUpload/ffbd5e05-4b16-4e2c-a1be-60646a06f84c.JPG",0,"Grace Heemstra","6e975946-43db-40cf-a4bb-2977319097a1","Mammalia","Dasyuromorphia","Dasyuridae","Antechinus","","Antechinus Species",NA,"2024-07-22 16:48:07",1,"","",NA,NA,NA,NA,"false",NA,NA,"CC-BY-NC","{""{\""detectionBox\"":[0.563892365,0.310663074,0.760435581,0.448190659]}""}",2004409,"S03_T18",151.74005,-32.24221667,"2024-07-22 00:00:00","2024-07-25 00:00:00","Other","Universal mammal bait","None",NA,2085486,"S03_T18",0,"Camera Functioning","Knee height",NA,"Parallel",NA,NA,NA,NA,"Site_03",NA,NA,NA,NA,NA,NA,2024-07-22 16:48:07,0,0,0,0
2004409,"S03_T18_2024","02f66d87-8169-4d64-81b8-c27ea3d19bcf","2024_site3_trap_18__2024-07-23__19-56-22(1).JPG","gs://145625598251_2004409_606_usyd_tfe_2022__main/deployment/2310259/prod/directUpload/02f66d87-8169-4d64-81b8-c27ea3d19bcf.JPG",0,"Aaron Greenville","6e975946-43db-40cf-a4bb-2977319097a1","Mammalia","Dasyuromorphia","Dasyuridae","Antechinus","","Antechinus Species",NA,"2024-07-23 19:56:22",1,"","",NA,NA,NA,NA,"false",NA,NA,"CC-BY-NC","",2004409,"S03_T18",151.74005,-32.24221667,"2024-07-22 00:00:00","2024-07-25 00:00:00","Other","Universal mammal bait","None",NA,2085486,"S03_T18",0,"Camera Functioning","Knee height",NA,"Parallel",NA,NA,NA,NA,"Site_03",NA,NA,NA,NA,NA,NA,2024-07-23 19:56:22,97695,1628,27.1,1.1
2004409,"S03_T18_2024","0cbbc31f-0bcd-4be3-8615-92a02590984d","2024_site3_trap_18__2024-07-24__18-10-18(1).JPG","gs://145625598251_2004409_606_usyd_tfe_2022__main/deployment/2310259/prod/directUpload/0cbbc31f-0bcd-4be3-8615-92a02590984d.JPG",0,"Grace Heemstra","6e975946-43db-40cf-a4bb-2977319097a1","Mammalia","Dasyuromorphia","Dasyuridae","Antechinus","","Antechinus Species",NA,"2024-07-24 18:10:18",1,"","",NA,NA,NA,NA,"false",NA,NA,"CC-BY-NC","{""{\""detectionBox\"":[0.669365048,0.000207962468,0.849811554,0.056532152]}""}",2004409,"S03_T18",151.74005,-32.24221667,"2024-07-22 00:00:00","2024-07-25 00:00:00","Other","Universal mammal bait","None",NA,2085486,"S03_T18",0,"Camera Functioning","Knee height",NA,"Parallel",NA,NA,NA,NA,"Site_03",NA,NA,NA,NA,NA,NA,2024-07-24 18:10:18,80036,1334,22.2,0.9
2004409,"S03_T18_2024","e288f87f-bbdf-41e5-9702-f8fe60057efd","2024_site3_trap_18__2024-07-24__18-42-59(1).JPG","gs://145625598251_2004409_606_usyd_tfe_2022__main/deployment/2310259/prod/directUpload/e288f87f-bbdf-41e5-9702-f8fe60057efd.JPG",0,"Grace Heemstra","6e975946-43db-40cf-a4bb-2977319097a1","Mammalia","Dasyuromorphia","Dasyuridae","Antechinus","","Antechinus Species",NA,"2024-07-24 18:42:59",1,"","",NA,NA,NA,NA,"false",NA,NA,"CC-BY-NC","",2004409,"S03_T18",151.74005,-32.24221667,"2024-07-22 00:00:00","2024-07-25 00:00:00","Other","Universal mammal bait","None",NA,2085486,"S03_T18",0,"Camera Functioning","Knee height",NA,"Parallel",NA,NA,NA,NA,"Site_03",NA,NA,NA,NA,NA,NA,2024-07-24 18:42:59,1961,33,0.6,0
2004409,"S03_T18_2024","3641b778-b9eb-4dad-8802-d880d4edd332","2024_site3_trap_18__2024-07-24__18-56-56(4).JPG","gs://145625598251_2004409_606_usyd_tfe_2022__main/deployment/2310259/prod/directUpload/3641b778-b9eb-4dad-8802-d880d4edd332.JPG",0,"Grace Heemstra","6e975946-43db-40cf-a4bb-2977319097a1","Mammalia","Dasyuromorphia","Dasyuridae","Antechinus","","Antechinus Species",NA,"2024-07-24 18:56:56",1,"","",NA,NA,NA,NA,"false",NA,NA,"CC-BY-NC","",2004409,"S03_T18",151.74005,-32.24221667,"2024-07-22 00:00:00","2024-07-25 00:00:00","Other","Universal mammal bait","None",NA,2085486,"S03_T18",0,"Camera Functioning","Knee height",NA,"Parallel",NA,NA,NA,NA,"Site_03",NA,NA,NA,NA,NA,NA,2024-07-24 18:56:56,837,14,0.2,0
2004409,"S03_T18_2024","36b95735-ed94-44a9-8735-4ce0de0a7bb4","2024_site3_trap_18__2024-07-25__00-47-23(1).JPG","gs://145625598251_2004409_606_usyd_tfe_2022__main/deployment/2310259/prod/directUpload/36b95735-ed94-44a9-8735-4ce0de0a7bb4.JPG",0,"Grace Heemstra","6e975946-43db-40cf-a4bb-2977319097a1","Mammalia","Dasyuromorphia","Dasyuridae","Antechinus","","Antechinus Species",NA,"2024-07-25 00:47:23",1,"","",NA,NA,NA,NA,"false",NA,NA,"CC-BY-NC","{""{\""detectionBox\"":[0.456742525,0.32966581,0.571333647,0.404445559]}""}",2004409,"S03_T18",151.74005,-32.24221667,"2024-07-22 00:00:00","2024-07-25 00:00:00","Other","Universal mammal bait","None",NA,2085486,"S03_T18",0,"Camera Functioning","Knee height",NA,"Parallel",NA,NA,NA,NA,"Site_03",NA,NA,NA,NA,NA,NA,2024-07-25 00:47:23,21027,350,5.8,0.2
2004409,"S03_T18_2024","4cca6bc5-24bf-4c3f-8227-b432be694d3f","2024_site3_trap_18__2024-07-25__02-07-18(1).JPG","gs://145625598251_2004409_606_usyd_tfe_2022__main/deployment/2310259/prod/directUpload/4cca6bc5-24bf-4c3f-8227-b432be694d3f.JPG",0,"Grace Heemstra","6e975946-43db-40cf-a4bb-2977319097a1","Mammalia","Dasyuromorphia","Dasyuridae","Antechinus","","Antechinus Species",NA,"2024-07-25 02:07:18",1,"","",NA,NA,NA,NA,"false",NA,NA,"CC-BY-NC","{""{\""detectionBox\"":[0.537210584,0.213154078,0.732328057,0.324970841]}""}",2004409,"S03_T18",151.74005,-32.24221667,"2024-07-22 00:00:00","2024-07-25 00:00:00","Other","Universal mammal bait","None",NA,2085486,"S03_T18",0,"Camera Functioning","Knee height",NA,"Parallel",NA,NA,NA,NA,"Site_03",NA,NA,NA,NA,NA,NA,2024-07-25 02:07:18,4795,80,1.3,0.1
2004409,"S03_T18_2024","9f6147bd-c715-4f49-997e-1519158ebcdf","2024_site3_trap_18__2024-07-25__02-42-35(4).JPG","gs://145625598251_2004409_606_usyd_tfe_2022__main/deployment/2310259/prod/directUpload/9f6147bd-c715-4f49-997e-1519158ebcdf.JPG",0,"Grace Heemstra","6e975946-43db-40cf-a4bb-2977319097a1","Mammalia","Dasyuromorphia","Dasyuridae","Antechinus","","Antechinus Species",NA,"2024-07-25 02:42:35",1,"","",NA,NA,NA,NA,"false",NA,NA,"CC-BY-NC","{""{\""detectionBox\"":[0.523102522,0.205365703,0.718319297,0.301188141]}""}",2004409,"S03_T18",151.74005,-32.24221667,"2024-07-22 00:00:00","2024-07-25 00:00:00","Other","Universal mammal bait","None",NA,2085486,"S03_T18",0,"Camera Functioning","Knee height",NA,"Parallel",NA,NA,NA,NA,"Site_03",NA,NA,NA,NA,NA,NA,2024-07-25 02:42:35,2117,35,0.6,0
2004409,"S03_T18_2024","d544bea9-9973-4f84-a29e-9b0ec6cd5b44","2024_site3_trap_18__2024-07-25__05-35-40(1).JPG","gs://145625598251_2004409_606_usyd_tfe_2022__main/deployment/2310259/prod/directUpload/d544bea9-9973-4f84-a29e-9b0ec6cd5b44.JPG",0,"Grace Heemstra","6e975946-43db-40cf-a4bb-2977319097a1","Mammalia","Dasyuromorphia","Dasyuridae","Antechinus","","Antechinus Species",NA,"2024-07-25 05:35:40",1,"","",NA,NA,NA,NA,"false",NA,NA,"CC-BY-NC","",2004409,"S03_T18",151.74005,-32.24221667,"2024-07-22 00:00:00","2024-07-25 00:00:00","Other","Universal mammal bait","None",NA,2085486,"S03_T18",0,"Camera Functioning","Knee height",NA,"Parallel",NA,NA,NA,NA,"Site_03",NA,NA,NA,NA,NA,NA,2024-07-25 05:35:40,10385,173,2.9,0.1
2004409,"S03_T18_2024","54bfc31b-e67e-477a-90e7-3ecc34a46543","2024_site3_trap_18__2024-07-25__06-01-07(1).JPG","gs://145625598251_2004409_606_usyd_tfe_2022__main/deployment/2310259/prod/directUpload/54bfc31b-e67e-477a-90e7-3ecc34a46543.JPG",0,"Grace Heemstra","6e975946-43db-40cf-a4bb-2977319097a1","Mammalia","Dasyuromorphia","Dasyuridae","Antechinus","","Antechinus Species",NA,"2024-07-25 06:01:07",1,"","",NA,NA,NA,NA,"false",NA,NA,"CC-BY-NC","",2004409,"S03_T18",151.74005,-32.24221667,"2024-07-22 00:00:00","2024-07-25 00:00:00","Other","Universal mammal bait","None",NA,2085486,"S03_T18",0,"Camera Functioning","Knee height",NA,"Parallel",NA,NA,NA,NA,"Site_03",NA,NA,NA,NA,NA,NA,2024-07-25 06:01:07,1527,25,0.4,0
2004409,"S03_T18_2024","c54022cd-e776-428d-95c6-4fd6fc8296d4","2024_site3_trap_18__2024-07-25__06-26-40(1).JPG","gs://145625598251_2004409_606_usyd_tfe_2022__main/deployment/2310259/prod/directUpload/c54022cd-e776-428d-95c6-4fd6fc8296d4.JPG",0,"Grace Heemstra","6e975946-43db-40cf-a4bb-2977319097a1","Mammalia","Dasyuromorphia","Dasyuridae","Antechinus","","Antechinus Species",NA,"2024-07-25 06:26:40",1,"","",NA,NA,NA,NA,"false",NA,NA,"CC-BY-NC","{""{\""detectionBox\"":[0.47492674,0.295811206,0.593692064,0.382588774]}""}",2004409,"S03_T18",151.74005,-32.24221667,"2024-07-22 00:00:00","2024-07-25 00:00:00","Other","Universal mammal bait","None",NA,2085486,"S03_T18",0,"Camera Functioning","Knee height",NA,"Parallel",NA,NA,NA,NA,"Site_03",NA,NA,NA,NA,NA,NA,2024-07-25 06:26:40,1533,26,0.4,0
2004409,"S03_T18_2024","36d85774-eaf0-4f6e-b53c-ea4a8a6c8e61","2024_site3_trap_18__2024-07-24__16-15-42(1).JPG","gs://145625598251_2004409_606_usyd_tfe_2022__main/deployment/2310259/prod/directUpload/36d85774-eaf0-4f6e-b53c-ea4a8a6c8e61.JPG",0,"Grace Heemstra","44e634c2-78f9-4183-9e00-33f36a4a141e","Aves","Passeriformes","Petroicidae","Eopsaltria","australis","Eastern Yellow Robin",NA,"2024-07-24 16:15:42",1,"","",NA,NA,NA,NA,"false",NA,NA,"CC-BY-NC","{""{\""detectionBox\"":[0.138536334,0.143613473,0.360922724,0.297227442]}""}",2004409,"S03_T18",151.74005,-32.24221667,"2024-07-22 00:00:00","2024-07-25 00:00:00","Other","Universal mammal bait","None",NA,2085486,"S03_T18",0,"Camera Functioning","Knee height",NA,"Parallel",NA,NA,NA,NA,"Site_03",NA,NA,NA,NA,NA,NA,2024-07-24 16:15:42,0,0,0,0
2004409,"S03_T18_2024","45f58329-039d-4b23-9f13-f2162dedf86e","2024_site3_trap_18__2024-07-24__08-46-43(1).JPG","gs://145625598251_2004409_606_usyd_tfe_2022__main/deployment/2310259/prod/directUpload/45f58329-039d-4b23-9f13-f2162dedf86e.JPG",0,"Grace Heemstra","78af66bc-7397-4d14-b1ae-8fb5f2d18d00","Aves","Passeriformes","Artamidae","Strepera","graculina","Pied Currawong",NA,"2024-07-24 08:46:43",1,"","",NA,NA,NA,NA,"false",NA,NA,"CC-BY-NC","{""{\""detectionBox\"":[0.578714848,0.764306128,0.97414279,0.998576105]}""}",2004409,"S03_T18",151.74005,-32.24221667,"2024-07-22 00:00:00","2024-07-25 00:00:00","Other","Universal mammal bait","None",NA,2085486,"S03_T18",0,"Camera Functioning","Knee height",NA,"Parallel",NA,NA,NA,NA,"Site_03",NA,NA,NA,NA,NA,NA,2024-07-24 08:46:43,0,0,0,0
2004409,"S03_T18_2024","84c670ca-ce6d-4182-9bb6-118f2fcbc370","2024_site3_trap_18__2024-07-22__19-20-41(1).JPG","gs://145625598251_2004409_606_usyd_tfe_2022__main/deployment/2310259/prod/directUpload/84c670ca-ce6d-4182-9bb6-118f2fcbc370.JPG",0,"Grace Heemstra","00049ff0-2ffa-4d82-8cf3-c861fbbfa9d5","Mammalia","Rodentia","Muridae","Rattus","","Rattus Species",NA,"2024-07-22 19:20:41",1,"","",NA,NA,NA,NA,"false",NA,NA,"CC-BY-NC","{""{\""detectionBox\"":[0.477411836,0.243505031,0.620170295,0.381803304]}""}",2004409,"S03_T18",151.74005,-32.24221667,"2024-07-22 00:00:00","2024-07-25 00:00:00","Other","Universal mammal bait","None",NA,2085486,"S03_T18",0,"Camera Functioning","Knee height",NA,"Parallel",NA,NA,NA,NA,"Site_03",NA,NA,NA,NA,NA,NA,2024-07-22 19:20:41,0,0,0,0
2004409,"S03_T18_2024","122f1456-48e8-4d83-a66d-8e1bb4b7fb69","2024_site3_trap_18__2024-07-22__19-25-42(1).JPG","gs://145625598251_2004409_606_usyd_tfe_2022__main/deployment/2310259/prod/directUpload/122f1456-48e8-4d83-a66d-8e1bb4b7fb69.JPG",0,"Grace Heemstra","00049ff0-2ffa-4d82-8cf3-c861fbbfa9d5","Mammalia","Rodentia","Muridae","Rattus","","Rattus Species",NA,"2024-07-22 19:25:42",1,"","",NA,NA,NA,NA,"false",NA,NA,"CC-BY-NC","{""{\""detectionBox\"":[0.459359199,0.303651541,0.583779871,0.394800693]}""}",2004409,"S03_T18",151.74005,-32.24221667,"2024-07-22 00:00:00","2024-07-25 00:00:00","Other","Universal mammal bait","None",NA,2085486,"S03_T18",0,"Camera Functioning","Knee height",NA,"Parallel",NA,NA,NA,NA,"Site_03",NA,NA,NA,NA,NA,NA,2024-07-22 19:25:42,301,5,0.1,0
2004409,"S03_T18_2024","01a7a71d-b1eb-47c3-b172-86199daebf65","2024_site3_trap_18__2024-07-24__20-47-10(1).JPG","gs://145625598251_2004409_606_usyd_tfe_2022__main/deployment/2310259/prod/directUpload/01a7a71d-b1eb-47c3-b172-86199daebf65.JPG",0,"Grace Heemstra","00049ff0-2ffa-4d82-8cf3-c861fbbfa9d5","Mammalia","Rodentia","Muridae","Rattus","","Rattus Species",NA,"2024-07-24 20:47:10",1,"","",NA,NA,NA,NA,"false",NA,NA,"CC-BY-NC","{""{\""detectionBox\"":[0.435977787,0.236535668,0.614386857,0.403969526]}""}",2004409,"S03_T18",151.74005,-32.24221667,"2024-07-22 00:00:00","2024-07-25 00:00:00","Other","Universal mammal bait","None",NA,2085486,"S03_T18",0,"Camera Functioning","Knee height",NA,"Parallel",NA,NA,NA,NA,"Site_03",NA,NA,NA,NA,NA,NA,2024-07-24 20:47:10,177688,2961,49.4,2.1
2004409,"S03_T18_2024","c3019452-63d1-4b0b-ae08-7229c25fceea","2024_site3_trap_18__2024-07-24__20-57-10(1).JPG","gs://145625598251_2004409_606_usyd_tfe_2022__main/deployment/2310259/prod/directUpload/c3019452-63d1-4b0b-ae08-7229c25fceea.JPG",0,"Grace Heemstra","00049ff0-2ffa-4d82-8cf3-c861fbbfa9d5","Mammalia","Rodentia","Muridae","Rattus","","Rattus Species",NA,"2024-07-24 20:57:10",1,"","",NA,NA,NA,NA,"false",NA,NA,"CC-BY-NC","{""{\""detectionBox\"":[0.423444957,0.139761806,0.627378,0.327682674]}""}",2004409,"S03_T18",151.74005,-32.24221667,"2024-07-22 00:00:00","2024-07-25 00:00:00","Other","Universal mammal bait","None",NA,2085486,"S03_T18",0,"Camera Functioning","Knee height",NA,"Parallel",NA,NA,NA,NA,"Site_03",NA,NA,NA,NA,NA,NA,2024-07-24 20:57:10,600,10,0.2,0
2004409,"S03_T18_2024","8ac4dfd6-a46d-45b9-8463-ef2137c99279","2024_site3_trap_18__2024-07-24__21-02-15(1).JPG","gs://145625598251_2004409_606_usyd_tfe_2022__main/deployment/2310259/prod/directUpload/8ac4dfd6-a46d-45b9-8463-ef2137c99279.JPG",0,"Grace Heemstra","00049ff0-2ffa-4d82-8cf3-c861fbbfa9d5","Mammalia","Rodentia","Muridae","Rattus","","Rattus Species",NA,"2024-07-24 21:02:15",1,"","",NA,NA,NA,NA,"false",NA,NA,"CC-BY-NC","{""{\""detectionBox\"":[0.407746941,0.0038446188,0.720627725,0.268829167]}""}",2004409,"S03_T18",151.74005,-32.24221667,"2024-07-22 00:00:00","2024-07-25 00:00:00","Other","Universal mammal bait","None",NA,2085486,"S03_T18",0,"Camera Functioning","Knee height",NA,"Parallel",NA,NA,NA,NA,"Site_03",NA,NA,NA,NA,NA,NA,2024-07-24 21:02:15,305,5,0.1,0
2004409,"S03_T18_2024","9df21e2a-a7cf-4f6f-8e07-1a441f7f64e6","2024_site3_trap_18__2024-07-25__02-47-52(1).JPG","gs://145625598251_2004409_606_usyd_tfe_2022__main/deployment/2310259/prod/directUpload/9df21e2a-a7cf-4f6f-8e07-1a441f7f64e6.JPG",0,"Grace Heemstra","00049ff0-2ffa-4d82-8cf3-c861fbbfa9d5","Mammalia","Rodentia","Muridae","Rattus","","Rattus Species",NA,"2024-07-25 02:47:52",1,"","",NA,NA,NA,NA,"false",NA,NA,"CC-BY-NC","{""{\""detectionBox\"":[0.479567319,0.293080151,0.599371493,0.374550223]}""}",2004409,"S03_T18",151.74005,-32.24221667,"2024-07-22 00:00:00","2024-07-25 00:00:00","Other","Universal mammal bait","None",NA,2085486,"S03_T18",0,"Camera Functioning","Knee height",NA,"Parallel",NA,NA,NA,NA,"Site_03",NA,NA,NA,NA,NA,NA,2024-07-25 02:47:52,20737,346,5.8,0.2
2004409,"S03_T18_2024","a61ac5ba-84d3-44ea-99c3-c9f147b56882","2024_site3_trap_18__2024-07-23__12-56-53(3).JPG","gs://145625598251_2004409_606_usyd_tfe_2022__main/deployment/2310259/prod/directUpload/a61ac5ba-84d3-44ea-99c3-c9f147b56882.JPG",0,"Grace Heemstra","d8cabc3b-7bbe-45b0-b9a9-600e114d189b","Mammalia","","","","","Small Mammal",NA,"2024-07-23 12:56:53",1,"","",NA,NA,NA,NA,"false",NA,NA,"CC-BY-NC","",2004409,"S03_T18",151.74005,-32.24221667,"2024-07-22 00:00:00","2024-07-25 00:00:00","Other","Universal mammal bait","None",NA,2085486,"S03_T18",0,"Camera Functioning","Knee height",NA,"Parallel",NA,NA,NA,NA,"Site_03",NA,NA,NA,NA,NA,NA,2024-07-23 12:56:53,0,0,0,0
2004409,"S03_T18_2024","0400fe12-f168-4a4b-b993-fa08d54554a5","2024_site3_trap_18__2024-07-24__20-51-51(1).JPG","gs://145625598251_2004409_606_usyd_tfe_2022__main/deployment/2310259/prod/directUpload/0400fe12-f168-4a4b-b993-fa08d54554a5.JPG",0,"Grace Heemstra","d8cabc3b-7bbe-45b0-b9a9-600e114d189b","Mammalia","","","","","Small Mammal",NA,"2024-07-24 20:51:51",1,"","",NA,NA,NA,NA,"false",NA,NA,"CC-BY-NC","",2004409,"S03_T18",151.74005,-32.24221667,"2024-07-22 00:00:00","2024-07-25 00:00:00","Other","Universal mammal bait","None",NA,2085486,"S03_T18",0,"Camera Functioning","Knee height",NA,"Parallel",NA,NA,NA,NA,"Site_03",NA,NA,NA,NA,NA,NA,2024-07-24 20:51:51,114898,1915,31.9,1.3
2004409,"S03_T18_2024","20ca55ab-37b1-4139-b613-8c5b85db6bf7","2024_site3_trap_18__2024-07-24__08-32-40(1).JPG","gs://145625598251_2004409_606_usyd_tfe_2022__main/deployment/2310259/prod/directUpload/20ca55ab-37b1-4139-b613-8c5b85db6bf7.JPG",0,"Aaron Greenville","3afdd398-39f2-430c-9301-74659d81044e","Mammalia","Diprotodontia","Macropodidae","Wallabia","bicolor","Swamp Wallaby",NA,"2024-07-24 08:32:40",1,"","",NA,NA,NA,NA,"false",NA,NA,"CC-BY-NC","{""{\""detectionBox\"":[0.135396,0.0000484734774,0.611855268,0.405255735]}""}",2004409,"S03_T18",151.74005,-32.24221667,"2024-07-22 00:00:00","2024-07-25 00:00:00","Other","Universal mammal bait","None",NA,2085486,"S03_T18",0,"Camera Functioning","Knee height",NA,"Parallel",NA,NA,NA,NA,"Site_03",NA,NA,NA,NA,NA,NA,2024-07-24 08:32:40,0,0,0,0
2004409,"S03_T18_2024","af6bd24d-3c85-4a22-a774-3a5ce7e115ec","2024_site3_trap_18__2024-07-24__08-37-41(34).JPG","gs://145625598251_2004409_606_usyd_tfe_2022__main/deployment/2310259/prod/directUpload/af6bd24d-3c85-4a22-a774-3a5ce7e115ec.JPG",0,"Aaron Greenville","3afdd398-39f2-430c-9301-74659d81044e","Mammalia","Diprotodontia","Macropodidae","Wallabia","bicolor","Swamp Wallaby",NA,"2024-07-24 08:37:41",1,"","",NA,NA,NA,NA,"false",NA,NA,"CC-BY-NC","{""{\""detectionBox\"":[0.0154556707,0.334174782,0.986218,1]}""}",2004409,"S03_T18",151.74005,-32.24221667,"2024-07-22 00:00:00","2024-07-25 00:00:00","Other","Universal mammal bait","None",NA,2085486,"S03_T18",0,"Camera Functioning","Knee height",NA,"Parallel",NA,NA,NA,NA,"Site_03",NA,NA,NA,NA,NA,NA,2024-07-24 08:37:41,301,5,0.1,0
2004409,"S03_T20_2024","ebc9d4c1-54e6-48c2-bf93-e51059d8741e","2024_site3_trap_20__2024-07-24__14-17-56(1).JPG","gs://145625598251_2004409_606_usyd_tfe_2022__main/deployment/2310260/prod/directUpload/ebc9d4c1-54e6-48c2-bf93-e51059d8741e.JPG",0,"Grace Heemstra","6e975946-43db-40cf-a4bb-2977319097a1","Mammalia","Dasyuromorphia","Dasyuridae","Antechinus","","Antechinus Species",NA,"2024-07-24 14:17:56",1,"","",NA,NA,NA,NA,"false",NA,NA,"CC-BY-NC","",2004409,"S03_T20",151.7401333,-32.24205,"2024-07-22 00:00:00","2024-07-25 00:00:00","Other","Universal mammal bait","None",NA,2085487,"S03_T20",0,"Camera Functioning","Knee height",NA,"Parallel",NA,NA,NA,NA,"Site_03",NA,NA,NA,NA,NA,NA,2024-07-24 14:17:56,0,0,0,0
2004409,"S03_T20_2024","1fb5508e-4892-45b5-8504-eb2005db93ad","2024_site3_trap_20__2024-07-24__16-22-30(1).JPG","gs://145625598251_2004409_606_usyd_tfe_2022__main/deployment/2310260/prod/directUpload/1fb5508e-4892-45b5-8504-eb2005db93ad.JPG",0,"Grace Heemstra","6e975946-43db-40cf-a4bb-2977319097a1","Mammalia","Dasyuromorphia","Dasyuridae","Antechinus","","Antechinus Species",NA,"2024-07-24 16:22:30",1,"","",NA,NA,NA,NA,"false",NA,NA,"CC-BY-NC","",2004409,"S03_T20",151.7401333,-32.24205,"2024-07-22 00:00:00","2024-07-25 00:00:00","Other","Universal mammal bait","None",NA,2085487,"S03_T20",0,"Camera Functioning","Knee height",NA,"Parallel",NA,NA,NA,NA,"Site_03",NA,NA,NA,NA,NA,NA,2024-07-24 16:22:30,7474,125,2.1,0.1
2004409,"S03_T20_2024","546f84b5-edbc-42e8-80cc-c193fe32a5b3","2024_site3_trap_20__2024-07-25__00-00-33(1).JPG","gs://145625598251_2004409_606_usyd_tfe_2022__main/deployment/2310260/prod/directUpload/546f84b5-edbc-42e8-80cc-c193fe32a5b3.JPG",0,"Grace Heemstra","6e975946-43db-40cf-a4bb-2977319097a1","Mammalia","Dasyuromorphia","Dasyuridae","Antechinus","","Antechinus Species",NA,"2024-07-25 00:00:33",1,"","",NA,NA,NA,NA,"false",NA,NA,"CC-BY-NC","",2004409,"S03_T20",151.7401333,-32.24205,"2024-07-22 00:00:00","2024-07-25 00:00:00","Other","Universal mammal bait","None",NA,2085487,"S03_T20",0,"Camera Functioning","Knee height",NA,"Parallel",NA,NA,NA,NA,"Site_03",NA,NA,NA,NA,NA,NA,2024-07-25 00:00:33,27483,458,7.6,0.3
2004409,"S03_T20_2024","2a0943f1-a613-4dd4-ba1c-b847994a6421","2024_site3_trap_20__2024-07-25__04-56-32(1).JPG","gs://145625598251_2004409_606_usyd_tfe_2022__main/deployment/2310260/prod/directUpload/2a0943f1-a613-4dd4-ba1c-b847994a6421.JPG",0,"Grace Heemstra","6e975946-43db-40cf-a4bb-2977319097a1","Mammalia","Dasyuromorphia","Dasyuridae","Antechinus","","Antechinus Species",NA,"2024-07-25 04:56:32",1,"","",NA,NA,NA,NA,"false",NA,NA,"CC-BY-NC","",2004409,"S03_T20",151.7401333,-32.24205,"2024-07-22 00:00:00","2024-07-25 00:00:00","Other","Universal mammal bait","None",NA,2085487,"S03_T20",0,"Camera Functioning","Knee height",NA,"Parallel",NA,NA,NA,NA,"Site_03",NA,NA,NA,NA,NA,NA,2024-07-25 04:56:32,17759,296,4.9,0.2
2004409,"S03_T20_2024","79f00e43-4d8a-4b11-8587-2a400aae7f83","2024_site3_trap_20__2024-07-22__17-43-07(1).JPG","gs://145625598251_2004409_606_usyd_tfe_2022__main/deployment/2310260/prod/directUpload/79f00e43-4d8a-4b11-8587-2a400aae7f83.JPG",0,"Grace Heemstra","00049ff0-2ffa-4d82-8cf3-c861fbbfa9d5","Mammalia","Rodentia","Muridae","Rattus","","Rattus Species",NA,"2024-07-22 17:43:07",1,"","",NA,NA,NA,NA,"false",NA,NA,"CC-BY-NC","",2004409,"S03_T20",151.7401333,-32.24205,"2024-07-22 00:00:00","2024-07-25 00:00:00","Other","Universal mammal bait","None",NA,2085487,"S03_T20",0,"Camera Functioning","Knee height",NA,"Parallel",NA,NA,NA,NA,"Site_03",NA,NA,NA,NA,NA,NA,2024-07-22 17:43:07,0,0,0,0
2004409,"S03_T20_2024","18dcd50b-3249-46c3-85ca-f4b9eeb302b3","2024_site3_trap_20__2024-07-23__18-19-21(1).JPG","gs://145625598251_2004409_606_usyd_tfe_2022__main/deployment/2310260/prod/directUpload/18dcd50b-3249-46c3-85ca-f4b9eeb302b3.JPG",0,"Grace Heemstra","00049ff0-2ffa-4d82-8cf3-c861fbbfa9d5","Mammalia","Rodentia","Muridae","Rattus","","Rattus Species",NA,"2024-07-23 18:19:21",1,"","",NA,NA,NA,NA,"false",NA,NA,"CC-BY-NC","",2004409,"S03_T20",151.7401333,-32.24205,"2024-07-22 00:00:00","2024-07-25 00:00:00","Other","Universal mammal bait","None",NA,2085487,"S03_T20",0,"Camera Functioning","Knee height",NA,"Parallel",NA,NA,NA,NA,"Site_03",NA,NA,NA,NA,NA,NA,2024-07-23 18:19:21,88574,1476,24.6,1
2004409,"S03_T20_2024","6264086c-26d5-4a78-b940-cf95bf471e74","2024_site3_trap_20__2024-07-24__18-16-30(4).JPG","gs://145625598251_2004409_606_usyd_tfe_2022__main/deployment/2310260/prod/directUpload/6264086c-26d5-4a78-b940-cf95bf471e74.JPG",0,"Grace Heemstra","00049ff0-2ffa-4d82-8cf3-c861fbbfa9d5","Mammalia","Rodentia","Muridae","Rattus","","Rattus Species",NA,"2024-07-24 18:16:30",1,"","",NA,NA,NA,NA,"false",NA,NA,"CC-BY-NC","",2004409,"S03_T20",151.7401333,-32.24205,"2024-07-22 00:00:00","2024-07-25 00:00:00","Other","Universal mammal bait","None",NA,2085487,"S03_T20",0,"Camera Functioning","Knee height",NA,"Parallel",NA,NA,NA,NA,"Site_03",NA,NA,NA,NA,NA,NA,2024-07-24 18:16:30,86229,1437,24,1
2004409,"S03_T20_2024","3848cf48-f6ac-4df1-8a81-19d662f94e9e","Site04__2024_site4_trap_20__2024-07-24__18-27-51(1).JPG","gs://145625598251_2004409_606_usyd_tfe_2022__main/deployment/2310260/prod/directUpload/3848cf48-f6ac-4df1-8a81-19d662f94e9e.JPG",0,"Grace Heemstra","00049ff0-2ffa-4d82-8cf3-c861fbbfa9d5","Mammalia","Rodentia","Muridae","Rattus","","Rattus Species",NA,"2024-07-24 18:27:51",1,"","",NA,NA,NA,NA,"false",NA,NA,"CC-BY-NC","{""{\""detectionBox\"":[0.76684761,0.743265629,0.872325838,0.827006]}""}",2004409,"S03_T20",151.7401333,-32.24205,"2024-07-22 00:00:00","2024-07-25 00:00:00","Other","Universal mammal bait","None",NA,2085487,"S03_T20",0,"Camera Functioning","Knee height",NA,"Parallel",NA,NA,NA,NA,"Site_03",NA,NA,NA,NA,NA,NA,2024-07-24 18:27:51,681,11,0.2,0
2004409,"S03_T20_2024","f433e149-c6ae-46bd-99d0-1b2601cb8e63","2024_site3_trap_20__2024-07-24__19-22-48(1).JPG","gs://145625598251_2004409_606_usyd_tfe_2022__main/deployment/2310260/prod/directUpload/f433e149-c6ae-46bd-99d0-1b2601cb8e63.JPG",0,"Grace Heemstra","00049ff0-2ffa-4d82-8cf3-c861fbbfa9d5","Mammalia","Rodentia","Muridae","Rattus","","Rattus Species",NA,"2024-07-24 19:22:48",1,"","",NA,NA,NA,NA,"false",NA,NA,"CC-BY-NC","",2004409,"S03_T20",151.7401333,-32.24205,"2024-07-22 00:00:00","2024-07-25 00:00:00","Other","Universal mammal bait","None",NA,2085487,"S03_T20",0,"Camera Functioning","Knee height",NA,"Parallel",NA,NA,NA,NA,"Site_03",NA,NA,NA,NA,NA,NA,2024-07-24 19:22:48,3297,55,0.9,0
2004409,"S03_T20_2024","3350f044-6f58-42ba-a814-71388b87ef11","2024_site3_trap_20__2024-07-24__21-47-37(2).JPG","gs://145625598251_2004409_606_usyd_tfe_2022__main/deployment/2310260/prod/directUpload/3350f044-6f58-42ba-a814-71388b87ef11.JPG",0,"Grace Heemstra","00049ff0-2ffa-4d82-8cf3-c861fbbfa9d5","Mammalia","Rodentia","Muridae","Rattus","","Rattus Species",NA,"2024-07-24 21:47:37",1,"","",NA,NA,NA,NA,"false",NA,NA,"CC-BY-NC","",2004409,"S03_T20",151.7401333,-32.24205,"2024-07-22 00:00:00","2024-07-25 00:00:00","Other","Universal mammal bait","None",NA,2085487,"S03_T20",0,"Camera Functioning","Knee height",NA,"Parallel",NA,NA,NA,NA,"Site_03",NA,NA,NA,NA,NA,NA,2024-07-24 21:47:37,8689,145,2.4,0.1
2004409,"S03_T20_2024","e95c48fd-66f6-457d-bd8b-67955b6d952a","2024_site3_trap_20__2024-07-24__21-53-13(1).JPG","gs://145625598251_2004409_606_usyd_tfe_2022__main/deployment/2310260/prod/directUpload/e95c48fd-66f6-457d-bd8b-67955b6d952a.JPG",0,"Grace Heemstra","00049ff0-2ffa-4d82-8cf3-c861fbbfa9d5","Mammalia","Rodentia","Muridae","Rattus","","Rattus Species",NA,"2024-07-24 21:53:13",1,"","",NA,NA,NA,NA,"false",NA,NA,"CC-BY-NC","",2004409,"S03_T20",151.7401333,-32.24205,"2024-07-22 00:00:00","2024-07-25 00:00:00","Other","Universal mammal bait","None",NA,2085487,"S03_T20",0,"Camera Functioning","Knee height",NA,"Parallel",NA,NA,NA,NA,"Site_03",NA,NA,NA,NA,NA,NA,2024-07-24 21:53:13,336,6,0.1,0
2004409,"S03_T20_2024","5d74c951-8597-4c69-ac55-63e0a953881e","2024_site3_trap_20__2024-07-25__00-18-23(4).JPG","gs://145625598251_2004409_606_usyd_tfe_2022__main/deployment/2310260/prod/directUpload/5d74c951-8597-4c69-ac55-63e0a953881e.JPG",0,"Grace Heemstra","00049ff0-2ffa-4d82-8cf3-c861fbbfa9d5","Mammalia","Rodentia","Muridae","Rattus","","Rattus Species",NA,"2024-07-25 00:18:23",1,"","",NA,NA,NA,NA,"false",NA,NA,"CC-BY-NC","",2004409,"S03_T20",151.7401333,-32.24205,"2024-07-22 00:00:00","2024-07-25 00:00:00","Other","Universal mammal bait","None",NA,2085487,"S03_T20",0,"Camera Functioning","Knee height",NA,"Parallel",NA,NA,NA,NA,"Site_03",NA,NA,NA,NA,NA,NA,2024-07-25 00:18:23,8710,145,2.4,0.1
2004409,"S03_T20_2024","de338a81-bd2d-4a68-876f-124215dd3981","2024_site3_trap_20__2024-07-25__00-23-24(1).JPG","gs://145625598251_2004409_606_usyd_tfe_2022__main/deployment/2310260/prod/directUpload/de338a81-bd2d-4a68-876f-124215dd3981.JPG",0,"Grace Heemstra","00049ff0-2ffa-4d82-8cf3-c861fbbfa9d5","Mammalia","Rodentia","Muridae","Rattus","","Rattus Species",NA,"2024-07-25 00:23:24",1,"","",NA,NA,NA,NA,"false",NA,NA,"CC-BY-NC","{""{\""detectionBox\"":[0.507738173,0.0810872,0.979779,0.373841763]}""}",2004409,"S03_T20",151.7401333,-32.24205,"2024-07-22 00:00:00","2024-07-25 00:00:00","Other","Universal mammal bait","None",NA,2085487,"S03_T20",0,"Camera Functioning","Knee height",NA,"Parallel",NA,NA,NA,NA,"Site_03",NA,NA,NA,NA,NA,NA,2024-07-25 00:23:24,301,5,0.1,0
2004409,"S03_T20_2024","7f049a41-a9ef-4a21-b7b4-c5371e4bb71d","2024_site3_trap_20__2024-07-25__00-28-29(4).JPG","gs://145625598251_2004409_606_usyd_tfe_2022__main/deployment/2310260/prod/directUpload/7f049a41-a9ef-4a21-b7b4-c5371e4bb71d.JPG",0,"Grace Heemstra","00049ff0-2ffa-4d82-8cf3-c861fbbfa9d5","Mammalia","Rodentia","Muridae","Rattus","","Rattus Species",NA,"2024-07-25 00:28:29",1,"","",NA,NA,NA,NA,"false",NA,NA,"CC-BY-NC","",2004409,"S03_T20",151.7401333,-32.24205,"2024-07-22 00:00:00","2024-07-25 00:00:00","Other","Universal mammal bait","None",NA,2085487,"S03_T20",0,"Camera Functioning","Knee height",NA,"Parallel",NA,NA,NA,NA,"Site_03",NA,NA,NA,NA,NA,NA,2024-07-25 00:28:29,305,5,0.1,0
2004409,"S03_T20_2024","ff58c743-c2ab-44a4-b2f2-8a95607c4517","2024_site3_trap_20__2024-07-25__00-47-58(1).JPG","gs://145625598251_2004409_606_usyd_tfe_2022__main/deployment/2310260/prod/directUpload/ff58c743-c2ab-44a4-b2f2-8a95607c4517.JPG",0,"Grace Heemstra","00049ff0-2ffa-4d82-8cf3-c861fbbfa9d5","Mammalia","Rodentia","Muridae","Rattus","","Rattus Species",NA,"2024-07-25 00:47:58",1,"","",NA,NA,NA,NA,"false",NA,NA,"CC-BY-NC","",2004409,"S03_T20",151.7401333,-32.24205,"2024-07-22 00:00:00","2024-07-25 00:00:00","Other","Universal mammal bait","None",NA,2085487,"S03_T20",0,"Camera Functioning","Knee height",NA,"Parallel",NA,NA,NA,NA,"Site_03",NA,NA,NA,NA,NA,NA,2024-07-25 00:47:58,1169,19,0.3,0
2004409,"S03_T20_2024","fa938f57-fd0c-41c8-8296-10b9228290b8","2024_site3_trap_20__2024-07-25__00-53-27(1).JPG","gs://145625598251_2004409_606_usyd_tfe_2022__main/deployment/2310260/prod/directUpload/fa938f57-fd0c-41c8-8296-10b9228290b8.JPG",0,"Grace Heemstra","00049ff0-2ffa-4d82-8cf3-c861fbbfa9d5","Mammalia","Rodentia","Muridae","Rattus","","Rattus Species",NA,"2024-07-25 00:53:27",1,"","",NA,NA,NA,NA,"false",NA,NA,"CC-BY-NC","",2004409,"S03_T20",151.7401333,-32.24205,"2024-07-22 00:00:00","2024-07-25 00:00:00","Other","Universal mammal bait","None",NA,2085487,"S03_T20",0,"Camera Functioning","Knee height",NA,"Parallel",NA,NA,NA,NA,"Site_03",NA,NA,NA,NA,NA,NA,2024-07-25 00:53:27,329,5,0.1,0
2004409,"S03_T20_2024","8ce5b9dd-cdfe-4a8d-9e94-3f8d7d8a8b7c","2024_site3_trap_20__2024-07-25__01-09-07(1).JPG","gs://145625598251_2004409_606_usyd_tfe_2022__main/deployment/2310260/prod/directUpload/8ce5b9dd-cdfe-4a8d-9e94-3f8d7d8a8b7c.JPG",0,"Grace Heemstra","00049ff0-2ffa-4d82-8cf3-c861fbbfa9d5","Mammalia","Rodentia","Muridae","Rattus","","Rattus Species",NA,"2024-07-25 01:09:07",1,"","",NA,NA,NA,NA,"false",NA,NA,"CC-BY-NC","",2004409,"S03_T20",151.7401333,-32.24205,"2024-07-22 00:00:00","2024-07-25 00:00:00","Other","Universal mammal bait","None",NA,2085487,"S03_T20",0,"Camera Functioning","Knee height",NA,"Parallel",NA,NA,NA,NA,"Site_03",NA,NA,NA,NA,NA,NA,2024-07-25 01:09:07,940,16,0.3,0
2004409,"S03_T20_2024","ef8ae754-b67e-4d32-ba5c-024a489d7c66","2024_site3_trap_20__2024-07-25__02-21-30(1).JPG","gs://145625598251_2004409_606_usyd_tfe_2022__main/deployment/2310260/prod/directUpload/ef8ae754-b67e-4d32-ba5c-024a489d7c66.JPG",0,"Grace Heemstra","00049ff0-2ffa-4d82-8cf3-c861fbbfa9d5","Mammalia","Rodentia","Muridae","Rattus","","Rattus Species",NA,"2024-07-25 02:21:30",1,"","",NA,NA,NA,NA,"false",NA,NA,"CC-BY-NC","",2004409,"S03_T20",151.7401333,-32.24205,"2024-07-22 00:00:00","2024-07-25 00:00:00","Other","Universal mammal bait","None",NA,2085487,"S03_T20",0,"Camera Functioning","Knee height",NA,"Parallel",NA,NA,NA,NA,"Site_03",NA,NA,NA,NA,NA,NA,2024-07-25 02:21:30,4343,72,1.2,0
2004409,"S03_T20_2024","963be84c-3492-4b17-8ed0-68f08e5d6ca0","2024_site3_trap_20__2024-07-24__18-08-14(1).JPG","gs://145625598251_2004409_606_usyd_tfe_2022__main/deployment/2310260/prod/directUpload/963be84c-3492-4b17-8ed0-68f08e5d6ca0.JPG",0,"Grace Heemstra","d8cabc3b-7bbe-45b0-b9a9-600e114d189b","Mammalia","","","","","Small Mammal",NA,"2024-07-24 18:08:14",1,"","",NA,NA,NA,NA,"false",NA,NA,"CC-BY-NC","",2004409,"S03_T20",151.7401333,-32.24205,"2024-07-22 00:00:00","2024-07-25 00:00:00","Other","Universal mammal bait","None",NA,2085487,"S03_T20",0,"Camera Functioning","Knee height",NA,"Parallel",NA,NA,NA,NA,"Site_03",NA,NA,NA,NA,NA,NA,2024-07-24 18:08:14,0,0,0,0
2004409,"S03_T20_2024","54a328f5-5552-4c07-95ed-52d076a36c38","2024_site3_trap_20__2024-07-24__18-16-22(1).JPG","gs://145625598251_2004409_606_usyd_tfe_2022__main/deployment/2310260/prod/directUpload/54a328f5-5552-4c07-95ed-52d076a36c38.JPG",0,"Grace Heemstra","d8cabc3b-7bbe-45b0-b9a9-600e114d189b","Mammalia","","","","","Small Mammal",NA,"2024-07-24 18:16:22",1,"","",NA,NA,NA,NA,"false",NA,NA,"CC-BY-NC","",2004409,"S03_T20",151.7401333,-32.24205,"2024-07-22 00:00:00","2024-07-25 00:00:00","Other","Universal mammal bait","None",NA,2085487,"S03_T20",0,"Camera Functioning","Knee height",NA,"Parallel",NA,NA,NA,NA,"Site_03",NA,NA,NA,NA,NA,NA,2024-07-24 18:16:22,488,8,0.1,0
2004409,"S03_T20_2024","d946e2e5-c0b9-4332-b9bd-cdb71f05a70e","2024_site3_trap_20__2024-07-25__00-48-28(2).JPG","gs://145625598251_2004409_606_usyd_tfe_2022__main/deployment/2310260/prod/directUpload/d946e2e5-c0b9-4332-b9bd-cdb71f05a70e.JPG",0,"Grace Heemstra","d8cabc3b-7bbe-45b0-b9a9-600e114d189b","Mammalia","","","","","Small Mammal",NA,"2024-07-25 00:48:28",1,"","",NA,NA,NA,NA,"false",NA,NA,"CC-BY-NC","",2004409,"S03_T20",151.7401333,-32.24205,"2024-07-22 00:00:00","2024-07-25 00:00:00","Other","Universal mammal bait","None",NA,2085487,"S03_T20",0,"Camera Functioning","Knee height",NA,"Parallel",NA,NA,NA,NA,"Site_03",NA,NA,NA,NA,NA,NA,2024-07-25 00:48:28,23526,392,6.5,0.3
2004409,"S03_T20_2024","d5c74940-fcc8-48f3-8d59-84df8e9eb093","2024_site3_trap_20__2024-07-25__04-54-42(4).JPG","gs://145625598251_2004409_606_usyd_tfe_2022__main/deployment/2310260/prod/directUpload/d5c74940-fcc8-48f3-8d59-84df8e9eb093.JPG",0,"Grace Heemstra","d8cabc3b-7bbe-45b0-b9a9-600e114d189b","Mammalia","","","","","Small Mammal",NA,"2024-07-25 04:54:42",1,"","",NA,NA,NA,NA,"false",NA,NA,"CC-BY-NC","",2004409,"S03_T20",151.7401333,-32.24205,"2024-07-22 00:00:00","2024-07-25 00:00:00","Other","Universal mammal bait","None",NA,2085487,"S03_T20",0,"Camera Functioning","Knee height",NA,"Parallel",NA,NA,NA,NA,"Site_03",NA,NA,NA,NA,NA,NA,2024-07-25 04:54:42,14774,246,4.1,0.2
2004409,"S03_T20_2024","c74f78b0-d74a-4218-99fc-1e3bd3f64360","2024_site3_trap_20__2024-07-25__05-45-03(4).JPG","gs://145625598251_2004409_606_usyd_tfe_2022__main/deployment/2310260/prod/directUpload/c74f78b0-d74a-4218-99fc-1e3bd3f64360.JPG",0,"Grace Heemstra","d8cabc3b-7bbe-45b0-b9a9-600e114d189b","Mammalia","","","","","Small Mammal",NA,"2024-07-25 05:45:03",1,"","",NA,NA,NA,NA,"false",NA,NA,"CC-BY-NC","",2004409,"S03_T20",151.7401333,-32.24205,"2024-07-22 00:00:00","2024-07-25 00:00:00","Other","Universal mammal bait","None",NA,2085487,"S03_T20",0,"Camera Functioning","Knee height",NA,"Parallel",NA,NA,NA,NA,"Site_03",NA,NA,NA,NA,NA,NA,2024-07-25 05:45:03,3021,50,0.8,0
2004409,"S03_T20_2024","276ddd83-989f-45c4-bc93-c92cd6be0805","Site04__2024_site4_trap_20__2024-07-23__14-41-26(1).JPG","gs://145625598251_2004409_606_usyd_tfe_2022__main/deployment/2310260/prod/directUpload/276ddd83-989f-45c4-bc93-c92cd6be0805.JPG",0,"Grace Heemstra","3450b781-acf9-4bdf-af8f-c555034e0271","Aves","Passeriformes","Acanthizidae","Sericornis","citreogularis","Yellow-throated Scrubwren",NA,"2024-07-23 14:41:26",1,"","",NA,NA,NA,NA,"false",NA,NA,"CC-BY-NC","",2004409,"S03_T20",151.7401333,-32.24205,"2024-07-22 00:00:00","2024-07-25 00:00:00","Other","Universal mammal bait","None",NA,2085487,"S03_T20",0,"Camera Functioning","Knee height",NA,"Parallel",NA,NA,NA,NA,"Site_03",NA,NA,NA,NA,NA,NA,2024-07-23 14:41:26,0,0,0,0
2004409,"S03_T20_2024","aeb4f652-6f3c-42fe-91a6-11cfc96f191e","Site04__2024_site4_trap_20__2024-07-24__11-42-13(1).JPG","gs://145625598251_2004409_606_usyd_tfe_2022__main/deployment/2310260/prod/directUpload/aeb4f652-6f3c-42fe-91a6-11cfc96f191e.JPG",0,"Grace Heemstra","3450b781-acf9-4bdf-af8f-c555034e0271","Aves","Passeriformes","Acanthizidae","Sericornis","citreogularis","Yellow-throated Scrubwren",NA,"2024-07-24 11:42:13",1,"","",NA,NA,NA,NA,"false",NA,NA,"CC-BY-NC","",2004409,"S03_T20",151.7401333,-32.24205,"2024-07-22 00:00:00","2024-07-25 00:00:00","Other","Universal mammal bait","None",NA,2085487,"S03_T20",0,"Camera Functioning","Knee height",NA,"Parallel",NA,NA,NA,NA,"Site_03",NA,NA,NA,NA,NA,NA,2024-07-24 11:42:13,75647,1261,21,0.9
2004409,"S03_T20_2024","0b92b4a7-a2a3-46a6-a4c9-f7fccffa3af3","Site04__2024_site4_trap_20__2024-07-24__12-36-08(1).JPG","gs://145625598251_2004409_606_usyd_tfe_2022__main/deployment/2310260/prod/directUpload/0b92b4a7-a2a3-46a6-a4c9-f7fccffa3af3.JPG",0,"Grace Heemstra","3450b781-acf9-4bdf-af8f-c555034e0271","Aves","Passeriformes","Acanthizidae","Sericornis","citreogularis","Yellow-throated Scrubwren",NA,"2024-07-24 12:36:08",1,"","",NA,NA,NA,NA,"false",NA,NA,"CC-BY-NC","",2004409,"S03_T20",151.7401333,-32.24205,"2024-07-22 00:00:00","2024-07-25 00:00:00","Other","Universal mammal bait","None",NA,2085487,"S03_T20",0,"Camera Functioning","Knee height",NA,"Parallel",NA,NA,NA,NA,"Site_03",NA,NA,NA,NA,NA,NA,2024-07-24 12:36:08,3235,54,0.9,0
2004409,"S03_T20_2024","57a60346-9882-4ecd-a208-c59d7376c4f8","2024_site3_trap_20__2024-07-24__16-46-12(1).JPG","gs://145625598251_2004409_606_usyd_tfe_2022__main/deployment/2310260/prod/directUpload/57a60346-9882-4ecd-a208-c59d7376c4f8.JPG",0,"Grace Heemstra","3450b781-acf9-4bdf-af8f-c555034e0271","Aves","Passeriformes","Acanthizidae","Sericornis","citreogularis","Yellow-throated Scrubwren",NA,"2024-07-24 16:46:12",1,"","",NA,NA,NA,NA,"false",NA,NA,"CC-BY-NC","",2004409,"S03_T20",151.7401333,-32.24205,"2024-07-22 00:00:00","2024-07-25 00:00:00","Other","Universal mammal bait","None",NA,2085487,"S03_T20",0,"Camera Functioning","Knee height",NA,"Parallel",NA,NA,NA,NA,"Site_03",NA,NA,NA,NA,NA,NA,2024-07-24 16:46:12,15004,250,4.2,0.2
2004409,"S03_T20_2024","52764f1d-2729-4859-8b5a-ee6aaa4ad0b0","Site04__2024_site4_trap_20__2024-07-25__06-37-57(1).JPG","gs://145625598251_2004409_606_usyd_tfe_2022__main/deployment/2310260/prod/directUpload/52764f1d-2729-4859-8b5a-ee6aaa4ad0b0.JPG",0,"Grace Heemstra","3450b781-acf9-4bdf-af8f-c555034e0271","Aves","Passeriformes","Acanthizidae","Sericornis","citreogularis","Yellow-throated Scrubwren",NA,"2024-07-25 06:37:57",1,"","",NA,NA,NA,NA,"false",NA,NA,"CC-BY-NC","",2004409,"S03_T20",151.7401333,-32.24205,"2024-07-22 00:00:00","2024-07-25 00:00:00","Other","Universal mammal bait","None",NA,2085487,"S03_T20",0,"Camera Functioning","Knee height",NA,"Parallel",NA,NA,NA,NA,"Site_03",NA,NA,NA,NA,NA,NA,2024-07-25 06:37:57,49905,832,13.9,0.6
2004409,"S03_T22_2024","2405f409-22e9-42c6-bb80-c88509590237","2024_site3_trap_22__2024-07-22__16-36-39(1).JPG","gs://145625598251_2004409_606_usyd_tfe_2022__main/deployment/2310261/prod/directUpload/2405f409-22e9-42c6-bb80-c88509590237.JPG",0,"Grace Heemstra","6e975946-43db-40cf-a4bb-2977319097a1","Mammalia","Dasyuromorphia","Dasyuridae","Antechinus","","Antechinus Species",NA,"2024-07-22 16:36:39",1,"","",NA,NA,NA,NA,"false",NA,NA,"CC-BY-NC","{""{\""detectionBox\"":[0.656187057,0,0.873492,0.219816163]}""}",2004409,"S03_T22",151.7404167,-32.24188333,"2024-07-22 00:00:00","2024-07-25 00:00:00","Other","Universal mammal bait","None",NA,2085488,"S03_T22",0,"Camera Functioning","Knee height",NA,"Parallel",NA,NA,NA,NA,"Site_03",NA,NA,NA,NA,NA,NA,2024-07-22 16:36:39,0,0,0,0
2004409,"S03_T22_2024","cadcad6e-7029-458b-b3f8-de56bc292e53","2024_site3_trap_22__2024-07-22__16-42-04(1).JPG","gs://145625598251_2004409_606_usyd_tfe_2022__main/deployment/2310261/prod/directUpload/cadcad6e-7029-458b-b3f8-de56bc292e53.JPG",0,"Grace Heemstra","6e975946-43db-40cf-a4bb-2977319097a1","Mammalia","Dasyuromorphia","Dasyuridae","Antechinus","","Antechinus Species",NA,"2024-07-22 16:42:04",1,"","",NA,NA,NA,NA,"false",NA,NA,"CC-BY-NC","",2004409,"S03_T22",151.7404167,-32.24188333,"2024-07-22 00:00:00","2024-07-25 00:00:00","Other","Universal mammal bait","None",NA,2085488,"S03_T22",0,"Camera Functioning","Knee height",NA,"Parallel",NA,NA,NA,NA,"Site_03",NA,NA,NA,NA,NA,NA,2024-07-22 16:42:04,325,5,0.1,0
2004409,"S03_T22_2024","7ebd7ae8-3ded-48e5-8ec3-e618a2c7ed96","2024_site3_trap_22__2024-07-23__06-09-42(1).JPG","gs://145625598251_2004409_606_usyd_tfe_2022__main/deployment/2310261/prod/directUpload/7ebd7ae8-3ded-48e5-8ec3-e618a2c7ed96.JPG",0,"Aaron Greenville","6e975946-43db-40cf-a4bb-2977319097a1","Mammalia","Dasyuromorphia","Dasyuridae","Antechinus","","Antechinus Species",NA,"2024-07-23 06:09:42",1,"","",NA,NA,NA,NA,"false",NA,NA,"CC-BY-NC","",2004409,"S03_T22",151.7404167,-32.24188333,"2024-07-22 00:00:00","2024-07-25 00:00:00","Other","Universal mammal bait","None",NA,2085488,"S03_T22",0,"Camera Functioning","Knee height",NA,"Parallel",NA,NA,NA,NA,"Site_03",NA,NA,NA,NA,NA,NA,2024-07-23 06:09:42,48458,808,13.5,0.6
2004409,"S03_T22_2024","41b8c9e1-ee8a-4ce8-81a4-0bc8df6c0770","2024_site3_trap_22__2024-07-23__18-02-51(1).JPG","gs://145625598251_2004409_606_usyd_tfe_2022__main/deployment/2310261/prod/directUpload/41b8c9e1-ee8a-4ce8-81a4-0bc8df6c0770.JPG",0,"Grace Heemstra","6e975946-43db-40cf-a4bb-2977319097a1","Mammalia","Dasyuromorphia","Dasyuridae","Antechinus","","Antechinus Species",NA,"2024-07-23 18:02:51",1,"","",NA,NA,NA,NA,"false",NA,NA,"CC-BY-NC","{""{\""detectionBox\"":[0.323611885,0.408751279,0.505984,0.642634392]}""}",2004409,"S03_T22",151.7404167,-32.24188333,"2024-07-22 00:00:00","2024-07-25 00:00:00","Other","Universal mammal bait","None",NA,2085488,"S03_T22",0,"Camera Functioning","Knee height",NA,"Parallel",NA,NA,NA,NA,"Site_03",NA,NA,NA,NA,NA,NA,2024-07-23 18:02:51,42789,713,11.9,0.5
2004409,"S03_T22_2024","c33113ea-1512-4dbc-afb4-5d4a5d975ac7","2024_site3_trap_22__2024-07-24__06-00-16(5).JPG","gs://145625598251_2004409_606_usyd_tfe_2022__main/deployment/2310261/prod/directUpload/c33113ea-1512-4dbc-afb4-5d4a5d975ac7.JPG",0,"Grace Heemstra","6e975946-43db-40cf-a4bb-2977319097a1","Mammalia","Dasyuromorphia","Dasyuridae","Antechinus","","Antechinus Species",NA,"2024-07-24 06:00:16",1,"","",NA,NA,NA,NA,"false",NA,NA,"CC-BY-NC","",2004409,"S03_T22",151.7404167,-32.24188333,"2024-07-22 00:00:00","2024-07-25 00:00:00","Other","Universal mammal bait","None",NA,2085488,"S03_T22",0,"Camera Functioning","Knee height",NA,"Parallel",NA,NA,NA,NA,"Site_03",NA,NA,NA,NA,NA,NA,2024-07-24 06:00:16,43045,717,11.9,0.5
2004409,"S03_T22_2024","6851d1a2-39f7-4d5d-8340-a01a868c1874","2024_site3_trap_22__2024-07-24__21-33-23(1).JPG","gs://145625598251_2004409_606_usyd_tfe_2022__main/deployment/2310261/prod/directUpload/6851d1a2-39f7-4d5d-8340-a01a868c1874.JPG",0,"Grace Heemstra","6e975946-43db-40cf-a4bb-2977319097a1","Mammalia","Dasyuromorphia","Dasyuridae","Antechinus","","Antechinus Species",NA,"2024-07-24 21:33:23",1,"","",NA,NA,NA,NA,"false",NA,NA,"CC-BY-NC","{""{\""detectionBox\"":[0.348793924,0.339988708,0.559694409,0.519438922]}""}",2004409,"S03_T22",151.7404167,-32.24188333,"2024-07-22 00:00:00","2024-07-25 00:00:00","Other","Universal mammal bait","None",NA,2085488,"S03_T22",0,"Camera Functioning","Knee height",NA,"Parallel",NA,NA,NA,NA,"Site_03",NA,NA,NA,NA,NA,NA,2024-07-24 21:33:23,55987,933,15.6,0.7
2004409,"S03_T22_2024","0e555af9-4722-4f22-a9ef-38e4ca2a91e8","2024_site3_trap_22__2024-07-25__04-05-29(1).JPG","gs://145625598251_2004409_606_usyd_tfe_2022__main/deployment/2310261/prod/directUpload/0e555af9-4722-4f22-a9ef-38e4ca2a91e8.JPG",0,"Aaron Greenville","6e975946-43db-40cf-a4bb-2977319097a1","Mammalia","Dasyuromorphia","Dasyuridae","Antechinus","","Antechinus Species",NA,"2024-07-25 04:05:29",1,"","",NA,NA,NA,NA,"false",NA,NA,"CC-BY-NC","",2004409,"S03_T22",151.7404167,-32.24188333,"2024-07-22 00:00:00","2024-07-25 00:00:00","Other","Universal mammal bait","None",NA,2085488,"S03_T22",0,"Camera Functioning","Knee height",NA,"Parallel",NA,NA,NA,NA,"Site_03",NA,NA,NA,NA,NA,NA,2024-07-25 04:05:29,23526,392,6.5,0.3
2004409,"S03_T22_2024","f16b0ba0-29ce-4da6-9596-b1a64c09d580","2024_site3_trap_22__2024-07-25__04-11-15(1).JPG","gs://145625598251_2004409_606_usyd_tfe_2022__main/deployment/2310261/prod/directUpload/f16b0ba0-29ce-4da6-9596-b1a64c09d580.JPG",0,"Grace Heemstra","6e975946-43db-40cf-a4bb-2977319097a1","Mammalia","Dasyuromorphia","Dasyuridae","Antechinus","","Antechinus Species",NA,"2024-07-25 04:11:15",1,"","",NA,NA,NA,NA,"false",NA,NA,"CC-BY-NC","",2004409,"S03_T22",151.7404167,-32.24188333,"2024-07-22 00:00:00","2024-07-25 00:00:00","Other","Universal mammal bait","None",NA,2085488,"S03_T22",0,"Camera Functioning","Knee height",NA,"Parallel",NA,NA,NA,NA,"Site_03",NA,NA,NA,NA,NA,NA,2024-07-25 04:11:15,346,6,0.1,0
2004409,"S03_T22_2024","b41730d9-c91c-4fd6-8865-17240cd041ec","2024_site3_trap_22__2024-07-25__04-48-11(1).JPG","gs://145625598251_2004409_606_usyd_tfe_2022__main/deployment/2310261/prod/directUpload/b41730d9-c91c-4fd6-8865-17240cd041ec.JPG",0,"Grace Heemstra","6e975946-43db-40cf-a4bb-2977319097a1","Mammalia","Dasyuromorphia","Dasyuridae","Antechinus","","Antechinus Species",NA,"2024-07-25 04:48:11",1,"","",NA,NA,NA,NA,"false",NA,NA,"CC-BY-NC","{""{\""detectionBox\"":[0.558645844,0.333602607,0.978457153,0.659070492]}""}",2004409,"S03_T22",151.7404167,-32.24188333,"2024-07-22 00:00:00","2024-07-25 00:00:00","Other","Universal mammal bait","None",NA,2085488,"S03_T22",0,"Camera Functioning","Knee height",NA,"Parallel",NA,NA,NA,NA,"Site_03",NA,NA,NA,NA,NA,NA,2024-07-25 04:48:11,2216,37,0.6,0
2004409,"S03_T22_2024","6b48d151-094c-47a3-abfb-90b84443768a","2024_site3_trap_22__2024-07-22__18-31-16(1).JPG","gs://145625598251_2004409_606_usyd_tfe_2022__main/deployment/2310261/prod/directUpload/6b48d151-094c-47a3-abfb-90b84443768a.JPG",0,"Grace Heemstra","00049ff0-2ffa-4d82-8cf3-c861fbbfa9d5","Mammalia","Rodentia","Muridae","Rattus","","Rattus Species",NA,"2024-07-22 18:31:16",1,"","",NA,NA,NA,NA,"false",NA,NA,"CC-BY-NC","{""{\""detectionBox\"":[0.351346195,0.410629332,0.551994681,0.546951652]}""}",2004409,"S03_T22",151.7404167,-32.24188333,"2024-07-22 00:00:00","2024-07-25 00:00:00","Other","Universal mammal bait","None",NA,2085488,"S03_T22",0,"Camera Functioning","Knee height",NA,"Parallel",NA,NA,NA,NA,"Site_03",NA,NA,NA,NA,NA,NA,2024-07-22 18:31:16,0,0,0,0
2004409,"S03_T22_2024","12b6e3eb-014c-45da-83a7-515e1956dcf0","2024_site3_trap_22__2024-07-22__19-10-51(1).JPG","gs://145625598251_2004409_606_usyd_tfe_2022__main/deployment/2310261/prod/directUpload/12b6e3eb-014c-45da-83a7-515e1956dcf0.JPG",0,"Grace Heemstra","00049ff0-2ffa-4d82-8cf3-c861fbbfa9d5","Mammalia","Rodentia","Muridae","Rattus","","Rattus Species",NA,"2024-07-22 19:10:51",1,"","",NA,NA,NA,NA,"false",NA,NA,"CC-BY-NC","{""{\""detectionBox\"":[0.34592253,0.327885032,0.568369389,0.497463048]}""}",2004409,"S03_T22",151.7404167,-32.24188333,"2024-07-22 00:00:00","2024-07-25 00:00:00","Other","Universal mammal bait","None",NA,2085488,"S03_T22",0,"Camera Functioning","Knee height",NA,"Parallel",NA,NA,NA,NA,"Site_03",NA,NA,NA,NA,NA,NA,2024-07-22 19:10:51,2375,40,0.7,0
2004409,"S03_T22_2024","59224ee4-da8d-4fbf-8d06-5a3e3a712228","2024_site3_trap_22__2024-07-22__20-14-33(1).JPG","gs://145625598251_2004409_606_usyd_tfe_2022__main/deployment/2310261/prod/directUpload/59224ee4-da8d-4fbf-8d06-5a3e3a712228.JPG",0,"Grace Heemstra","00049ff0-2ffa-4d82-8cf3-c861fbbfa9d5","Mammalia","Rodentia","Muridae","Rattus","","Rattus Species",NA,"2024-07-22 20:14:33",1,"","",NA,NA,NA,NA,"false",NA,NA,"CC-BY-NC","",2004409,"S03_T22",151.7404167,-32.24188333,"2024-07-22 00:00:00","2024-07-25 00:00:00","Other","Universal mammal bait","None",NA,2085488,"S03_T22",0,"Camera Functioning","Knee height",NA,"Parallel",NA,NA,NA,NA,"Site_03",NA,NA,NA,NA,NA,NA,2024-07-22 20:14:33,3822,64,1.1,0
2004409,"S03_T22_2024","d80459e8-dd3f-414b-b789-e96a710d6d73","2024_site3_trap_22__2024-07-23__04-42-02(1).JPG","gs://145625598251_2004409_606_usyd_tfe_2022__main/deployment/2310261/prod/directUpload/d80459e8-dd3f-414b-b789-e96a710d6d73.JPG",0,"Grace Heemstra","00049ff0-2ffa-4d82-8cf3-c861fbbfa9d5","Mammalia","Rodentia","Muridae","Rattus","","Rattus Species",NA,"2024-07-23 04:42:02",1,"","",NA,NA,NA,NA,"false",NA,NA,"CC-BY-NC","",2004409,"S03_T22",151.7404167,-32.24188333,"2024-07-22 00:00:00","2024-07-25 00:00:00","Other","Universal mammal bait","None",NA,2085488,"S03_T22",0,"Camera Functioning","Knee height",NA,"Parallel",NA,NA,NA,NA,"Site_03",NA,NA,NA,NA,NA,NA,2024-07-23 04:42:02,30449,507,8.4,0.4
2004409,"S03_T22_2024","a92e0e58-bce8-4a9d-9dad-0cef99816225","2024_site3_trap_22__2024-07-23__19-08-10(1).JPG","gs://145625598251_2004409_606_usyd_tfe_2022__main/deployment/2310261/prod/directUpload/a92e0e58-bce8-4a9d-9dad-0cef99816225.JPG",0,"Grace Heemstra","00049ff0-2ffa-4d82-8cf3-c861fbbfa9d5","Mammalia","Rodentia","Muridae","Rattus","","Rattus Species",NA,"2024-07-23 19:08:10",1,"","",NA,NA,NA,NA,"false",NA,NA,"CC-BY-NC","",2004409,"S03_T22",151.7404167,-32.24188333,"2024-07-22 00:00:00","2024-07-25 00:00:00","Other","Universal mammal bait","None",NA,2085488,"S03_T22",0,"Camera Functioning","Knee height",NA,"Parallel",NA,NA,NA,NA,"Site_03",NA,NA,NA,NA,NA,NA,2024-07-23 19:08:10,51968,866,14.4,0.6
2004409,"S03_T22_2024","01e847a4-e55c-4a79-8df5-01fb5d6e21cd","2024_site3_trap_22__2024-07-23__21-45-05(2).JPG","gs://145625598251_2004409_606_usyd_tfe_2022__main/deployment/2310261/prod/directUpload/01e847a4-e55c-4a79-8df5-01fb5d6e21cd.JPG",0,"Grace Heemstra","00049ff0-2ffa-4d82-8cf3-c861fbbfa9d5","Mammalia","Rodentia","Muridae","Rattus","","Rattus Species",NA,"2024-07-23 21:45:05",1,"","",NA,NA,NA,NA,"false",NA,NA,"CC-BY-NC","",2004409,"S03_T22",151.7404167,-32.24188333,"2024-07-22 00:00:00","2024-07-25 00:00:00","Other","Universal mammal bait","None",NA,2085488,"S03_T22",0,"Camera Functioning","Knee height",NA,"Parallel",NA,NA,NA,NA,"Site_03",NA,NA,NA,NA,NA,NA,2024-07-23 21:45:05,9415,157,2.6,0.1
2004409,"S03_T22_2024","9c8555b1-bd17-4e14-9756-f3088c39b9a0","2024_site3_trap_22__2024-07-23__23-20-45(1).JPG","gs://145625598251_2004409_606_usyd_tfe_2022__main/deployment/2310261/prod/directUpload/9c8555b1-bd17-4e14-9756-f3088c39b9a0.JPG",0,"Grace Heemstra","00049ff0-2ffa-4d82-8cf3-c861fbbfa9d5","Mammalia","Rodentia","Muridae","Rattus","","Rattus Species",NA,"2024-07-23 23:20:45",1,"","",NA,NA,NA,NA,"false",NA,NA,"CC-BY-NC","",2004409,"S03_T22",151.7404167,-32.24188333,"2024-07-22 00:00:00","2024-07-25 00:00:00","Other","Universal mammal bait","None",NA,2085488,"S03_T22",0,"Camera Functioning","Knee height",NA,"Parallel",NA,NA,NA,NA,"Site_03",NA,NA,NA,NA,NA,NA,2024-07-23 23:20:45,5740,96,1.6,0.1
2004409,"S03_T22_2024","bfed9b4a-f42a-48d5-b017-10a5d016baf3","2024_site3_trap_22__2024-07-24__04-52-59(1).JPG","gs://145625598251_2004409_606_usyd_tfe_2022__main/deployment/2310261/prod/directUpload/bfed9b4a-f42a-48d5-b017-10a5d016baf3.JPG",0,"Grace Heemstra","00049ff0-2ffa-4d82-8cf3-c861fbbfa9d5","Mammalia","Rodentia","Muridae","Rattus","","Rattus Species",NA,"2024-07-24 04:52:59",1,"","",NA,NA,NA,NA,"false",NA,NA,"CC-BY-NC","",2004409,"S03_T22",151.7404167,-32.24188333,"2024-07-22 00:00:00","2024-07-25 00:00:00","Other","Universal mammal bait","None",NA,2085488,"S03_T22",0,"Camera Functioning","Knee height",NA,"Parallel",NA,NA,NA,NA,"Site_03",NA,NA,NA,NA,NA,NA,2024-07-24 04:52:59,19934,332,5.5,0.2
2004409,"S03_T22_2024","cf0bc1e8-eb7e-4a8e-8bab-c69a243e06da","2024_site3_trap_22__2024-07-24__18-46-25(1).JPG","gs://145625598251_2004409_606_usyd_tfe_2022__main/deployment/2310261/prod/directUpload/cf0bc1e8-eb7e-4a8e-8bab-c69a243e06da.JPG",0,"Grace Heemstra","00049ff0-2ffa-4d82-8cf3-c861fbbfa9d5","Mammalia","Rodentia","Muridae","Rattus","","Rattus Species",NA,"2024-07-24 18:46:25",1,"","",NA,NA,NA,NA,"false",NA,NA,"CC-BY-NC","{""{\""detectionBox\"":[0.379097849,0.49489975,0.506897,0.67325604]}""}",2004409,"S03_T22",151.7404167,-32.24188333,"2024-07-22 00:00:00","2024-07-25 00:00:00","Other","Universal mammal bait","None",NA,2085488,"S03_T22",0,"Camera Functioning","Knee height",NA,"Parallel",NA,NA,NA,NA,"Site_03",NA,NA,NA,NA,NA,NA,2024-07-24 18:46:25,50006,833,13.9,0.6
2004409,"S03_T22_2024","ca40442a-432c-4d71-8378-cf4fce774a6a","2024_site3_trap_22__2024-07-25__05-12-05(3).JPG","gs://145625598251_2004409_606_usyd_tfe_2022__main/deployment/2310261/prod/directUpload/ca40442a-432c-4d71-8378-cf4fce774a6a.JPG",0,"Grace Heemstra","00049ff0-2ffa-4d82-8cf3-c861fbbfa9d5","Mammalia","Rodentia","Muridae","Rattus","","Rattus Species",NA,"2024-07-25 05:12:05",1,"","",NA,NA,NA,NA,"false",NA,NA,"CC-BY-NC","",2004409,"S03_T22",151.7404167,-32.24188333,"2024-07-22 00:00:00","2024-07-25 00:00:00","Other","Universal mammal bait","None",NA,2085488,"S03_T22",0,"Camera Functioning","Knee height",NA,"Parallel",NA,NA,NA,NA,"Site_03",NA,NA,NA,NA,NA,NA,2024-07-25 05:12:05,37540,626,10.4,0.4
2004409,"S03_T22_2024","56f23336-ac6f-4c3e-819e-74be1ceb81f5","2024_site3_trap_22__2024-07-25__05-23-04(1).JPG","gs://145625598251_2004409_606_usyd_tfe_2022__main/deployment/2310261/prod/directUpload/56f23336-ac6f-4c3e-819e-74be1ceb81f5.JPG",0,"Grace Heemstra","00049ff0-2ffa-4d82-8cf3-c861fbbfa9d5","Mammalia","Rodentia","Muridae","Rattus","","Rattus Species",NA,"2024-07-25 05:23:04",1,"","",NA,NA,NA,NA,"false",NA,NA,"CC-BY-NC","{""{\""detectionBox\"":[0.3542099,0.446862757,0.491477638,0.675505459]}""}",2004409,"S03_T22",151.7404167,-32.24188333,"2024-07-22 00:00:00","2024-07-25 00:00:00","Other","Universal mammal bait","None",NA,2085488,"S03_T22",0,"Camera Functioning","Knee height",NA,"Parallel",NA,NA,NA,NA,"Site_03",NA,NA,NA,NA,NA,NA,2024-07-25 05:23:04,659,11,0.2,0
2004409,"S03_T22_2024","b4f5ee4d-9c04-4e06-8936-1d2632083a70","2024_site3_trap_22__2024-07-23__11-01-07(1).JPG","gs://145625598251_2004409_606_usyd_tfe_2022__main/deployment/2310261/prod/directUpload/b4f5ee4d-9c04-4e06-8936-1d2632083a70.JPG",0,"Grace Heemstra","d8cabc3b-7bbe-45b0-b9a9-600e114d189b","Mammalia","","","","","Small Mammal",NA,"2024-07-23 11:01:07",1,"","",NA,NA,NA,NA,"false",NA,NA,"CC-BY-NC","",2004409,"S03_T22",151.7404167,-32.24188333,"2024-07-22 00:00:00","2024-07-25 00:00:00","Other","Universal mammal bait","None",NA,2085488,"S03_T22",0,"Camera Functioning","Knee height",NA,"Parallel",NA,NA,NA,NA,"Site_03",NA,NA,NA,NA,NA,NA,2024-07-23 11:01:07,0,0,0,0
2004409,"S03_T22_2024","a85d0a80-1677-45d3-be05-f5dca233be99","2024_site3_trap_22__2024-07-23__15-18-45(1).JPG","gs://145625598251_2004409_606_usyd_tfe_2022__main/deployment/2310261/prod/directUpload/a85d0a80-1677-45d3-be05-f5dca233be99.JPG",0,"Grace Heemstra","d8cabc3b-7bbe-45b0-b9a9-600e114d189b","Mammalia","","","","","Small Mammal",NA,"2024-07-23 15:18:45",1,"","",NA,NA,NA,NA,"false",NA,NA,"CC-BY-NC","",2004409,"S03_T22",151.7404167,-32.24188333,"2024-07-22 00:00:00","2024-07-25 00:00:00","Other","Universal mammal bait","None",NA,2085488,"S03_T22",0,"Camera Functioning","Knee height",NA,"Parallel",NA,NA,NA,NA,"Site_03",NA,NA,NA,NA,NA,NA,2024-07-23 15:18:45,15458,258,4.3,0.2
2004409,"S03_T22_2024","2e9553dd-4a44-4e71-80e4-b93e5629a536","2024_site3_trap_22__2024-07-23__21-47-41(1).JPG","gs://145625598251_2004409_606_usyd_tfe_2022__main/deployment/2310261/prod/directUpload/2e9553dd-4a44-4e71-80e4-b93e5629a536.JPG",0,"Grace Heemstra","d8cabc3b-7bbe-45b0-b9a9-600e114d189b","Mammalia","","","","","Small Mammal",NA,"2024-07-23 21:47:41",1,"","",NA,NA,NA,NA,"false",NA,NA,"CC-BY-NC","",2004409,"S03_T22",151.7404167,-32.24188333,"2024-07-22 00:00:00","2024-07-25 00:00:00","Other","Universal mammal bait","None",NA,2085488,"S03_T22",0,"Camera Functioning","Knee height",NA,"Parallel",NA,NA,NA,NA,"Site_03",NA,NA,NA,NA,NA,NA,2024-07-23 21:47:41,23336,389,6.5,0.3
2004409,"S03_T22_2024","3797469d-06ad-4a26-91cf-8477c9f89865","2024_site3_trap_22__2024-07-24__17-23-13(1).JPG","gs://145625598251_2004409_606_usyd_tfe_2022__main/deployment/2310261/prod/directUpload/3797469d-06ad-4a26-91cf-8477c9f89865.JPG",0,"Grace Heemstra","d8cabc3b-7bbe-45b0-b9a9-600e114d189b","Mammalia","","","","","Small Mammal",NA,"2024-07-24 17:23:13",1,"","",NA,NA,NA,NA,"false",NA,NA,"CC-BY-NC","",2004409,"S03_T22",151.7404167,-32.24188333,"2024-07-22 00:00:00","2024-07-25 00:00:00","Other","Universal mammal bait","None",NA,2085488,"S03_T22",0,"Camera Functioning","Knee height",NA,"Parallel",NA,NA,NA,NA,"Site_03",NA,NA,NA,NA,NA,NA,2024-07-24 17:23:13,70532,1176,19.6,0.8
2004409,"S03_T22_2024","cf0cfb58-aba8-461a-9475-eaa25352e374","2024_site3_trap_22__2024-07-24__17-53-19(1).JPG","gs://145625598251_2004409_606_usyd_tfe_2022__main/deployment/2310261/prod/directUpload/cf0cfb58-aba8-461a-9475-eaa25352e374.JPG",0,"Grace Heemstra","d8cabc3b-7bbe-45b0-b9a9-600e114d189b","Mammalia","","","","","Small Mammal",NA,"2024-07-24 17:53:19",1,"","",NA,NA,NA,NA,"false",NA,NA,"CC-BY-NC","",2004409,"S03_T22",151.7404167,-32.24188333,"2024-07-22 00:00:00","2024-07-25 00:00:00","Other","Universal mammal bait","None",NA,2085488,"S03_T22",0,"Camera Functioning","Knee height",NA,"Parallel",NA,NA,NA,NA,"Site_03",NA,NA,NA,NA,NA,NA,2024-07-24 17:53:19,1806,30,0.5,0
2004409,"S03_T22_2024","b2d9e8da-5e7d-440b-a3aa-57e1d810ff5c","2024_site3_trap_22__2024-07-24__18-55-58(1).JPG","gs://145625598251_2004409_606_usyd_tfe_2022__main/deployment/2310261/prod/directUpload/b2d9e8da-5e7d-440b-a3aa-57e1d810ff5c.JPG",0,"Grace Heemstra","d8cabc3b-7bbe-45b0-b9a9-600e114d189b","Mammalia","","","","","Small Mammal",NA,"2024-07-24 18:55:58",1,"","",NA,NA,NA,NA,"false",NA,NA,"CC-BY-NC","",2004409,"S03_T22",151.7404167,-32.24188333,"2024-07-22 00:00:00","2024-07-25 00:00:00","Other","Universal mammal bait","None",NA,2085488,"S03_T22",0,"Camera Functioning","Knee height",NA,"Parallel",NA,NA,NA,NA,"Site_03",NA,NA,NA,NA,NA,NA,2024-07-24 18:55:58,3759,63,1,0
2004409,"S03_T22_2024","8b2ef72c-3071-48c0-9b99-594d9782f00b","2024_site3_trap_22__2024-07-24__20-59-22(1).JPG","gs://145625598251_2004409_606_usyd_tfe_2022__main/deployment/2310261/prod/directUpload/8b2ef72c-3071-48c0-9b99-594d9782f00b.JPG",0,"Grace Heemstra","d8cabc3b-7bbe-45b0-b9a9-600e114d189b","Mammalia","","","","","Small Mammal",NA,"2024-07-24 20:59:22",1,"","",NA,NA,NA,NA,"false",NA,NA,"CC-BY-NC","",2004409,"S03_T22",151.7404167,-32.24188333,"2024-07-22 00:00:00","2024-07-25 00:00:00","Other","Universal mammal bait","None",NA,2085488,"S03_T22",0,"Camera Functioning","Knee height",NA,"Parallel",NA,NA,NA,NA,"Site_03",NA,NA,NA,NA,NA,NA,2024-07-24 20:59:22,7404,123,2,0.1
2004409,"S03_T22_2024","b6bd7554-2776-43a0-b475-75b8805d78f6","2024_site3_trap_22__2024-07-24__21-36-50(15).JPG","gs://145625598251_2004409_606_usyd_tfe_2022__main/deployment/2310261/prod/directUpload/b6bd7554-2776-43a0-b475-75b8805d78f6.JPG",0,"Grace Heemstra","d8cabc3b-7bbe-45b0-b9a9-600e114d189b","Mammalia","","","","","Small Mammal",NA,"2024-07-24 21:36:50",1,"","",NA,NA,NA,NA,"false",NA,NA,"CC-BY-NC","",2004409,"S03_T22",151.7404167,-32.24188333,"2024-07-22 00:00:00","2024-07-25 00:00:00","Other","Universal mammal bait","None",NA,2085488,"S03_T22",0,"Camera Functioning","Knee height",NA,"Parallel",NA,NA,NA,NA,"Site_03",NA,NA,NA,NA,NA,NA,2024-07-24 21:36:50,2248,37,0.6,0
2004409,"S03_T22_2024","95f44b8c-fd52-4be5-9895-1e93c9756b4a","2024_site3_trap_22__2024-07-24__21-41-55(1).JPG","gs://145625598251_2004409_606_usyd_tfe_2022__main/deployment/2310261/prod/directUpload/95f44b8c-fd52-4be5-9895-1e93c9756b4a.JPG",0,"Grace Heemstra","d8cabc3b-7bbe-45b0-b9a9-600e114d189b","Mammalia","","","","","Small Mammal",NA,"2024-07-24 21:41:55",1,"","",NA,NA,NA,NA,"false",NA,NA,"CC-BY-NC","",2004409,"S03_T22",151.7404167,-32.24188333,"2024-07-22 00:00:00","2024-07-25 00:00:00","Other","Universal mammal bait","None",NA,2085488,"S03_T22",0,"Camera Functioning","Knee height",NA,"Parallel",NA,NA,NA,NA,"Site_03",NA,NA,NA,NA,NA,NA,2024-07-24 21:41:55,305,5,0.1,0
2004409,"S03_T22_2024","742f1d7e-e77b-4433-8025-e524f08f4a59","2024_site3_trap_22__2024-07-24__22-13-48(1).JPG","gs://145625598251_2004409_606_usyd_tfe_2022__main/deployment/2310261/prod/directUpload/742f1d7e-e77b-4433-8025-e524f08f4a59.JPG",0,"Grace Heemstra","d8cabc3b-7bbe-45b0-b9a9-600e114d189b","Mammalia","","","","","Small Mammal",NA,"2024-07-24 22:13:48",1,"","",NA,NA,NA,NA,"false",NA,NA,"CC-BY-NC","",2004409,"S03_T22",151.7404167,-32.24188333,"2024-07-22 00:00:00","2024-07-25 00:00:00","Other","Universal mammal bait","None",NA,2085488,"S03_T22",0,"Camera Functioning","Knee height",NA,"Parallel",NA,NA,NA,NA,"Site_03",NA,NA,NA,NA,NA,NA,2024-07-24 22:13:48,1913,32,0.5,0
2004409,"S03_T22_2024","cea3797f-ada9-4578-b2bc-00e21f55db59","2024_site3_trap_22__2024-07-24__22-29-56(1).JPG","gs://145625598251_2004409_606_usyd_tfe_2022__main/deployment/2310261/prod/directUpload/cea3797f-ada9-4578-b2bc-00e21f55db59.JPG",0,"Grace Heemstra","d8cabc3b-7bbe-45b0-b9a9-600e114d189b","Mammalia","","","","","Small Mammal",NA,"2024-07-24 22:29:56",1,"","",NA,NA,NA,NA,"false",NA,NA,"CC-BY-NC","",2004409,"S03_T22",151.7404167,-32.24188333,"2024-07-22 00:00:00","2024-07-25 00:00:00","Other","Universal mammal bait","None",NA,2085488,"S03_T22",0,"Camera Functioning","Knee height",NA,"Parallel",NA,NA,NA,NA,"Site_03",NA,NA,NA,NA,NA,NA,2024-07-24 22:29:56,968,16,0.3,0
2004409,"S03_T22_2024","a67aef84-42f5-41de-aa13-89325dc86b8f","2024_site3_trap_22__2024-07-25__04-10-37(1).JPG","gs://145625598251_2004409_606_usyd_tfe_2022__main/deployment/2310261/prod/directUpload/a67aef84-42f5-41de-aa13-89325dc86b8f.JPG",0,"Grace Heemstra","d8cabc3b-7bbe-45b0-b9a9-600e114d189b","Mammalia","","","","","Small Mammal",NA,"2024-07-25 04:10:37",1,"","",NA,NA,NA,NA,"false",NA,NA,"CC-BY-NC","",2004409,"S03_T22",151.7404167,-32.24188333,"2024-07-22 00:00:00","2024-07-25 00:00:00","Other","Universal mammal bait","None",NA,2085488,"S03_T22",0,"Camera Functioning","Knee height",NA,"Parallel",NA,NA,NA,NA,"Site_03",NA,NA,NA,NA,NA,NA,2024-07-25 04:10:37,20441,341,5.7,0.2
2004409,"S03_T22_2024","dbc002b9-61e9-46b1-9e53-c92f2149e8fa","2024_site3_trap_22__2024-07-25__05-14-01(1).JPG","gs://145625598251_2004409_606_usyd_tfe_2022__main/deployment/2310261/prod/directUpload/dbc002b9-61e9-46b1-9e53-c92f2149e8fa.JPG",0,"Grace Heemstra","d8cabc3b-7bbe-45b0-b9a9-600e114d189b","Mammalia","","","","","Small Mammal",NA,"2024-07-25 05:14:01",1,"","",NA,NA,NA,NA,"false",NA,NA,"CC-BY-NC","{""{\""detectionBox\"":[0.558852613,0.330247641,0.977023363,0.655896306]}""}",2004409,"S03_T22",151.7404167,-32.24188333,"2024-07-22 00:00:00","2024-07-25 00:00:00","Other","Universal mammal bait","None",NA,2085488,"S03_T22",0,"Camera Functioning","Knee height",NA,"Parallel",NA,NA,NA,NA,"Site_03",NA,NA,NA,NA,NA,NA,2024-07-25 05:14:01,3804,63,1,0
2004409,"S03_T22_2024","5ad05706-91d0-45c9-a37e-17ef9134222a","2024_site3_trap_22__2024-07-25__05-19-10(3).JPG","gs://145625598251_2004409_606_usyd_tfe_2022__main/deployment/2310261/prod/directUpload/5ad05706-91d0-45c9-a37e-17ef9134222a.JPG",0,"Grace Heemstra","d8cabc3b-7bbe-45b0-b9a9-600e114d189b","Mammalia","","","","","Small Mammal",NA,"2024-07-25 05:19:10",1,"","",NA,NA,NA,NA,"false",NA,NA,"CC-BY-NC","",2004409,"S03_T22",151.7404167,-32.24188333,"2024-07-22 00:00:00","2024-07-25 00:00:00","Other","Universal mammal bait","None",NA,2085488,"S03_T22",0,"Camera Functioning","Knee height",NA,"Parallel",NA,NA,NA,NA,"Site_03",NA,NA,NA,NA,NA,NA,2024-07-25 05:19:10,309,5,0.1,0
2004409,"S03_T22_2024","06cca5ce-b1b0-4eb8-8dd9-9c1f74e6ff4d","2024_site3_trap_22__2024-07-23__08-02-20(1).JPG","gs://145625598251_2004409_606_usyd_tfe_2022__main/deployment/2310261/prod/directUpload/06cca5ce-b1b0-4eb8-8dd9-9c1f74e6ff4d.JPG",0,"Aaron Greenville","3afdd398-39f2-430c-9301-74659d81044e","Mammalia","Diprotodontia","Macropodidae","Wallabia","bicolor","Swamp Wallaby",NA,"2024-07-23 08:02:20",1,"","",NA,NA,NA,NA,"false",NA,NA,"CC-BY-NC","",2004409,"S03_T22",151.7404167,-32.24188333,"2024-07-22 00:00:00","2024-07-25 00:00:00","Other","Universal mammal bait","None",NA,2085488,"S03_T22",0,"Camera Functioning","Knee height",NA,"Parallel",NA,NA,NA,NA,"Site_03",NA,NA,NA,NA,NA,NA,2024-07-23 08:02:20,0,0,0,0
2004409,"S03_T22_2024","416689d1-3f30-4eeb-b310-0f4f26429b17","2024_site3_trap_22__2024-07-23__09-17-26(1).JPG","gs://145625598251_2004409_606_usyd_tfe_2022__main/deployment/2310261/prod/directUpload/416689d1-3f30-4eeb-b310-0f4f26429b17.JPG",0,"Aaron Greenville","3afdd398-39f2-430c-9301-74659d81044e","Mammalia","Diprotodontia","Macropodidae","Wallabia","bicolor","Swamp Wallaby",NA,"2024-07-23 09:17:26",1,"","",NA,NA,NA,NA,"false",NA,NA,"CC-BY-NC","",2004409,"S03_T22",151.7404167,-32.24188333,"2024-07-22 00:00:00","2024-07-25 00:00:00","Other","Universal mammal bait","None",NA,2085488,"S03_T22",0,"Camera Functioning","Knee height",NA,"Parallel",NA,NA,NA,NA,"Site_03",NA,NA,NA,NA,NA,NA,2024-07-23 09:17:26,4506,75,1.2,0
2004409,"S03_T22_2024","4ffe540b-4e06-4ecf-89b8-a38831df9783","2024_site3_trap_22__2024-07-24__00-12-03(1).JPG","gs://145625598251_2004409_606_usyd_tfe_2022__main/deployment/2310261/prod/directUpload/4ffe540b-4e06-4ecf-89b8-a38831df9783.JPG",0,"Aaron Greenville","3afdd398-39f2-430c-9301-74659d81044e","Mammalia","Diprotodontia","Macropodidae","Wallabia","bicolor","Swamp Wallaby",NA,"2024-07-24 00:12:03",1,"","",NA,NA,NA,NA,"false",NA,NA,"CC-BY-NC","",2004409,"S03_T22",151.7404167,-32.24188333,"2024-07-22 00:00:00","2024-07-25 00:00:00","Other","Universal mammal bait","None",NA,2085488,"S03_T22",0,"Camera Functioning","Knee height",NA,"Parallel",NA,NA,NA,NA,"Site_03",NA,NA,NA,NA,NA,NA,2024-07-24 00:12:03,53677,895,14.9,0.6
2004409,"S03_T22_2024","d63da3a2-6f04-45a3-95be-43001b37d7d5","2024_site3_trap_22__2024-07-24__04-09-42(1).JPG","gs://145625598251_2004409_606_usyd_tfe_2022__main/deployment/2310261/prod/directUpload/d63da3a2-6f04-45a3-95be-43001b37d7d5.JPG",0,"Aaron Greenville","3afdd398-39f2-430c-9301-74659d81044e","Mammalia","Diprotodontia","Macropodidae","Wallabia","bicolor","Swamp Wallaby",NA,"2024-07-24 04:09:42",1,"","",NA,NA,NA,NA,"false",NA,NA,"CC-BY-NC","",2004409,"S03_T22",151.7404167,-32.24188333,"2024-07-22 00:00:00","2024-07-25 00:00:00","Other","Universal mammal bait","None",NA,2085488,"S03_T22",0,"Camera Functioning","Knee height",NA,"Parallel",NA,NA,NA,NA,"Site_03",NA,NA,NA,NA,NA,NA,2024-07-24 04:09:42,14259,238,4,0.2
2004409,"S03_T24_2024","19dc83c8-7d83-45b5-a163-a797e9bec477","2024_site3_trap_24__2024-07-25__05-37-49(2).JPG","gs://145625598251_2004409_606_usyd_tfe_2022__main/deployment/2310262/prod/directUpload/19dc83c8-7d83-45b5-a163-a797e9bec477.JPG",0,"Grace Heemstra","00049ff0-2ffa-4d82-8cf3-c861fbbfa9d5","Mammalia","Rodentia","Muridae","Rattus","","Rattus Species",NA,"2024-07-25 05:37:49",1,"","",NA,NA,NA,NA,"false",NA,NA,"CC-BY-NC","{""{\""detectionBox\"":[0.464976937,0.116948232,0.976806581,0.587700546]}""}",2004409,"S03_T24",151.7406167,-32.24191667,"2024-07-22 00:00:00","2024-07-25 00:00:00","Other","Universal mammal bait","None",NA,2085489,"S03_T24",0,"Camera Functioning","Knee height",NA,"Parallel",NA,NA,NA,NA,"Site_03",NA,NA,NA,NA,NA,NA,2024-07-25 05:37:49,0,0,0,0
2004409,"S04_T02_2024","fd490e20-14c6-4434-9ff8-0aa5171b368c","Site04__2024_site4_trap_02__2024-07-24__11-36-10(1).JPG","gs://145625598251_2004409_606_usyd_tfe_2022__main/deployment/2310263/prod/directUpload/fd490e20-14c6-4434-9ff8-0aa5171b368c.JPG",0,"Aaron Greenville","6e975946-43db-40cf-a4bb-2977319097a1","Mammalia","Dasyuromorphia","Dasyuridae","Antechinus","","Antechinus Species",NA,"2024-07-24 11:36:10",1,"","",NA,NA,NA,NA,"false",NA,NA,"CC-BY-NC","",2004409,"S04_T02",151.7452,-32.2443,"2024-07-22 00:00:00","2024-07-25 00:00:00","Other","Universal mammal bait","None",NA,2085490,"S04_T02",0,"Camera Functioning","Knee height",NA,"Parallel",NA,NA,NA,NA,"Site_04",NA,NA,NA,NA,NA,NA,2024-07-24 11:36:10,0,0,0,0
2004409,"S04_T02_2024","7a47e3f8-09dc-4182-9763-dbfd95b4bba8","Site04__2024_site4_trap_02__2024-07-24__11-45-16(1).JPG","gs://145625598251_2004409_606_usyd_tfe_2022__main/deployment/2310263/prod/directUpload/7a47e3f8-09dc-4182-9763-dbfd95b4bba8.JPG",0,"Jordan Keevers","6e975946-43db-40cf-a4bb-2977319097a1","Mammalia","Dasyuromorphia","Dasyuridae","Antechinus","","Antechinus Species",NA,"2024-07-24 11:45:16",1,"","",NA,NA,NA,NA,"false",NA,NA,"CC-BY-NC","",2004409,"S04_T02",151.7452,-32.2443,"2024-07-22 00:00:00","2024-07-25 00:00:00","Other","Universal mammal bait","None",NA,2085490,"S04_T02",0,"Camera Functioning","Knee height",NA,"Parallel",NA,NA,NA,NA,"Site_04",NA,NA,NA,NA,NA,NA,2024-07-24 11:45:16,546,9,0.1,0
2004409,"S04_T02_2024","7f15ae20-738a-4ad2-9805-07a0d7a21347","Site04__2024_site4_trap_02__2024-07-24__12-52-59(1).JPG","gs://145625598251_2004409_606_usyd_tfe_2022__main/deployment/2310263/prod/directUpload/7f15ae20-738a-4ad2-9805-07a0d7a21347.JPG",0,"Jordan Keevers","6e975946-43db-40cf-a4bb-2977319097a1","Mammalia","Dasyuromorphia","Dasyuridae","Antechinus","","Antechinus Species",NA,"2024-07-24 12:52:59",1,"","",NA,NA,NA,NA,"false",NA,NA,"CC-BY-NC","",2004409,"S04_T02",151.7452,-32.2443,"2024-07-22 00:00:00","2024-07-25 00:00:00","Other","Universal mammal bait","None",NA,2085490,"S04_T02",0,"Camera Functioning","Knee height",NA,"Parallel",NA,NA,NA,NA,"Site_04",NA,NA,NA,NA,NA,NA,2024-07-24 12:52:59,4063,68,1.1,0
2004409,"S04_T02_2024","0ce5220a-e626-48bd-9794-fe0fcbe91095","Site04__2024_site4_trap_02__2024-07-24__13-13-25(1).JPG","gs://145625598251_2004409_606_usyd_tfe_2022__main/deployment/2310263/prod/directUpload/0ce5220a-e626-48bd-9794-fe0fcbe91095.JPG",0,"Jordan Keevers","6e975946-43db-40cf-a4bb-2977319097a1","Mammalia","Dasyuromorphia","Dasyuridae","Antechinus","","Antechinus Species",NA,"2024-07-24 13:13:25",1,"","",NA,NA,NA,NA,"false",NA,NA,"CC-BY-NC","",2004409,"S04_T02",151.7452,-32.2443,"2024-07-22 00:00:00","2024-07-25 00:00:00","Other","Universal mammal bait","None",NA,2085490,"S04_T02",0,"Camera Functioning","Knee height",NA,"Parallel",NA,NA,NA,NA,"Site_04",NA,NA,NA,NA,NA,NA,2024-07-24 13:13:25,1226,20,0.3,0
2004409,"S04_T02_2024","0f9ba1e4-a5f4-43a7-90ff-0371e06dddab","Site04__2024_site4_trap_02__2024-07-23__10-50-34(4).JPG","gs://145625598251_2004409_606_usyd_tfe_2022__main/deployment/2310263/prod/directUpload/0f9ba1e4-a5f4-43a7-90ff-0371e06dddab.JPG",0,"Jordan Keevers","b1352069-a39c-4a84-a949-60044271c0c1","Aves","","","","","Bird",NA,"2024-07-23 10:50:34",1,"","",NA,NA,NA,NA,"false",NA,NA,"CC-BY-NC","",2004409,"S04_T02",151.7452,-32.2443,"2024-07-22 00:00:00","2024-07-25 00:00:00","Other","Universal mammal bait","None",NA,2085490,"S04_T02",0,"Camera Functioning","Knee height",NA,"Parallel",NA,NA,NA,NA,"Site_04",NA,NA,NA,NA,NA,NA,2024-07-23 10:50:34,0,0,0,0
2004409,"S04_T02_2024","d4062539-cf64-423e-9282-08c7d03db611","Site04__2024_site4_trap_02__2024-07-24__11-31-28(1).JPG","gs://145625598251_2004409_606_usyd_tfe_2022__main/deployment/2310263/prod/directUpload/d4062539-cf64-423e-9282-08c7d03db611.JPG",0,"Jordan Keevers","6ccf0c56-72ce-49c5-84bd-3aca403c1b26","Mammalia","Dasyuromorphia","Dasyuridae","Antechinus","stuartii","Brown Antechinus",NA,"2024-07-24 11:31:28",1,"","",NA,NA,NA,NA,"false",NA,NA,"CC-BY-NC","",2004409,"S04_T02",151.7452,-32.2443,"2024-07-22 00:00:00","2024-07-25 00:00:00","Other","Universal mammal bait","None",NA,2085490,"S04_T02",0,"Camera Functioning","Knee height",NA,"Parallel",NA,NA,NA,NA,"Site_04",NA,NA,NA,NA,NA,NA,2024-07-24 11:31:28,0,0,0,0
2004409,"S04_T02_2024","67c320aa-ee57-4849-ba57-9cf121cf0e4a","Site04__2024_site4_trap_02__2024-07-24__11-36-30(19).JPG","gs://145625598251_2004409_606_usyd_tfe_2022__main/deployment/2310263/prod/directUpload/67c320aa-ee57-4849-ba57-9cf121cf0e4a.JPG",0,"Jordan Keevers","6ccf0c56-72ce-49c5-84bd-3aca403c1b26","Mammalia","Dasyuromorphia","Dasyuridae","Antechinus","stuartii","Brown Antechinus",NA,"2024-07-24 11:36:30",1,"","",NA,NA,NA,NA,"false",NA,NA,"CC-BY-NC","",2004409,"S04_T02",151.7452,-32.2443,"2024-07-22 00:00:00","2024-07-25 00:00:00","Other","Universal mammal bait","None",NA,2085490,"S04_T02",0,"Camera Functioning","Knee height",NA,"Parallel",NA,NA,NA,NA,"Site_04",NA,NA,NA,NA,NA,NA,2024-07-24 11:36:30,302,5,0.1,0
2004409,"S04_T02_2024","b594253d-b7eb-40d0-beb1-5590101f0b11","Site04__2024_site4_trap_02__2024-07-22__18-04-47(1).JPG","gs://145625598251_2004409_606_usyd_tfe_2022__main/deployment/2310263/prod/directUpload/b594253d-b7eb-40d0-beb1-5590101f0b11.JPG",0,"Aaron Greenville","00049ff0-2ffa-4d82-8cf3-c861fbbfa9d5","Mammalia","Rodentia","Muridae","Rattus","","Rattus Species",NA,"2024-07-22 18:04:47",1,"","",NA,NA,NA,NA,"false",NA,NA,"CC-BY-NC","{""{\""detectionBox\"":[0.366661638,0.5782969,0.615754247,0.677788258]}""}",2004409,"S04_T02",151.7452,-32.2443,"2024-07-22 00:00:00","2024-07-25 00:00:00","Other","Universal mammal bait","None",NA,2085490,"S04_T02",0,"Camera Functioning","Knee height",NA,"Parallel",NA,NA,NA,NA,"Site_04",NA,NA,NA,NA,NA,NA,2024-07-22 18:04:47,0,0,0,0
2004409,"S04_T02_2024","f3fc9dfc-12cf-4ff9-806a-da6124fb4c6e","Site04__2024_site4_trap_02__2024-07-24__19-30-59(7).JPG","gs://145625598251_2004409_606_usyd_tfe_2022__main/deployment/2310263/prod/directUpload/f3fc9dfc-12cf-4ff9-806a-da6124fb4c6e.JPG",0,"Jordan Keevers","00049ff0-2ffa-4d82-8cf3-c861fbbfa9d5","Mammalia","Rodentia","Muridae","Rattus","","Rattus Species",NA,"2024-07-24 19:30:59",1,"","",NA,NA,NA,NA,"false",NA,NA,"CC-BY-NC","{""{\""detectionBox\"":[0.468583643,0.501594245,0.626104176,0.70048362]}""}",2004409,"S04_T02",151.7452,-32.2443,"2024-07-22 00:00:00","2024-07-25 00:00:00","Other","Universal mammal bait","None",NA,2085490,"S04_T02",0,"Camera Functioning","Knee height",NA,"Parallel",NA,NA,NA,NA,"Site_04",NA,NA,NA,NA,NA,NA,2024-07-24 19:30:59,177972,2966,49.4,2.1
2004409,"S04_T02_2024","d3b89728-fd7a-441d-820d-62da2368bd65","Site04__2024_site4_trap_02__2024-07-22__18-04-56(4).JPG","gs://145625598251_2004409_606_usyd_tfe_2022__main/deployment/2310263/prod/directUpload/d3b89728-fd7a-441d-820d-62da2368bd65.JPG",0,"Jordan Keevers","90d950db-2106-4bd9-a4c1-777604c3eada","Mammalia","Rodentia","","","","Rodent",NA,"2024-07-22 18:04:56",1,"","",NA,NA,NA,NA,"false",NA,NA,"CC-BY-NC","{""{\""detectionBox\"":[0.447741121,0.57118392,0.62759012,0.67410171]}""}",2004409,"S04_T02",151.7452,-32.2443,"2024-07-22 00:00:00","2024-07-25 00:00:00","Other","Universal mammal bait","None",NA,2085490,"S04_T02",0,"Camera Functioning","Knee height",NA,"Parallel",NA,NA,NA,NA,"Site_04",NA,NA,NA,NA,NA,NA,2024-07-22 18:04:56,0,0,0,0
2004409,"S04_T02_2024","bdcabde4-84aa-4e07-9f4c-05ae7dec39b8","Site04__2024_site4_trap_02__2024-07-24__19-30-47(1).JPG","gs://145625598251_2004409_606_usyd_tfe_2022__main/deployment/2310263/prod/directUpload/bdcabde4-84aa-4e07-9f4c-05ae7dec39b8.JPG",0,"Jordan Keevers","90d950db-2106-4bd9-a4c1-777604c3eada","Mammalia","Rodentia","","","","Rodent",NA,"2024-07-24 19:30:47",1,"","",NA,NA,NA,NA,"false",NA,NA,"CC-BY-NC","{""{\""detectionBox\"":[0.38459903,0.612970352,0.588549435,0.789817452]}""}",2004409,"S04_T02",151.7452,-32.2443,"2024-07-22 00:00:00","2024-07-25 00:00:00","Other","Universal mammal bait","None",NA,2085490,"S04_T02",0,"Camera Functioning","Knee height",NA,"Parallel",NA,NA,NA,NA,"Site_04",NA,NA,NA,NA,NA,NA,2024-07-24 19:30:47,177951,2966,49.4,2.1
2004409,"S04_T02_2024","3b6bb020-7641-471e-b1d3-4e27aa3589dd","Site04__2024_site4_trap_02__2024-07-24__19-49-21(1).JPG","gs://145625598251_2004409_606_usyd_tfe_2022__main/deployment/2310263/prod/directUpload/3b6bb020-7641-471e-b1d3-4e27aa3589dd.JPG",0,"Jordan Keevers","90d950db-2106-4bd9-a4c1-777604c3eada","Mammalia","Rodentia","","","","Rodent",NA,"2024-07-24 19:49:21",1,"","",NA,NA,NA,NA,"false",NA,NA,"CC-BY-NC","",2004409,"S04_T02",151.7452,-32.2443,"2024-07-22 00:00:00","2024-07-25 00:00:00","Other","Universal mammal bait","None",NA,2085490,"S04_T02",0,"Camera Functioning","Knee height",NA,"Parallel",NA,NA,NA,NA,"Site_04",NA,NA,NA,NA,NA,NA,2024-07-24 19:49:21,1114,19,0.3,0
2004409,"S04_T02_2024","a8eaa101-605e-44ce-adf8-b373528a5b12","Site04__2024_site4_trap_02__2024-07-25__04-49-58(1).JPG","gs://145625598251_2004409_606_usyd_tfe_2022__main/deployment/2310263/prod/directUpload/a8eaa101-605e-44ce-adf8-b373528a5b12.JPG",0,"Jordan Keevers","90d950db-2106-4bd9-a4c1-777604c3eada","Mammalia","Rodentia","","","","Rodent",NA,"2024-07-25 04:49:58",1,"","",NA,NA,NA,NA,"false",NA,NA,"CC-BY-NC","",2004409,"S04_T02",151.7452,-32.2443,"2024-07-22 00:00:00","2024-07-25 00:00:00","Other","Universal mammal bait","None",NA,2085490,"S04_T02",0,"Camera Functioning","Knee height",NA,"Parallel",NA,NA,NA,NA,"Site_04",NA,NA,NA,NA,NA,NA,2024-07-25 04:49:58,32437,541,9,0.4
2004409,"S04_T02_2024","e91295d5-25b3-4412-9e3a-7ff214aba588","Site04__2024_site4_trap_02__2024-07-22__11-24-54(1).JPG","gs://145625598251_2004409_606_usyd_tfe_2022__main/deployment/2310263/prod/directUpload/e91295d5-25b3-4412-9e3a-7ff214aba588.JPG",0,"Aaron Greenville","3450b781-acf9-4bdf-af8f-c555034e0271","Aves","Passeriformes","Acanthizidae","Sericornis","citreogularis","Yellow-throated Scrubwren",NA,"2024-07-22 11:24:54",1,"","",NA,NA,NA,NA,"false",NA,NA,"CC-BY-NC","{""{\""detectionBox\"":[0.507260859,0.187550873,0.700783074,0.340982527]}""}",2004409,"S04_T02",151.7452,-32.2443,"2024-07-22 00:00:00","2024-07-25 00:00:00","Other","Universal mammal bait","None",NA,2085490,"S04_T02",0,"Camera Functioning","Knee height",NA,"Parallel",NA,NA,NA,NA,"Site_04",NA,NA,NA,NA,NA,NA,2024-07-22 11:24:54,0,0,0,0
2004409,"S04_T02_2024","21a91770-aff2-4869-aa31-da533fe298d8","Site04__2024_site4_trap_02__2024-07-22__13-25-10(1).JPG","gs://145625598251_2004409_606_usyd_tfe_2022__main/deployment/2310263/prod/directUpload/21a91770-aff2-4869-aa31-da533fe298d8.JPG",0,"Jordan Keevers","3450b781-acf9-4bdf-af8f-c555034e0271","Aves","Passeriformes","Acanthizidae","Sericornis","citreogularis","Yellow-throated Scrubwren",NA,"2024-07-22 13:25:10",1,"","",NA,NA,NA,NA,"false",NA,NA,"CC-BY-NC","",2004409,"S04_T02",151.7452,-32.2443,"2024-07-22 00:00:00","2024-07-25 00:00:00","Other","Universal mammal bait","None",NA,2085490,"S04_T02",0,"Camera Functioning","Knee height",NA,"Parallel",NA,NA,NA,NA,"Site_04",NA,NA,NA,NA,NA,NA,2024-07-22 13:25:10,7216,120,2,0.1
2004409,"S04_T02_2024","a2f9a35a-552d-4027-b727-1df5cc50bbb4","Site04__2024_site4_trap_02__2024-07-22__15-31-43(1).JPG","gs://145625598251_2004409_606_usyd_tfe_2022__main/deployment/2310263/prod/directUpload/a2f9a35a-552d-4027-b727-1df5cc50bbb4.JPG",0,"Jordan Keevers","3450b781-acf9-4bdf-af8f-c555034e0271","Aves","Passeriformes","Acanthizidae","Sericornis","citreogularis","Yellow-throated Scrubwren",NA,"2024-07-22 15:31:43",1,"","",NA,NA,NA,NA,"false",NA,NA,"CC-BY-NC","{""{\""detectionBox\"":[0.489376843,0.242825776,0.647168219,0.388396293]}""}",2004409,"S04_T02",151.7452,-32.2443,"2024-07-22 00:00:00","2024-07-25 00:00:00","Other","Universal mammal bait","None",NA,2085490,"S04_T02",0,"Camera Functioning","Knee height",NA,"Parallel",NA,NA,NA,NA,"Site_04",NA,NA,NA,NA,NA,NA,2024-07-22 15:31:43,7593,127,2.1,0.1
2004409,"S04_T02_2024","7ebcbc2b-d4c8-4398-bae9-f409a53cdc06","Site04__2024_site4_trap_02__2024-07-23__10-50-32(1).JPG","gs://145625598251_2004409_606_usyd_tfe_2022__main/deployment/2310263/prod/directUpload/7ebcbc2b-d4c8-4398-bae9-f409a53cdc06.JPG",0,"Jordan Keevers","3450b781-acf9-4bdf-af8f-c555034e0271","Aves","Passeriformes","Acanthizidae","Sericornis","citreogularis","Yellow-throated Scrubwren",NA,"2024-07-23 10:50:32",1,"","",NA,NA,NA,NA,"false",NA,NA,"CC-BY-NC","{""{\""detectionBox\"":[0.517652214,0.480971724,0.661158919,0.661076605]}""}",2004409,"S04_T02",151.7452,-32.2443,"2024-07-22 00:00:00","2024-07-25 00:00:00","Other","Universal mammal bait","None",NA,2085490,"S04_T02",0,"Camera Functioning","Knee height",NA,"Parallel",NA,NA,NA,NA,"Site_04",NA,NA,NA,NA,NA,NA,2024-07-23 10:50:32,69529,1159,19.3,0.8
2004409,"S04_T02_2024","63283659-abb6-42d0-a52e-6686ffd29e89","Site04__2024_site4_trap_02__2024-07-24__07-38-53(1).JPG","gs://145625598251_2004409_606_usyd_tfe_2022__main/deployment/2310263/prod/directUpload/63283659-abb6-42d0-a52e-6686ffd29e89.JPG",0,"Jordan Keevers","3450b781-acf9-4bdf-af8f-c555034e0271","Aves","Passeriformes","Acanthizidae","Sericornis","citreogularis","Yellow-throated Scrubwren",NA,"2024-07-24 07:38:53",1,"","",NA,NA,NA,NA,"false",NA,NA,"CC-BY-NC","{""{\""detectionBox\"":[0.441306412,0.512967765,0.615953743,0.706435]}""}",2004409,"S04_T02",151.7452,-32.2443,"2024-07-22 00:00:00","2024-07-25 00:00:00","Other","Universal mammal bait","None",NA,2085490,"S04_T02",0,"Camera Functioning","Knee height",NA,"Parallel",NA,NA,NA,NA,"Site_04",NA,NA,NA,NA,NA,NA,2024-07-24 07:38:53,74901,1248,20.8,0.9
2004409,"S04_T06_2024","d1300730-a923-40f3-a091-a9206bfdd730","Site04__2024_site4_trap_06__2024-07-23__06-13-36(1).JPG","gs://145625598251_2004409_606_usyd_tfe_2022__main/deployment/2310265/prod/directUpload/d1300730-a923-40f3-a091-a9206bfdd730.JPG",0,"Aaron Greenville","6e975946-43db-40cf-a4bb-2977319097a1","Mammalia","Dasyuromorphia","Dasyuridae","Antechinus","","Antechinus Species",NA,"2024-07-23 06:13:36",1,"","",NA,NA,NA,NA,"false",NA,NA,"CC-BY-NC","{""{\""detectionBox\"":[0.829565346,0.782124162,0.956358433,0.94329381]}""}",2004409,"S04_T06",151.7456,-32.2442,"2024-07-22 00:00:00","2024-07-25 00:00:00","Other","Universal mammal bait","None",NA,2085492,"S04_T06",0,"Camera Functioning","Knee height",NA,"Parallel",NA,NA,NA,NA,"Site_04",NA,NA,NA,NA,NA,NA,2024-07-23 06:13:36,0,0,0,0
2004409,"S04_T06_2024","dadba50f-0ef1-48d1-b9f7-5e3e24ac1d1d","Site04__2024_site4_trap_06__2024-07-23__06-52-25(1).JPG","gs://145625598251_2004409_606_usyd_tfe_2022__main/deployment/2310265/prod/directUpload/dadba50f-0ef1-48d1-b9f7-5e3e24ac1d1d.JPG",0,"Aaron Greenville","6e975946-43db-40cf-a4bb-2977319097a1","Mammalia","Dasyuromorphia","Dasyuridae","Antechinus","","Antechinus Species",NA,"2024-07-23 06:52:25",1,"","",NA,NA,NA,NA,"false",NA,NA,"CC-BY-NC","",2004409,"S04_T06",151.7456,-32.2442,"2024-07-22 00:00:00","2024-07-25 00:00:00","Other","Universal mammal bait","None",NA,2085492,"S04_T06",0,"Camera Functioning","Knee height",NA,"Parallel",NA,NA,NA,NA,"Site_04",NA,NA,NA,NA,NA,NA,2024-07-23 06:52:25,2329,39,0.7,0
2004409,"S04_T06_2024","7c486fd3-56ae-4849-a20e-fafa625ea687","Site04__2024_site4_trap_06__2024-07-25__08-12-58(1).JPG","gs://145625598251_2004409_606_usyd_tfe_2022__main/deployment/2310265/prod/directUpload/7c486fd3-56ae-4849-a20e-fafa625ea687.JPG",0,"Jordan Keevers","b1352069-a39c-4a84-a949-60044271c0c1","Aves","","","","","Bird",NA,"2024-07-25 08:12:58",1,"","",NA,NA,NA,NA,"false",NA,NA,"CC-BY-NC","",2004409,"S04_T06",151.7456,-32.2442,"2024-07-22 00:00:00","2024-07-25 00:00:00","Other","Universal mammal bait","None",NA,2085492,"S04_T06",0,"Camera Functioning","Knee height",NA,"Parallel",NA,NA,NA,NA,"Site_04",NA,NA,NA,NA,NA,NA,2024-07-25 08:12:58,0,0,0,0
2004409,"S04_T06_2024","e877a4c8-7211-42db-8554-73ed7428c2a8","Site04__2024_site4_trap_06__2024-07-23__06-12-53(1).JPG","gs://145625598251_2004409_606_usyd_tfe_2022__main/deployment/2310265/prod/directUpload/e877a4c8-7211-42db-8554-73ed7428c2a8.JPG",0,"Jordan Keevers","f2d233e3-80e3-433d-9687-e29ecc7a467a","Mammalia","","","","","Mammal",NA,"2024-07-23 06:12:53",1,"","",NA,NA,NA,NA,"false",NA,NA,"CC-BY-NC","{""{\""detectionBox\"":[0.517938852,0.597665,0.603341579,0.726470888]}""}",2004409,"S04_T06",151.7456,-32.2442,"2024-07-22 00:00:00","2024-07-25 00:00:00","Other","Universal mammal bait","None",NA,2085492,"S04_T06",0,"Camera Functioning","Knee height",NA,"Parallel",NA,NA,NA,NA,"Site_04",NA,NA,NA,NA,NA,NA,2024-07-23 06:12:53,0,0,0,0
2004409,"S04_T06_2024","3f8d1168-09eb-477a-a76e-e88c4ce14032","Site04__2024_site4_trap_06__2024-07-22__17-46-27(1).JPG","gs://145625598251_2004409_606_usyd_tfe_2022__main/deployment/2310265/prod/directUpload/3f8d1168-09eb-477a-a76e-e88c4ce14032.JPG",0,"Jordan Keevers","90d950db-2106-4bd9-a4c1-777604c3eada","Mammalia","Rodentia","","","","Rodent",NA,"2024-07-22 17:46:27",1,"","",NA,NA,NA,NA,"false",NA,NA,"CC-BY-NC","{""{\""detectionBox\"":[0.891037583,0.513508379,0.97736758,0.677156389]}""}",2004409,"S04_T06",151.7456,-32.2442,"2024-07-22 00:00:00","2024-07-25 00:00:00","Other","Universal mammal bait","None",NA,2085492,"S04_T06",0,"Camera Functioning","Knee height",NA,"Parallel",NA,NA,NA,NA,"Site_04",NA,NA,NA,NA,NA,NA,2024-07-22 17:46:27,0,0,0,0
2004409,"S04_T06_2024","fe152676-d071-4722-b1da-7d143cdf6c44","Site04__2024_site4_trap_06__2024-07-24__18-17-01(1).JPG","gs://145625598251_2004409_606_usyd_tfe_2022__main/deployment/2310265/prod/directUpload/fe152676-d071-4722-b1da-7d143cdf6c44.JPG",0,"Jordan Keevers","90d950db-2106-4bd9-a4c1-777604c3eada","Mammalia","Rodentia","","","","Rodent",NA,"2024-07-24 18:17:01",1,"","",NA,NA,NA,NA,"false",NA,NA,"CC-BY-NC","{""{\""detectionBox\"":[0.679801047,0.0694290251,0.89151758,0.353903472]}""}",2004409,"S04_T06",151.7456,-32.2442,"2024-07-22 00:00:00","2024-07-25 00:00:00","Other","Universal mammal bait","None",NA,2085492,"S04_T06",0,"Camera Functioning","Knee height",NA,"Parallel",NA,NA,NA,NA,"Site_04",NA,NA,NA,NA,NA,NA,2024-07-24 18:17:01,174634,2911,48.5,2
2004409,"S04_T06_2024","3586a0cc-1e3e-4871-b70f-bf0d0c348947","Site04__2024_site4_trap_06__2024-07-24__12-22-35(1).JPG","gs://145625598251_2004409_606_usyd_tfe_2022__main/deployment/2310265/prod/directUpload/3586a0cc-1e3e-4871-b70f-bf0d0c348947.JPG",0,"Jordan Keevers","3450b781-acf9-4bdf-af8f-c555034e0271","Aves","Passeriformes","Acanthizidae","Sericornis","citreogularis","Yellow-throated Scrubwren",NA,"2024-07-24 12:22:35",1,"","",NA,NA,NA,NA,"false",NA,NA,"CC-BY-NC","{""{\""detectionBox\"":[0.812176287,0.524337113,0.977284491,0.716818035]}""}",2004409,"S04_T06",151.7456,-32.2442,"2024-07-22 00:00:00","2024-07-25 00:00:00","Other","Universal mammal bait","None",NA,2085492,"S04_T06",0,"Camera Functioning","Knee height",NA,"Parallel",NA,NA,NA,NA,"Site_04",NA,NA,NA,NA,NA,NA,2024-07-24 12:22:35,0,0,0,0
2004409,"S04_T06_2024","dd992839-a82d-4fbc-a267-57fce413605f","Site04__2024_site4_trap_06__2024-07-24__12-58-10(1).JPG","gs://145625598251_2004409_606_usyd_tfe_2022__main/deployment/2310265/prod/directUpload/dd992839-a82d-4fbc-a267-57fce413605f.JPG",0,"Jordan Keevers","3450b781-acf9-4bdf-af8f-c555034e0271","Aves","Passeriformes","Acanthizidae","Sericornis","citreogularis","Yellow-throated Scrubwren",NA,"2024-07-24 12:58:10",1,"","",NA,NA,NA,NA,"false",NA,NA,"CC-BY-NC","{""{\""detectionBox\"":[0.852327,0.258568883,0.977734566,0.405770123]}""}",2004409,"S04_T06",151.7456,-32.2442,"2024-07-22 00:00:00","2024-07-25 00:00:00","Other","Universal mammal bait","None",NA,2085492,"S04_T06",0,"Camera Functioning","Knee height",NA,"Parallel",NA,NA,NA,NA,"Site_04",NA,NA,NA,NA,NA,NA,2024-07-24 12:58:10,2135,36,0.6,0
2004409,"S04_T06_2024","3b75b882-2074-4534-bb88-68b1db9a6665","Site04__2024_site4_trap_06__2024-07-24__15-59-29(2).JPG","gs://145625598251_2004409_606_usyd_tfe_2022__main/deployment/2310265/prod/directUpload/3b75b882-2074-4534-bb88-68b1db9a6665.JPG",0,"Jordan Keevers","3450b781-acf9-4bdf-af8f-c555034e0271","Aves","Passeriformes","Acanthizidae","Sericornis","citreogularis","Yellow-throated Scrubwren",NA,"2024-07-24 15:59:29",1,"","",NA,NA,NA,NA,"false",NA,NA,"CC-BY-NC","",2004409,"S04_T06",151.7456,-32.2442,"2024-07-22 00:00:00","2024-07-25 00:00:00","Other","Universal mammal bait","None",NA,2085492,"S04_T06",0,"Camera Functioning","Knee height",NA,"Parallel",NA,NA,NA,NA,"Site_04",NA,NA,NA,NA,NA,NA,2024-07-24 15:59:29,10879,181,3,0.1
2004409,"S04_T08_2024","3b632e34-8013-45fd-adfb-77644d624bcb","Site04__2024_site4_trap_08__2024-07-23__10-05-01(1).JPG","gs://145625598251_2004409_606_usyd_tfe_2022__main/deployment/2310266/prod/directUpload/3b632e34-8013-45fd-adfb-77644d624bcb.JPG",0,"Jordan Keevers","6e975946-43db-40cf-a4bb-2977319097a1","Mammalia","Dasyuromorphia","Dasyuridae","Antechinus","","Antechinus Species",NA,"2024-07-23 10:05:01",1,"","",NA,NA,NA,NA,"false",NA,NA,"CC-BY-NC","",2004409,"S04_T08",151.7457,-32.2441,"2024-07-22 00:00:00","2024-07-25 00:00:00","Other","Universal mammal bait","None",NA,2085493,"S04_T08",0,"Camera Functioning","Knee height",NA,"Parallel",NA,NA,NA,NA,"Site_04",NA,NA,NA,NA,NA,NA,2024-07-23 10:05:01,0,0,0,0
2004409,"S04_T08_2024","ec781524-6a8f-442d-b380-13b7d28f771d","Site04__2024_site4_trap_08__2024-07-24__17-27-28(4).JPG","gs://145625598251_2004409_606_usyd_tfe_2022__main/deployment/2310266/prod/directUpload/ec781524-6a8f-442d-b380-13b7d28f771d.JPG",0,"Aidan Lowe","6e975946-43db-40cf-a4bb-2977319097a1","Mammalia","Dasyuromorphia","Dasyuridae","Antechinus","","Antechinus Species",NA,"2024-07-24 17:27:28",1,"","",NA,NA,NA,NA,"false",NA,NA,"CC-BY-NC","{""{\""detectionBox\"":[0.687883437,0.571160853,0.933920741,0.649431169]}""}",2004409,"S04_T08",151.7457,-32.2441,"2024-07-22 00:00:00","2024-07-25 00:00:00","Other","Universal mammal bait","None",NA,2085493,"S04_T08",0,"Camera Functioning","Knee height",NA,"Parallel",NA,NA,NA,NA,"Site_04",NA,NA,NA,NA,NA,NA,2024-07-24 17:27:28,112947,1882,31.4,1.3
2004409,"S04_T08_2024","ced4aba6-7ea1-427f-af8c-e7bde345ba16","Site04__2024_site4_trap_08__2024-07-24__18-40-45(1).JPG","gs://145625598251_2004409_606_usyd_tfe_2022__main/deployment/2310266/prod/directUpload/ced4aba6-7ea1-427f-af8c-e7bde345ba16.JPG",0,"Aidan Lowe","6e975946-43db-40cf-a4bb-2977319097a1","Mammalia","Dasyuromorphia","Dasyuridae","Antechinus","","Antechinus Species",NA,"2024-07-24 18:40:45",1,"","",NA,NA,NA,NA,"false",NA,NA,"CC-BY-NC","{""{\""detectionBox\"":[0.503922164,0.36419785,0.675451577,0.560084164]}""}",2004409,"S04_T08",151.7457,-32.2441,"2024-07-22 00:00:00","2024-07-25 00:00:00","Other","Universal mammal bait","None",NA,2085493,"S04_T08",0,"Camera Functioning","Knee height",NA,"Parallel",NA,NA,NA,NA,"Site_04",NA,NA,NA,NA,NA,NA,2024-07-24 18:40:45,4397,73,1.2,0
2004409,"S04_T08_2024","7b9db761-899b-45c3-b6c4-da9a88683ffb","Site04__2024_site4_trap_08__2024-07-24__19-18-32(1).JPG","gs://145625598251_2004409_606_usyd_tfe_2022__main/deployment/2310266/prod/directUpload/7b9db761-899b-45c3-b6c4-da9a88683ffb.JPG",0,"Aidan Lowe","6e975946-43db-40cf-a4bb-2977319097a1","Mammalia","Dasyuromorphia","Dasyuridae","Antechinus","","Antechinus Species",NA,"2024-07-24 19:18:32",1,"","",NA,NA,NA,NA,"false",NA,NA,"CC-BY-NC","{""{\""detectionBox\"":[0.156383067,0.640190065,0.364134312,0.772324264]}""}",2004409,"S04_T08",151.7457,-32.2441,"2024-07-22 00:00:00","2024-07-25 00:00:00","Other","Universal mammal bait","None",NA,2085493,"S04_T08",0,"Camera Functioning","Knee height",NA,"Parallel",NA,NA,NA,NA,"Site_04",NA,NA,NA,NA,NA,NA,2024-07-24 19:18:32,2267,38,0.6,0
2004409,"S04_T08_2024","a1da4e33-87c9-4f04-95e8-ad6b365ecad8","Site04__2024_site4_trap_08__2024-07-24__23-02-34(1).JPG","gs://145625598251_2004409_606_usyd_tfe_2022__main/deployment/2310266/prod/directUpload/a1da4e33-87c9-4f04-95e8-ad6b365ecad8.JPG",0,"Aidan Lowe","6e975946-43db-40cf-a4bb-2977319097a1","Mammalia","Dasyuromorphia","Dasyuridae","Antechinus","","Antechinus Species",NA,"2024-07-24 23:02:34",1,"","",NA,NA,NA,NA,"false",NA,NA,"CC-BY-NC","{""{\""detectionBox\"":[0.883723497,0.436707556,0.977967322,0.590457737]}""}",2004409,"S04_T08",151.7457,-32.2441,"2024-07-22 00:00:00","2024-07-25 00:00:00","Other","Universal mammal bait","None",NA,2085493,"S04_T08",0,"Camera Functioning","Knee height",NA,"Parallel",NA,NA,NA,NA,"Site_04",NA,NA,NA,NA,NA,NA,2024-07-24 23:02:34,13442,224,3.7,0.2
2004409,"S04_T08_2024","fa2cd230-dac7-43d0-bb75-63b5600eaf0b","Site04__2024_site4_trap_08__2024-07-25__03-40-58(1).JPG","gs://145625598251_2004409_606_usyd_tfe_2022__main/deployment/2310266/prod/directUpload/fa2cd230-dac7-43d0-bb75-63b5600eaf0b.JPG",0,"Aidan Lowe","6e975946-43db-40cf-a4bb-2977319097a1","Mammalia","Dasyuromorphia","Dasyuridae","Antechinus","","Antechinus Species",NA,"2024-07-25 03:40:58",1,"","",NA,NA,NA,NA,"false",NA,NA,"CC-BY-NC","{""{\""detectionBox\"":[0.437069535,0.224763453,0.606769741,0.320170522]}""}",2004409,"S04_T08",151.7457,-32.2441,"2024-07-22 00:00:00","2024-07-25 00:00:00","Other","Universal mammal bait","None",NA,2085493,"S04_T08",0,"Camera Functioning","Knee height",NA,"Parallel",NA,NA,NA,NA,"Site_04",NA,NA,NA,NA,NA,NA,2024-07-25 03:40:58,16704,278,4.6,0.2
2004409,"S04_T08_2024","556ede97-550d-4e7f-a9e5-c57b2babf1f6","Site04__2024_site4_trap_08__2024-07-23__10-25-58(1).JPG","gs://145625598251_2004409_606_usyd_tfe_2022__main/deployment/2310266/prod/directUpload/556ede97-550d-4e7f-a9e5-c57b2babf1f6.JPG",0,"Jordan Keevers","b1352069-a39c-4a84-a949-60044271c0c1","Aves","","","","","Bird",NA,"2024-07-23 10:25:58",1,"","",NA,NA,NA,NA,"false",NA,NA,"CC-BY-NC","{""{\""detectionBox\"":[0.569208145,0.82381773,0.948398352,0.951569557]}""}",2004409,"S04_T08",151.7457,-32.2441,"2024-07-22 00:00:00","2024-07-25 00:00:00","Other","Universal mammal bait","None",NA,2085493,"S04_T08",0,"Camera Functioning","Knee height",NA,"Parallel",NA,NA,NA,NA,"Site_04",NA,NA,NA,NA,NA,NA,2024-07-23 10:25:58,0,0,0,0
2004409,"S04_T08_2024","bcdc7247-fbdc-4465-aa21-59e33dcc6a0b","Site04__2024_site4_trap_08__2024-07-23__17-12-45(1).JPG","gs://145625598251_2004409_606_usyd_tfe_2022__main/deployment/2310266/prod/directUpload/bcdc7247-fbdc-4465-aa21-59e33dcc6a0b.JPG",0,"Jordan Keevers","b1352069-a39c-4a84-a949-60044271c0c1","Aves","","","","","Bird",NA,"2024-07-23 17:12:45",1,"","",NA,NA,NA,NA,"false",NA,NA,"CC-BY-NC","{""{\""detectionBox\"":[0.444933,0.337533265,0.594836712,0.471733]}""}",2004409,"S04_T08",151.7457,-32.2441,"2024-07-22 00:00:00","2024-07-25 00:00:00","Other","Universal mammal bait","None",NA,2085493,"S04_T08",0,"Camera Functioning","Knee height",NA,"Parallel",NA,NA,NA,NA,"Site_04",NA,NA,NA,NA,NA,NA,2024-07-23 17:12:45,24407,407,6.8,0.3
2004409,"S04_T08_2024","a5cd75cb-5a7b-4a80-9036-388357966404","Site04__2024_site4_trap_08__2024-07-24__10-24-32(1).JPG","gs://145625598251_2004409_606_usyd_tfe_2022__main/deployment/2310266/prod/directUpload/a5cd75cb-5a7b-4a80-9036-388357966404.JPG",0,"Aidan Lowe","b1352069-a39c-4a84-a949-60044271c0c1","Aves","","","","","Bird",NA,"2024-07-24 10:24:32",1,"","",NA,NA,NA,NA,"false",NA,NA,"CC-BY-NC","{""{\""detectionBox\"":[0.519866645,0.245041952,0.651924074,0.373708844]}""}",2004409,"S04_T08",151.7457,-32.2441,"2024-07-22 00:00:00","2024-07-25 00:00:00","Other","Universal mammal bait","None",NA,2085493,"S04_T08",0,"Camera Functioning","Knee height",NA,"Parallel",NA,NA,NA,NA,"Site_04",NA,NA,NA,NA,NA,NA,2024-07-24 10:24:32,61907,1032,17.2,0.7
2004409,"S04_T08_2024","0c46ad72-787f-4916-af19-92049dedbe52","Site04__2024_site4_trap_08__2024-07-24__10-35-51(1).JPG","gs://145625598251_2004409_606_usyd_tfe_2022__main/deployment/2310266/prod/directUpload/0c46ad72-787f-4916-af19-92049dedbe52.JPG",0,"Aidan Lowe","b1352069-a39c-4a84-a949-60044271c0c1","Aves","","","","","Bird",NA,"2024-07-24 10:35:51",1,"","",NA,NA,NA,NA,"false",NA,NA,"CC-BY-NC","{""{\""detectionBox\"":[0.554489,0.202026516,0.68350482,0.328174919]}""}",2004409,"S04_T08",151.7457,-32.2441,"2024-07-22 00:00:00","2024-07-25 00:00:00","Other","Universal mammal bait","None",NA,2085493,"S04_T08",0,"Camera Functioning","Knee height",NA,"Parallel",NA,NA,NA,NA,"Site_04",NA,NA,NA,NA,NA,NA,2024-07-24 10:35:51,679,11,0.2,0
2004409,"S04_T08_2024","0889cc62-e2c4-4879-8781-666dba424ed3","Site04__2024_site4_trap_08__2024-07-24__10-48-17(1).JPG","gs://145625598251_2004409_606_usyd_tfe_2022__main/deployment/2310266/prod/directUpload/0889cc62-e2c4-4879-8781-666dba424ed3.JPG",0,"Aidan Lowe","b1352069-a39c-4a84-a949-60044271c0c1","Aves","","","","","Bird",NA,"2024-07-24 10:48:17",1,"","",NA,NA,NA,NA,"false",NA,NA,"CC-BY-NC","",2004409,"S04_T08",151.7457,-32.2441,"2024-07-22 00:00:00","2024-07-25 00:00:00","Other","Universal mammal bait","None",NA,2085493,"S04_T08",0,"Camera Functioning","Knee height",NA,"Parallel",NA,NA,NA,NA,"Site_04",NA,NA,NA,NA,NA,NA,2024-07-24 10:48:17,746,12,0.2,0
2004409,"S04_T08_2024","84a05dd0-bc34-49a4-8c8c-891d732015dd","Site04__2024_site4_trap_08__2024-07-24__11-53-44(1).JPG","gs://145625598251_2004409_606_usyd_tfe_2022__main/deployment/2310266/prod/directUpload/84a05dd0-bc34-49a4-8c8c-891d732015dd.JPG",0,"Aidan Lowe","b1352069-a39c-4a84-a949-60044271c0c1","Aves","","","","","Bird",NA,"2024-07-24 11:53:44",1,"","",NA,NA,NA,NA,"false",NA,NA,"CC-BY-NC","{""{\""detectionBox\"":[0.533618927,0.211340412,0.685097873,0.323273778]}""}",2004409,"S04_T08",151.7457,-32.2441,"2024-07-22 00:00:00","2024-07-25 00:00:00","Other","Universal mammal bait","None",NA,2085493,"S04_T08",0,"Camera Functioning","Knee height",NA,"Parallel",NA,NA,NA,NA,"Site_04",NA,NA,NA,NA,NA,NA,2024-07-24 11:53:44,3927,65,1.1,0
2004409,"S04_T08_2024","b2af1100-6e82-4607-bc1b-debaa36b31d0","Site04__2024_site4_trap_08__2024-07-24__12-11-46(1).JPG","gs://145625598251_2004409_606_usyd_tfe_2022__main/deployment/2310266/prod/directUpload/b2af1100-6e82-4607-bc1b-debaa36b31d0.JPG",0,"Aidan Lowe","b1352069-a39c-4a84-a949-60044271c0c1","Aves","","","","","Bird",NA,"2024-07-24 12:11:46",1,"","",NA,NA,NA,NA,"false",NA,NA,"CC-BY-NC","{""{\""detectionBox\"":[0.546565592,0.217076242,0.681262195,0.273305833]}""}",2004409,"S04_T08",151.7457,-32.2441,"2024-07-22 00:00:00","2024-07-25 00:00:00","Other","Universal mammal bait","None",NA,2085493,"S04_T08",0,"Camera Functioning","Knee height",NA,"Parallel",NA,NA,NA,NA,"Site_04",NA,NA,NA,NA,NA,NA,2024-07-24 12:11:46,1082,18,0.3,0
2004409,"S04_T08_2024","c085c5a8-975d-44ec-bb53-f4205d24b2af","Site04__2024_site4_trap_08__2024-07-24__13-45-24(4).JPG","gs://145625598251_2004409_606_usyd_tfe_2022__main/deployment/2310266/prod/directUpload/c085c5a8-975d-44ec-bb53-f4205d24b2af.JPG",0,"Aidan Lowe","b1352069-a39c-4a84-a949-60044271c0c1","Aves","","","","","Bird",NA,"2024-07-24 13:45:24",1,"","",NA,NA,NA,NA,"false",NA,NA,"CC-BY-NC","{""{\""detectionBox\"":[0.541973829,0.366037577,0.697822094,0.479889661]}""}",2004409,"S04_T08",151.7457,-32.2441,"2024-07-22 00:00:00","2024-07-25 00:00:00","Other","Universal mammal bait","None",NA,2085493,"S04_T08",0,"Camera Functioning","Knee height",NA,"Parallel",NA,NA,NA,NA,"Site_04",NA,NA,NA,NA,NA,NA,2024-07-24 13:45:24,5618,94,1.6,0.1
2004409,"S04_T08_2024","d0eaf0af-5172-4575-ab2d-c6774b79309b","Site04__2024_site4_trap_08__2024-07-24__15-06-23(1).JPG","gs://145625598251_2004409_606_usyd_tfe_2022__main/deployment/2310266/prod/directUpload/d0eaf0af-5172-4575-ab2d-c6774b79309b.JPG",0,"Aidan Lowe","b1352069-a39c-4a84-a949-60044271c0c1","Aves","","","","","Bird",NA,"2024-07-24 15:06:23",1,"","",NA,NA,NA,NA,"false",NA,NA,"CC-BY-NC","{""{\""detectionBox\"":[0.50878495,0.292050779,0.634933591,0.426524103]}""}",2004409,"S04_T08",151.7457,-32.2441,"2024-07-22 00:00:00","2024-07-25 00:00:00","Other","Universal mammal bait","None",NA,2085493,"S04_T08",0,"Camera Functioning","Knee height",NA,"Parallel",NA,NA,NA,NA,"Site_04",NA,NA,NA,NA,NA,NA,2024-07-24 15:06:23,4859,81,1.4,0.1
2004409,"S04_T08_2024","d3d2462c-da3e-4702-8fb4-4709d29028d3","Site04__2024_site4_trap_08__2024-07-23__16-08-18(1).JPG","gs://145625598251_2004409_606_usyd_tfe_2022__main/deployment/2310266/prod/directUpload/d3d2462c-da3e-4702-8fb4-4709d29028d3.JPG",0,"Jordan Keevers","44e634c2-78f9-4183-9e00-33f36a4a141e","Aves","Passeriformes","Petroicidae","Eopsaltria","australis","Eastern Yellow Robin",NA,"2024-07-23 16:08:18",1,"","",NA,NA,NA,NA,"false",NA,NA,"CC-BY-NC","{""{\""detectionBox\"":[0.414489329,0.536587,0.574852407,0.627618194]}""}",2004409,"S04_T08",151.7457,-32.2441,"2024-07-22 00:00:00","2024-07-25 00:00:00","Other","Universal mammal bait","None",NA,2085493,"S04_T08",0,"Camera Functioning","Knee height",NA,"Parallel",NA,NA,NA,NA,"Site_04",NA,NA,NA,NA,NA,NA,2024-07-23 16:08:18,0,0,0,0
2004409,"S04_T08_2024","89d11007-857e-4a75-a20a-ac362794decc","Site04__2024_site4_trap_08__2024-07-24__20-18-56(1).JPG","gs://145625598251_2004409_606_usyd_tfe_2022__main/deployment/2310266/prod/directUpload/89d11007-857e-4a75-a20a-ac362794decc.JPG",0,"Aidan Lowe","00049ff0-2ffa-4d82-8cf3-c861fbbfa9d5","Mammalia","Rodentia","Muridae","Rattus","","Rattus Species",NA,"2024-07-24 20:18:56",1,"","",NA,NA,NA,NA,"false",NA,NA,"CC-BY-NC","{""{\""detectionBox\"":[0.459350437,0.589979827,0.646409631,0.712017953]}""}",2004409,"S04_T08",151.7457,-32.2441,"2024-07-22 00:00:00","2024-07-25 00:00:00","Other","Universal mammal bait","None",NA,2085493,"S04_T08",0,"Camera Functioning","Knee height",NA,"Parallel",NA,NA,NA,NA,"Site_04",NA,NA,NA,NA,NA,NA,2024-07-24 20:18:56,0,0,0,0
2004409,"S04_T08_2024","f5a04215-409e-438c-ba1e-6ca2abf69eab","Site04__2024_site4_trap_08__2024-07-23__19-37-14(1).JPG","gs://145625598251_2004409_606_usyd_tfe_2022__main/deployment/2310266/prod/directUpload/f5a04215-409e-438c-ba1e-6ca2abf69eab.JPG",0,"Jordan Keevers","90d950db-2106-4bd9-a4c1-777604c3eada","Mammalia","Rodentia","","","","Rodent",NA,"2024-07-23 19:37:14",1,"","",NA,NA,NA,NA,"false",NA,NA,"CC-BY-NC","{""{\""detectionBox\"":[0.273681462,0.561660051,0.536186457,0.734840155]}""}",2004409,"S04_T08",151.7457,-32.2441,"2024-07-22 00:00:00","2024-07-25 00:00:00","Other","Universal mammal bait","None",NA,2085493,"S04_T08",0,"Camera Functioning","Knee height",NA,"Parallel",NA,NA,NA,NA,"Site_04",NA,NA,NA,NA,NA,NA,2024-07-23 19:37:14,0,0,0,0
2004409,"S04_T08_2024","2c09a586-7e7a-481b-a1dd-f6d81e0b4d6a","Site04__2024_site4_trap_08__2024-07-24__20-04-25(1).JPG","gs://145625598251_2004409_606_usyd_tfe_2022__main/deployment/2310266/prod/directUpload/2c09a586-7e7a-481b-a1dd-f6d81e0b4d6a.JPG",0,"Aidan Lowe","90d950db-2106-4bd9-a4c1-777604c3eada","Mammalia","Rodentia","","","","Rodent",NA,"2024-07-24 20:04:25",1,"","",NA,NA,NA,NA,"false",NA,NA,"CC-BY-NC","{""{\""detectionBox\"":[0.399156719,0.609179735,0.636628509,0.770377517]}""}",2004409,"S04_T08",151.7457,-32.2441,"2024-07-22 00:00:00","2024-07-25 00:00:00","Other","Universal mammal bait","None",NA,2085493,"S04_T08",0,"Camera Functioning","Knee height",NA,"Parallel",NA,NA,NA,NA,"Site_04",NA,NA,NA,NA,NA,NA,2024-07-24 20:04:25,88031,1467,24.4,1
2004409,"S04_T08_2024","20ac7bdf-48d6-4fb6-846f-a5b6d5a140ac","Site04__2024_site4_trap_08__2024-07-24__20-13-28(1).JPG","gs://145625598251_2004409_606_usyd_tfe_2022__main/deployment/2310266/prod/directUpload/20ac7bdf-48d6-4fb6-846f-a5b6d5a140ac.JPG",0,"Aidan Lowe","90d950db-2106-4bd9-a4c1-777604c3eada","Mammalia","Rodentia","","","","Rodent",NA,"2024-07-24 20:13:28",1,"","",NA,NA,NA,NA,"false",NA,NA,"CC-BY-NC","{""{\""detectionBox\"":[0.543715239,0.272039413,0.73622,0.525793493]}""}",2004409,"S04_T08",151.7457,-32.2441,"2024-07-22 00:00:00","2024-07-25 00:00:00","Other","Universal mammal bait","None",NA,2085493,"S04_T08",0,"Camera Functioning","Knee height",NA,"Parallel",NA,NA,NA,NA,"Site_04",NA,NA,NA,NA,NA,NA,2024-07-24 20:13:28,543,9,0.1,0
2004409,"S04_T08_2024","89d11007-857e-4a75-a20a-ac362794decc","Site04__2024_site4_trap_08__2024-07-24__20-18-56(1).JPG","gs://145625598251_2004409_606_usyd_tfe_2022__main/deployment/2310266/prod/directUpload/89d11007-857e-4a75-a20a-ac362794decc.JPG",0,"Aidan Lowe","90d950db-2106-4bd9-a4c1-777604c3eada","Mammalia","Rodentia","","","","Rodent",NA,"2024-07-24 20:18:56",2,"","",NA,NA,NA,NA,"false",NA,NA,"CC-BY-NC","{""{\""detectionBox\"":[0.459350437,0.589979827,0.646409631,0.712017953]}""}",2004409,"S04_T08",151.7457,-32.2441,"2024-07-22 00:00:00","2024-07-25 00:00:00","Other","Universal mammal bait","None",NA,2085493,"S04_T08",0,"Camera Functioning","Knee height",NA,"Parallel",NA,NA,NA,NA,"Site_04",NA,NA,NA,NA,NA,NA,2024-07-24 20:18:56,328,5,0.1,0
2004409,"S04_T08_2024","e438f890-c29b-436c-8249-434c1f081d13","Site04__2024_site4_trap_08__2024-07-24__20-39-00(1).JPG","gs://145625598251_2004409_606_usyd_tfe_2022__main/deployment/2310266/prod/directUpload/e438f890-c29b-436c-8249-434c1f081d13.JPG",0,"Aidan Lowe","90d950db-2106-4bd9-a4c1-777604c3eada","Mammalia","Rodentia","","","","Rodent",NA,"2024-07-24 20:39:00",1,"","",NA,NA,NA,NA,"false",NA,NA,"CC-BY-NC","{""{\""detectionBox\"":[0.464096248,0.780789077,0.620295465,0.882741153]}""}",2004409,"S04_T08",151.7457,-32.2441,"2024-07-22 00:00:00","2024-07-25 00:00:00","Other","Universal mammal bait","None",NA,2085493,"S04_T08",0,"Camera Functioning","Knee height",NA,"Parallel",NA,NA,NA,NA,"Site_04",NA,NA,NA,NA,NA,NA,2024-07-24 20:39:00,1204,20,0.3,0
2004409,"S04_T08_2024","1116f3a5-fcec-4d77-8052-11203ad6ea5e","Site04__2024_site4_trap_08__2024-07-24__22-09-26(1).JPG","gs://145625598251_2004409_606_usyd_tfe_2022__main/deployment/2310266/prod/directUpload/1116f3a5-fcec-4d77-8052-11203ad6ea5e.JPG",0,"Aidan Lowe","90d950db-2106-4bd9-a4c1-777604c3eada","Mammalia","Rodentia","","","","Rodent",NA,"2024-07-24 22:09:26",1,"","",NA,NA,NA,NA,"false",NA,NA,"CC-BY-NC","{""{\""detectionBox\"":[0.447368383,0.580985963,0.645988643,0.723053277]}""}",2004409,"S04_T08",151.7457,-32.2441,"2024-07-22 00:00:00","2024-07-25 00:00:00","Other","Universal mammal bait","None",NA,2085493,"S04_T08",0,"Camera Functioning","Knee height",NA,"Parallel",NA,NA,NA,NA,"Site_04",NA,NA,NA,NA,NA,NA,2024-07-24 22:09:26,5426,90,1.5,0.1
2004409,"S04_T08_2024","6a888a39-b93f-43aa-bd4a-11c54a94cc55","Site04__2024_site4_trap_08__2024-07-25__01-03-40(1).JPG","gs://145625598251_2004409_606_usyd_tfe_2022__main/deployment/2310266/prod/directUpload/6a888a39-b93f-43aa-bd4a-11c54a94cc55.JPG",0,"Aidan Lowe","90d950db-2106-4bd9-a4c1-777604c3eada","Mammalia","Rodentia","","","","Rodent",NA,"2024-07-25 01:03:40",1,"","",NA,NA,NA,NA,"false",NA,NA,"CC-BY-NC","",2004409,"S04_T08",151.7457,-32.2441,"2024-07-22 00:00:00","2024-07-25 00:00:00","Other","Universal mammal bait","None",NA,2085493,"S04_T08",0,"Camera Functioning","Knee height",NA,"Parallel",NA,NA,NA,NA,"Site_04",NA,NA,NA,NA,NA,NA,2024-07-25 01:03:40,10454,174,2.9,0.1
2004409,"S04_T08_2024","45d3d29c-dbf9-4a86-9a44-b8a286629a6c","Site04__2024_site4_trap_08__2024-07-25__02-22-15(1).JPG","gs://145625598251_2004409_606_usyd_tfe_2022__main/deployment/2310266/prod/directUpload/45d3d29c-dbf9-4a86-9a44-b8a286629a6c.JPG",0,"Aidan Lowe","90d950db-2106-4bd9-a4c1-777604c3eada","Mammalia","Rodentia","","","","Rodent",NA,"2024-07-25 02:22:15",1,"","",NA,NA,NA,NA,"false",NA,NA,"CC-BY-NC","{""{\""detectionBox\"":[0.743901849,0.511716843,0.974339068,0.612481594]}""}",2004409,"S04_T08",151.7457,-32.2441,"2024-07-22 00:00:00","2024-07-25 00:00:00","Other","Universal mammal bait","None",NA,2085493,"S04_T08",0,"Camera Functioning","Knee height",NA,"Parallel",NA,NA,NA,NA,"Site_04",NA,NA,NA,NA,NA,NA,2024-07-25 02:22:15,4715,79,1.3,0.1
2004409,"S04_T08_2024","2971564e-d05a-44dc-ad02-4e9e2d7943cf","Site04__2024_site4_trap_08__2024-07-25__04-15-05(1).JPG","gs://145625598251_2004409_606_usyd_tfe_2022__main/deployment/2310266/prod/directUpload/2971564e-d05a-44dc-ad02-4e9e2d7943cf.JPG",0,"Aidan Lowe","90d950db-2106-4bd9-a4c1-777604c3eada","Mammalia","Rodentia","","","","Rodent",NA,"2024-07-25 04:15:05",1,"","",NA,NA,NA,NA,"false",NA,NA,"CC-BY-NC","{""{\""detectionBox\"":[0.379095465,0.584615588,0.533593595,0.757404804]}""}",2004409,"S04_T08",151.7457,-32.2441,"2024-07-22 00:00:00","2024-07-25 00:00:00","Other","Universal mammal bait","None",NA,2085493,"S04_T08",0,"Camera Functioning","Knee height",NA,"Parallel",NA,NA,NA,NA,"Site_04",NA,NA,NA,NA,NA,NA,2024-07-25 04:15:05,6770,113,1.9,0.1
2004409,"S04_T08_2024","5eed80c1-8f00-432e-993e-1958d410c55d","Site04__2024_site4_trap_08__2024-07-24__17-27-17(1).JPG","gs://145625598251_2004409_606_usyd_tfe_2022__main/deployment/2310266/prod/directUpload/5eed80c1-8f00-432e-993e-1958d410c55d.JPG",0,"Aidan Lowe","d8cabc3b-7bbe-45b0-b9a9-600e114d189b","Mammalia","","","","","Small Mammal",NA,"2024-07-24 17:27:17",1,"","",NA,NA,NA,NA,"false",NA,NA,"CC-BY-NC","{""{\""detectionBox\"":[0.514027596,0.561694741,0.727146566,0.632100701]}""}",2004409,"S04_T08",151.7457,-32.2441,"2024-07-22 00:00:00","2024-07-25 00:00:00","Other","Universal mammal bait","None",NA,2085493,"S04_T08",0,"Camera Functioning","Knee height",NA,"Parallel",NA,NA,NA,NA,"Site_04",NA,NA,NA,NA,NA,NA,2024-07-24 17:27:17,0,0,0,0
2004409,"S04_T08_2024","b87881ba-a110-4a9c-9d93-fc033e37cf13","Site04__2024_site4_trap_08__2024-07-24__23-02-42(4).JPG","gs://145625598251_2004409_606_usyd_tfe_2022__main/deployment/2310266/prod/directUpload/b87881ba-a110-4a9c-9d93-fc033e37cf13.JPG",0,"Aidan Lowe","d8cabc3b-7bbe-45b0-b9a9-600e114d189b","Mammalia","","","","","Small Mammal",NA,"2024-07-24 23:02:42",1,"","",NA,NA,NA,NA,"false",NA,NA,"CC-BY-NC","{""{\""detectionBox\"":[0.52865392,0.413502872,0.663134933,0.630140841]}""}",2004409,"S04_T08",151.7457,-32.2441,"2024-07-22 00:00:00","2024-07-25 00:00:00","Other","Universal mammal bait","None",NA,2085493,"S04_T08",0,"Camera Functioning","Knee height",NA,"Parallel",NA,NA,NA,NA,"Site_04",NA,NA,NA,NA,NA,NA,2024-07-24 23:02:42,20125,335,5.6,0.2
2004409,"S04_T08_2024","8533e945-83c5-4abd-998e-820ef1be01d4","Site04__2024_site4_trap_08__2024-07-25__01-15-02(1).JPG","gs://145625598251_2004409_606_usyd_tfe_2022__main/deployment/2310266/prod/directUpload/8533e945-83c5-4abd-998e-820ef1be01d4.JPG",0,"Aidan Lowe","d8cabc3b-7bbe-45b0-b9a9-600e114d189b","Mammalia","","","","","Small Mammal",NA,"2024-07-25 01:15:02",1,"","",NA,NA,NA,NA,"false",NA,NA,"CC-BY-NC","{""{\""detectionBox\"":[0.56995815,0.0382415876,0.682332397,0.196720064]}""}",2004409,"S04_T08",151.7457,-32.2441,"2024-07-22 00:00:00","2024-07-25 00:00:00","Other","Universal mammal bait","None",NA,2085493,"S04_T08",0,"Camera Functioning","Knee height",NA,"Parallel",NA,NA,NA,NA,"Site_04",NA,NA,NA,NA,NA,NA,2024-07-25 01:15:02,7940,132,2.2,0.1
2004409,"S04_T08_2024","68c3a638-c790-42c6-93de-be7bb45fa020","Site04__2024_site4_trap_08__2024-07-25__04-11-36(1).JPG","gs://145625598251_2004409_606_usyd_tfe_2022__main/deployment/2310266/prod/directUpload/68c3a638-c790-42c6-93de-be7bb45fa020.JPG",0,"Aidan Lowe","d8cabc3b-7bbe-45b0-b9a9-600e114d189b","Mammalia","","","","","Small Mammal",NA,"2024-07-25 04:11:36",1,"","",NA,NA,NA,NA,"false",NA,NA,"CC-BY-NC","{""{\""detectionBox\"":[0.606303751,0.559868932,0.848401606,0.694816947]}""}",2004409,"S04_T08",151.7457,-32.2441,"2024-07-22 00:00:00","2024-07-25 00:00:00","Other","Universal mammal bait","None",NA,2085493,"S04_T08",0,"Camera Functioning","Knee height",NA,"Parallel",NA,NA,NA,NA,"Site_04",NA,NA,NA,NA,NA,NA,2024-07-25 04:11:36,10594,177,3,0.1
2004409,"S04_T08_2024","84b6fd05-847a-45f3-ab4f-830bfed3e18e","Site04__2024_site4_trap_08__2024-07-24__17-58-01(2).JPG","gs://145625598251_2004409_606_usyd_tfe_2022__main/deployment/2310266/prod/directUpload/84b6fd05-847a-45f3-ab4f-830bfed3e18e.JPG",0,"Aidan Lowe","0b4734a4-4a91-43c4-83fa-f7b9f4e2c741","Mammalia","Diprotodontia","Phalangeridae","Trichosurus","","Trichosurus Species",NA,"2024-07-24 17:58:01",1,"","",NA,NA,NA,NA,"false",NA,NA,"CC-BY-NC","{""{\""detectionBox\"":[0.621818602,0.765711963,0.97421968,0.998981893]}""}",2004409,"S04_T08",151.7457,-32.2441,"2024-07-22 00:00:00","2024-07-25 00:00:00","Other","Universal mammal bait","None",NA,2085493,"S04_T08",0,"Camera Functioning","Knee height",NA,"Parallel",NA,NA,NA,NA,"Site_04",NA,NA,NA,NA,NA,NA,2024-07-24 17:58:01,0,0,0,0
2004409,"S04_T08_2024","d493c984-68a4-4006-ac90-b8363a65de91","Site04__2024_site4_trap_08__2024-07-24__18-03-50(1).JPG","gs://145625598251_2004409_606_usyd_tfe_2022__main/deployment/2310266/prod/directUpload/d493c984-68a4-4006-ac90-b8363a65de91.JPG",0,"Aidan Lowe","0b4734a4-4a91-43c4-83fa-f7b9f4e2c741","Mammalia","Diprotodontia","Phalangeridae","Trichosurus","","Trichosurus Species",NA,"2024-07-24 18:03:50",1,"","",NA,NA,NA,NA,"false",NA,NA,"CC-BY-NC","{""{\""detectionBox\"":[0.414981186,0,0.979507744,0.448455751]}""}",2004409,"S04_T08",151.7457,-32.2441,"2024-07-22 00:00:00","2024-07-25 00:00:00","Other","Universal mammal bait","None",NA,2085493,"S04_T08",0,"Camera Functioning","Knee height",NA,"Parallel",NA,NA,NA,NA,"Site_04",NA,NA,NA,NA,NA,NA,2024-07-24 18:03:50,349,6,0.1,0
2004409,"S04_T08_2024","8d7f4dff-827b-4b5b-abd3-bbab4328277d","Site04__2024_site4_trap_08__2024-07-24__21-55-26(1).JPG","gs://145625598251_2004409_606_usyd_tfe_2022__main/deployment/2310266/prod/directUpload/8d7f4dff-827b-4b5b-abd3-bbab4328277d.JPG",0,"Aidan Lowe","0b4734a4-4a91-43c4-83fa-f7b9f4e2c741","Mammalia","Diprotodontia","Phalangeridae","Trichosurus","","Trichosurus Species",NA,"2024-07-24 21:55:26",1,"","",NA,NA,NA,NA,"false",NA,NA,"CC-BY-NC","{""{\""detectionBox\"":[0.0306603536,0.402386338,0.640294135,0.996481419]}""}",2004409,"S04_T08",151.7457,-32.2441,"2024-07-22 00:00:00","2024-07-25 00:00:00","Other","Universal mammal bait","None",NA,2085493,"S04_T08",0,"Camera Functioning","Knee height",NA,"Parallel",NA,NA,NA,NA,"Site_04",NA,NA,NA,NA,NA,NA,2024-07-24 21:55:26,13896,232,3.9,0.2
2004409,"S04_T10_2024","045d4869-28a2-40b1-8a3c-7fdb569dd520","Site04__2024_site4_trap_10__2024-07-24__21-44-11(1).JPG","gs://145625598251_2004409_606_usyd_tfe_2022__main/deployment/2310267/prod/directUpload/045d4869-28a2-40b1-8a3c-7fdb569dd520.JPG",0,"Aidan Lowe","1f689929-883d-4dae-958c-3d57ab5b6c16","","","","","","Animal",NA,"2024-07-24 21:44:11",1,"","",NA,NA,NA,NA,"false",NA,NA,"CC-BY-NC","{""{\""detectionBox\"":[0.525303245,0.434763193,0.972782493,1]}""}",2004409,"S04_T10",151.7458,-32.2441,"2024-07-22 00:00:00","2024-07-25 00:00:00","Other","Universal mammal bait","None",NA,2085494,"S04_T10",0,"Camera Functioning","Knee height",NA,"Parallel",NA,NA,NA,NA,"Site_04",NA,NA,NA,NA,NA,NA,2024-07-24 21:44:11,0,0,0,0
2004409,"S04_T10_2024","f86782aa-0b29-4a05-8211-4e06f658d884","Site04__2024_site4_trap_10__2024-07-23__04-32-40(1).JPG","gs://145625598251_2004409_606_usyd_tfe_2022__main/deployment/2310267/prod/directUpload/f86782aa-0b29-4a05-8211-4e06f658d884.JPG",0,"Aidan Lowe","90d950db-2106-4bd9-a4c1-777604c3eada","Mammalia","Rodentia","","","","Rodent",NA,"2024-07-23 04:32:40",1,"","",NA,NA,NA,NA,"false",NA,NA,"CC-BY-NC","",2004409,"S04_T10",151.7458,-32.2441,"2024-07-22 00:00:00","2024-07-25 00:00:00","Other","Universal mammal bait","None",NA,2085494,"S04_T10",0,"Camera Functioning","Knee height",NA,"Parallel",NA,NA,NA,NA,"Site_04",NA,NA,NA,NA,NA,NA,2024-07-23 04:32:40,0,0,0,0
2004409,"S04_T10_2024","7e6da2b8-3f41-43f5-aa5c-f072beb8abf3","Site04__2024_site4_trap_10__2024-07-24__19-02-54(2).JPG","gs://145625598251_2004409_606_usyd_tfe_2022__main/deployment/2310267/prod/directUpload/7e6da2b8-3f41-43f5-aa5c-f072beb8abf3.JPG",0,"Aidan Lowe","e3df98de-20bf-44e2-a0a6-6fb2adc35519","Mammalia","Diprotodontia","Phalangeridae","Trichosurus","caninus","Short-eared Brushtail Possum",NA,"2024-07-24 19:02:54",1,"","",NA,NA,NA,NA,"false",NA,NA,"CC-BY-NC","",2004409,"S04_T10",151.7458,-32.2441,"2024-07-22 00:00:00","2024-07-25 00:00:00","Other","Universal mammal bait","None",NA,2085494,"S04_T10",0,"Camera Functioning","Knee height",NA,"Parallel",NA,NA,NA,NA,"Site_04",NA,NA,NA,NA,NA,NA,2024-07-24 19:02:54,0,0,0,0
2004409,"S04_T10_2024","f7ff88ae-f170-4b45-a1f6-d921d14b6160","Site04__2024_site4_trap_10__2024-07-24__21-24-51(4).JPG","gs://145625598251_2004409_606_usyd_tfe_2022__main/deployment/2310267/prod/directUpload/f7ff88ae-f170-4b45-a1f6-d921d14b6160.JPG",0,"Aidan Lowe","e3df98de-20bf-44e2-a0a6-6fb2adc35519","Mammalia","Diprotodontia","Phalangeridae","Trichosurus","caninus","Short-eared Brushtail Possum",NA,"2024-07-24 21:24:51",1,"","",NA,NA,NA,NA,"false",NA,NA,"CC-BY-NC","{""{\""detectionBox\"":[0.263389707,0.454160571,0.978699446,0.999916553]}""}",2004409,"S04_T10",151.7458,-32.2441,"2024-07-22 00:00:00","2024-07-25 00:00:00","Other","Universal mammal bait","None",NA,2085494,"S04_T10",0,"Camera Functioning","Knee height",NA,"Parallel",NA,NA,NA,NA,"Site_04",NA,NA,NA,NA,NA,NA,2024-07-24 21:24:51,8517,142,2.4,0.1
2004409,"S04_T10_2024","8ea89193-d2c8-4861-8b58-42623f21a5be","Site04__2024_site4_trap_10__2024-07-24__21-44-25(4).JPG","gs://145625598251_2004409_606_usyd_tfe_2022__main/deployment/2310267/prod/directUpload/8ea89193-d2c8-4861-8b58-42623f21a5be.JPG",0,"Aidan Lowe","e3df98de-20bf-44e2-a0a6-6fb2adc35519","Mammalia","Diprotodontia","Phalangeridae","Trichosurus","caninus","Short-eared Brushtail Possum",NA,"2024-07-24 21:44:25",1,"","",NA,NA,NA,NA,"false",NA,NA,"CC-BY-NC","",2004409,"S04_T10",151.7458,-32.2441,"2024-07-22 00:00:00","2024-07-25 00:00:00","Other","Universal mammal bait","None",NA,2085494,"S04_T10",0,"Camera Functioning","Knee height",NA,"Parallel",NA,NA,NA,NA,"Site_04",NA,NA,NA,NA,NA,NA,2024-07-24 21:44:25,1174,20,0.3,0
2004409,"S04_T10_2024","8ef637e0-8982-4e92-811f-99d8e3720a2f","Site04__2024_site4_trap_10__2024-07-24__19-04-22(1).JPG","gs://145625598251_2004409_606_usyd_tfe_2022__main/deployment/2310267/prod/directUpload/8ef637e0-8982-4e92-811f-99d8e3720a2f.JPG",0,"Aidan Lowe","0b4734a4-4a91-43c4-83fa-f7b9f4e2c741","Mammalia","Diprotodontia","Phalangeridae","Trichosurus","","Trichosurus Species",NA,"2024-07-24 19:04:22",1,"","",NA,NA,NA,NA,"false",NA,NA,"CC-BY-NC","{""{\""detectionBox\"":[0.0238219593,0.380710304,0.603774607,0.713840783]}""}",2004409,"S04_T10",151.7458,-32.2441,"2024-07-22 00:00:00","2024-07-25 00:00:00","Other","Universal mammal bait","None",NA,2085494,"S04_T10",0,"Camera Functioning","Knee height",NA,"Parallel",NA,NA,NA,NA,"Site_04",NA,NA,NA,NA,NA,NA,2024-07-24 19:04:22,0,0,0,0
2004409,"S04_T10_2024","e6aca836-2aaa-42c0-9ce3-51837ff5c23a","Site04__2024_site4_trap_10__2024-07-24__21-24-50(2).JPG","gs://145625598251_2004409_606_usyd_tfe_2022__main/deployment/2310267/prod/directUpload/e6aca836-2aaa-42c0-9ce3-51837ff5c23a.JPG",0,"Aidan Lowe","0b4734a4-4a91-43c4-83fa-f7b9f4e2c741","Mammalia","Diprotodontia","Phalangeridae","Trichosurus","","Trichosurus Species",NA,"2024-07-24 21:24:50",1,"","",NA,NA,NA,NA,"false",NA,NA,"CC-BY-NC","{""{\""detectionBox\"":[0.535526752,0.735355318,0.976107299,1]}""}",2004409,"S04_T10",151.7458,-32.2441,"2024-07-22 00:00:00","2024-07-25 00:00:00","Other","Universal mammal bait","None",NA,2085494,"S04_T10",0,"Camera Functioning","Knee height",NA,"Parallel",NA,NA,NA,NA,"Site_04",NA,NA,NA,NA,NA,NA,2024-07-24 21:24:50,8428,140,2.3,0.1
2004409,"S04_T12_2024","106c10aa-d390-41ac-969f-8ba42ace3fce","Site04__2024_site4_trap_12__2024-07-24__22-03-56(10).JPG","gs://145625598251_2004409_606_usyd_tfe_2022__main/deployment/2310268/prod/directUpload/106c10aa-d390-41ac-969f-8ba42ace3fce.JPG",0,"Aidan Lowe","1f689929-883d-4dae-958c-3d57ab5b6c16","","","","","","Animal",NA,"2024-07-24 22:03:56",1,"","",NA,NA,NA,NA,"false",NA,NA,"CC-BY-NC","{""{\""detectionBox\"":[0.537849188,0.0257137716,0.973689377,0.546006918]}""}",2004409,"S04_T12",151.7458,-32.2437,"2024-07-22 00:00:00","2024-07-25 00:00:00","Other","Universal mammal bait","None",NA,2085495,"S04_T12",0,"Camera Functioning","Knee height",NA,"Parallel",NA,NA,NA,NA,"Site_04",NA,NA,NA,NA,NA,NA,2024-07-24 22:03:56,0,0,0,0
2004409,"S04_T12_2024","1b7e846d-42e0-48f5-8850-13b4c59d756d","Site04__2024_site4_trap_12__2024-07-24__16-07-15(1).JPG","gs://145625598251_2004409_606_usyd_tfe_2022__main/deployment/2310268/prod/directUpload/1b7e846d-42e0-48f5-8850-13b4c59d756d.JPG",0,"Aidan Lowe","6e975946-43db-40cf-a4bb-2977319097a1","Mammalia","Dasyuromorphia","Dasyuridae","Antechinus","","Antechinus Species",NA,"2024-07-24 16:07:15",1,"","",NA,NA,NA,NA,"false",NA,NA,"CC-BY-NC","",2004409,"S04_T12",151.7458,-32.2437,"2024-07-22 00:00:00","2024-07-25 00:00:00","Other","Universal mammal bait","None",NA,2085495,"S04_T12",0,"Camera Functioning","Knee height",NA,"Parallel",NA,NA,NA,NA,"Site_04",NA,NA,NA,NA,NA,NA,2024-07-24 16:07:15,0,0,0,0
2004409,"S04_T12_2024","0cc98231-3940-4e0e-9f1e-6266ace81f2a","Site04__2024_site4_trap_12__2024-07-22__15-01-24(1).JPG","gs://145625598251_2004409_606_usyd_tfe_2022__main/deployment/2310268/prod/directUpload/0cc98231-3940-4e0e-9f1e-6266ace81f2a.JPG",0,"Aaron Greenville","2f833b9c-3f9e-431f-b6e7-1d6dca01a0b6","Aves","Passeriformes","Turdidae","Zoothera","lunulata","Bassian Thrush",NA,"2024-07-22 15:01:24",1,"","",NA,NA,NA,NA,"false",NA,NA,"CC-BY-NC","{""{\""detectionBox\"":[0.693064332,0.00246307254,0.952319384,0.376568288]}""}",2004409,"S04_T12",151.7458,-32.2437,"2024-07-22 00:00:00","2024-07-25 00:00:00","Other","Universal mammal bait","None",NA,2085495,"S04_T12",0,"Camera Functioning","Knee height",NA,"Parallel",NA,NA,NA,NA,"Site_04",NA,NA,NA,NA,NA,NA,2024-07-22 15:01:24,0,0,0,0
2004409,"S04_T12_2024","04f7466a-4572-425c-a21d-54da06d6ea44","Site04__2024_site4_trap_12__2024-07-23__09-24-03(1).JPG","gs://145625598251_2004409_606_usyd_tfe_2022__main/deployment/2310268/prod/directUpload/04f7466a-4572-425c-a21d-54da06d6ea44.JPG",0,"Aaron Greenville","2f833b9c-3f9e-431f-b6e7-1d6dca01a0b6","Aves","Passeriformes","Turdidae","Zoothera","lunulata","Bassian Thrush",NA,"2024-07-23 09:24:03",1,"","",NA,NA,NA,NA,"false",NA,NA,"CC-BY-NC","{""{\""detectionBox\"":[0.614630759,0.179182902,0.981042087,0.550263584]}""}",2004409,"S04_T12",151.7458,-32.2437,"2024-07-22 00:00:00","2024-07-25 00:00:00","Other","Universal mammal bait","None",NA,2085495,"S04_T12",0,"Camera Functioning","Knee height",NA,"Parallel",NA,NA,NA,NA,"Site_04",NA,NA,NA,NA,NA,NA,2024-07-23 09:24:03,66159,1103,18.4,0.8
2004409,"S04_T12_2024","c5b50a70-9142-4726-a805-aded7dddc86e","Site04__2024_site4_trap_12__2024-07-23__09-39-01(1).JPG","gs://145625598251_2004409_606_usyd_tfe_2022__main/deployment/2310268/prod/directUpload/c5b50a70-9142-4726-a805-aded7dddc86e.JPG",0,"Aaron Greenville","2f833b9c-3f9e-431f-b6e7-1d6dca01a0b6","Aves","Passeriformes","Turdidae","Zoothera","lunulata","Bassian Thrush",NA,"2024-07-23 09:39:01",1,"","",NA,NA,NA,NA,"false",NA,NA,"CC-BY-NC","{""{\""detectionBox\"":[0.523145199,0.822744906,0.70294112,0.986055672]}""}",2004409,"S04_T12",151.7458,-32.2437,"2024-07-22 00:00:00","2024-07-25 00:00:00","Other","Universal mammal bait","None",NA,2085495,"S04_T12",0,"Camera Functioning","Knee height",NA,"Parallel",NA,NA,NA,NA,"Site_04",NA,NA,NA,NA,NA,NA,2024-07-23 09:39:01,898,15,0.2,0
2004409,"S04_T12_2024","809f070d-3497-4de5-b943-ba16c3791b8b","Site04__2024_site4_trap_12__2024-07-23__14-40-59(1).JPG","gs://145625598251_2004409_606_usyd_tfe_2022__main/deployment/2310268/prod/directUpload/809f070d-3497-4de5-b943-ba16c3791b8b.JPG",0,"Aaron Greenville","2f833b9c-3f9e-431f-b6e7-1d6dca01a0b6","Aves","Passeriformes","Turdidae","Zoothera","lunulata","Bassian Thrush",NA,"2024-07-23 14:40:59",1,"","",NA,NA,NA,NA,"false",NA,NA,"CC-BY-NC","{""{\""detectionBox\"":[0.503666937,0.84204042,0.804189742,0.960638285]}""}",2004409,"S04_T12",151.7458,-32.2437,"2024-07-22 00:00:00","2024-07-25 00:00:00","Other","Universal mammal bait","None",NA,2085495,"S04_T12",0,"Camera Functioning","Knee height",NA,"Parallel",NA,NA,NA,NA,"Site_04",NA,NA,NA,NA,NA,NA,2024-07-23 14:40:59,18118,302,5,0.2
2004409,"S04_T12_2024","f35206bb-56a8-4869-8e3c-01786983ef33","Site04__2024_site4_trap_12__2024-07-24__16-51-29(1).JPG","gs://145625598251_2004409_606_usyd_tfe_2022__main/deployment/2310268/prod/directUpload/f35206bb-56a8-4869-8e3c-01786983ef33.JPG",0,"Aidan Lowe","6ccf0c56-72ce-49c5-84bd-3aca403c1b26","Mammalia","Dasyuromorphia","Dasyuridae","Antechinus","stuartii","Brown Antechinus",NA,"2024-07-24 16:51:29",1,"","",NA,NA,NA,NA,"false",NA,NA,"CC-BY-NC","{""{\""detectionBox\"":[0.651394665,0.194307402,0.744199216,0.359562695]}""}",2004409,"S04_T12",151.7458,-32.2437,"2024-07-22 00:00:00","2024-07-25 00:00:00","Other","Universal mammal bait","None",NA,2085495,"S04_T12",0,"Camera Functioning","Knee height",NA,"Parallel",NA,NA,NA,NA,"Site_04",NA,NA,NA,NA,NA,NA,2024-07-24 16:51:29,0,0,0,0
2004409,"S04_T12_2024","71e2a368-3a86-4532-b351-eff2528bbc0e","Site04__2024_site4_trap_12__2024-07-24__19-35-52(1).JPG","gs://145625598251_2004409_606_usyd_tfe_2022__main/deployment/2310268/prod/directUpload/71e2a368-3a86-4532-b351-eff2528bbc0e.JPG",0,"Aidan Lowe","6ccf0c56-72ce-49c5-84bd-3aca403c1b26","Mammalia","Dasyuromorphia","Dasyuridae","Antechinus","stuartii","Brown Antechinus",NA,"2024-07-24 19:35:52",1,"","",NA,NA,NA,NA,"false",NA,NA,"CC-BY-NC","",2004409,"S04_T12",151.7458,-32.2437,"2024-07-22 00:00:00","2024-07-25 00:00:00","Other","Universal mammal bait","None",NA,2085495,"S04_T12",0,"Camera Functioning","Knee height",NA,"Parallel",NA,NA,NA,NA,"Site_04",NA,NA,NA,NA,NA,NA,2024-07-24 19:35:52,9863,164,2.7,0.1
2004409,"S04_T12_2024","448c37ac-8101-4bc8-a2a0-6655a5f01692","Site04__2024_site4_trap_12__2024-07-24__21-58-31(1).JPG","gs://145625598251_2004409_606_usyd_tfe_2022__main/deployment/2310268/prod/directUpload/448c37ac-8101-4bc8-a2a0-6655a5f01692.JPG",0,"Aidan Lowe","6ccf0c56-72ce-49c5-84bd-3aca403c1b26","Mammalia","Dasyuromorphia","Dasyuridae","Antechinus","stuartii","Brown Antechinus",NA,"2024-07-24 21:58:31",1,"","",NA,NA,NA,NA,"false",NA,NA,"CC-BY-NC","{""{\""detectionBox\"":[0.536905169,0.0290940106,0.863904655,0.539854407]}""}",2004409,"S04_T12",151.7458,-32.2437,"2024-07-22 00:00:00","2024-07-25 00:00:00","Other","Universal mammal bait","None",NA,2085495,"S04_T12",0,"Camera Functioning","Knee height",NA,"Parallel",NA,NA,NA,NA,"Site_04",NA,NA,NA,NA,NA,NA,2024-07-24 21:58:31,8559,143,2.4,0.1
2004409,"S04_T12_2024","c3e8584a-9f07-45bd-b961-382401eba187","Site04__2024_site4_trap_12__2024-07-24__22-03-32(4).JPG","gs://145625598251_2004409_606_usyd_tfe_2022__main/deployment/2310268/prod/directUpload/c3e8584a-9f07-45bd-b961-382401eba187.JPG",0,"Aidan Lowe","6ccf0c56-72ce-49c5-84bd-3aca403c1b26","Mammalia","Dasyuromorphia","Dasyuridae","Antechinus","stuartii","Brown Antechinus",NA,"2024-07-24 22:03:32",1,"","",NA,NA,NA,NA,"false",NA,NA,"CC-BY-NC","{""{\""detectionBox\"":[0.541333377,0.0254742503,0.86457,0.547554672]}""}",2004409,"S04_T12",151.7458,-32.2437,"2024-07-22 00:00:00","2024-07-25 00:00:00","Other","Universal mammal bait","None",NA,2085495,"S04_T12",0,"Camera Functioning","Knee height",NA,"Parallel",NA,NA,NA,NA,"Site_04",NA,NA,NA,NA,NA,NA,2024-07-24 22:03:32,301,5,0.1,0
2004409,"S04_T12_2024","6bad9f6a-bf6a-4154-9fc3-eb42bb450c1e","Site04__2024_site4_trap_12__2024-07-25__06-53-51(1).JPG","gs://145625598251_2004409_606_usyd_tfe_2022__main/deployment/2310268/prod/directUpload/6bad9f6a-bf6a-4154-9fc3-eb42bb450c1e.JPG",0,"Aidan Lowe","6ccf0c56-72ce-49c5-84bd-3aca403c1b26","Mammalia","Dasyuromorphia","Dasyuridae","Antechinus","stuartii","Brown Antechinus",NA,"2024-07-25 06:53:51",1,"","",NA,NA,NA,NA,"false",NA,NA,"CC-BY-NC","{""{\""detectionBox\"":[0.774122238,0.457467616,0.975608945,0.577886164]}"",""{\""detectionBox\"":[0.547173262,0.025444746,0.865276515,0.534253538]}""}",2004409,"S04_T12",151.7458,-32.2437,"2024-07-22 00:00:00","2024-07-25 00:00:00","Other","Universal mammal bait","None",NA,2085495,"S04_T12",0,"Camera Functioning","Knee height",NA,"Parallel",NA,NA,NA,NA,"Site_04",NA,NA,NA,NA,NA,NA,2024-07-25 06:53:51,31819,530,8.8,0.4
2004409,"S04_T12_2024","336694c6-589a-40d0-a5ad-640c297da5b8","Site04__2024_site4_trap_12__2024-07-24__21-59-26(1).JPG","gs://145625598251_2004409_606_usyd_tfe_2022__main/deployment/2310268/prod/directUpload/336694c6-589a-40d0-a5ad-640c297da5b8.JPG",0,"Aidan Lowe","f2d233e3-80e3-433d-9687-e29ecc7a467a","Mammalia","","","","","Mammal",NA,"2024-07-24 21:59:26",1,"","",NA,NA,NA,NA,"false",NA,NA,"CC-BY-NC","{""{\""detectionBox\"":[0.541166663,0.0292734206,0.864756644,0.544134259]}"",""{\""detectionBox\"":[0.838822126,0.704254389,0.976761222,0.845181346]}""}",2004409,"S04_T12",151.7458,-32.2437,"2024-07-22 00:00:00","2024-07-25 00:00:00","Other","Universal mammal bait","None",NA,2085495,"S04_T12",0,"Camera Functioning","Knee height",NA,"Parallel",NA,NA,NA,NA,"Site_04",NA,NA,NA,NA,NA,NA,2024-07-24 21:59:26,0,0,0,0
2004409,"S04_T12_2024","c2530989-e413-47be-b5a0-60f85ebee98d","Site04__2024_site4_trap_12__2024-07-23__00-33-08(1).JPG","gs://145625598251_2004409_606_usyd_tfe_2022__main/deployment/2310268/prod/directUpload/c2530989-e413-47be-b5a0-60f85ebee98d.JPG",0,"Aidan Lowe","90d950db-2106-4bd9-a4c1-777604c3eada","Mammalia","Rodentia","","","","Rodent",NA,"2024-07-23 00:33:08",1,"","",NA,NA,NA,NA,"false",NA,NA,"CC-BY-NC","{""{\""detectionBox\"":[0.556403577,0.882215,0.700349391,1]}""}",2004409,"S04_T12",151.7458,-32.2437,"2024-07-22 00:00:00","2024-07-25 00:00:00","Other","Universal mammal bait","None",NA,2085495,"S04_T12",0,"Camera Functioning","Knee height",NA,"Parallel",NA,NA,NA,NA,"Site_04",NA,NA,NA,NA,NA,NA,2024-07-23 00:33:08,0,0,0,0
2004409,"S04_T12_2024","e45fdd65-81af-4820-9a13-e2076760a889","Site04__2024_site4_trap_12__2024-07-23__00-48-50(1).JPG","gs://145625598251_2004409_606_usyd_tfe_2022__main/deployment/2310268/prod/directUpload/e45fdd65-81af-4820-9a13-e2076760a889.JPG",0,"Aidan Lowe","90d950db-2106-4bd9-a4c1-777604c3eada","Mammalia","Rodentia","","","","Rodent",NA,"2024-07-23 00:48:50",1,"","",NA,NA,NA,NA,"false",NA,NA,"CC-BY-NC","{""{\""detectionBox\"":[0.513965547,0.155360729,0.664610803,0.290468425]}""}",2004409,"S04_T12",151.7458,-32.2437,"2024-07-22 00:00:00","2024-07-25 00:00:00","Other","Universal mammal bait","None",NA,2085495,"S04_T12",0,"Camera Functioning","Knee height",NA,"Parallel",NA,NA,NA,NA,"Site_04",NA,NA,NA,NA,NA,NA,2024-07-23 00:48:50,942,16,0.3,0
2004409,"S04_T12_2024","65480007-00bb-4c34-9aca-e60be6e5cbac","Site04__2024_site4_trap_12__2024-07-23__01-04-12(1).JPG","gs://145625598251_2004409_606_usyd_tfe_2022__main/deployment/2310268/prod/directUpload/65480007-00bb-4c34-9aca-e60be6e5cbac.JPG",0,"Aidan Lowe","90d950db-2106-4bd9-a4c1-777604c3eada","Mammalia","Rodentia","","","","Rodent",NA,"2024-07-23 01:04:12",1,"","",NA,NA,NA,NA,"false",NA,NA,"CC-BY-NC","{""{\""detectionBox\"":[0.331593573,0.643992662,0.619617045,0.765165925]}""}",2004409,"S04_T12",151.7458,-32.2437,"2024-07-22 00:00:00","2024-07-25 00:00:00","Other","Universal mammal bait","None",NA,2085495,"S04_T12",0,"Camera Functioning","Knee height",NA,"Parallel",NA,NA,NA,NA,"Site_04",NA,NA,NA,NA,NA,NA,2024-07-23 01:04:12,922,15,0.2,0
2004409,"S04_T12_2024","1ef30233-a4e2-4f48-afde-ae52ec759d91","Site04__2024_site4_trap_12__2024-07-23__04-21-40(1).JPG","gs://145625598251_2004409_606_usyd_tfe_2022__main/deployment/2310268/prod/directUpload/1ef30233-a4e2-4f48-afde-ae52ec759d91.JPG",0,"Aidan Lowe","90d950db-2106-4bd9-a4c1-777604c3eada","Mammalia","Rodentia","","","","Rodent",NA,"2024-07-23 04:21:40",1,"","",NA,NA,NA,NA,"false",NA,NA,"CC-BY-NC","{""{\""detectionBox\"":[0.62696743,0.0176288635,0.804205835,0.439846277]}""}",2004409,"S04_T12",151.7458,-32.2437,"2024-07-22 00:00:00","2024-07-25 00:00:00","Other","Universal mammal bait","None",NA,2085495,"S04_T12",0,"Camera Functioning","Knee height",NA,"Parallel",NA,NA,NA,NA,"Site_04",NA,NA,NA,NA,NA,NA,2024-07-23 04:21:40,11848,197,3.3,0.1
2004409,"S04_T12_2024","65deb84e-f553-42f9-96a9-f7e2996e4de3","Site04__2024_site4_trap_12__2024-07-24__19-17-43(1).JPG","gs://145625598251_2004409_606_usyd_tfe_2022__main/deployment/2310268/prod/directUpload/65deb84e-f553-42f9-96a9-f7e2996e4de3.JPG",0,"Aidan Lowe","e3df98de-20bf-44e2-a0a6-6fb2adc35519","Mammalia","Diprotodontia","Phalangeridae","Trichosurus","caninus","Short-eared Brushtail Possum",NA,"2024-07-24 19:17:43",1,"","",NA,NA,NA,NA,"false",NA,NA,"CC-BY-NC","{""{\""detectionBox\"":[0.519621,0.793305933,0.968703747,0.999649584]}""}",2004409,"S04_T12",151.7458,-32.2437,"2024-07-22 00:00:00","2024-07-25 00:00:00","Other","Universal mammal bait","None",NA,2085495,"S04_T12",0,"Camera Functioning","Knee height",NA,"Parallel",NA,NA,NA,NA,"Site_04",NA,NA,NA,NA,NA,NA,2024-07-24 19:17:43,0,0,0,0
2004409,"S04_T12_2024","da52cbf8-c44e-4ebb-9ac2-dce7270d2553","Site04__2024_site4_trap_12__2024-07-24__21-07-15(1).JPG","gs://145625598251_2004409_606_usyd_tfe_2022__main/deployment/2310268/prod/directUpload/da52cbf8-c44e-4ebb-9ac2-dce7270d2553.JPG",0,"Aidan Lowe","e3df98de-20bf-44e2-a0a6-6fb2adc35519","Mammalia","Diprotodontia","Phalangeridae","Trichosurus","caninus","Short-eared Brushtail Possum",NA,"2024-07-24 21:07:15",1,"","",NA,NA,NA,NA,"false",NA,NA,"CC-BY-NC","{""{\""detectionBox\"":[0.691461742,0.00088045,0.975247443,0.635315418]}""}",2004409,"S04_T12",151.7458,-32.2437,"2024-07-22 00:00:00","2024-07-25 00:00:00","Other","Universal mammal bait","None",NA,2085495,"S04_T12",0,"Camera Functioning","Knee height",NA,"Parallel",NA,NA,NA,NA,"Site_04",NA,NA,NA,NA,NA,NA,2024-07-24 21:07:15,6572,110,1.8,0.1
2004409,"S04_T12_2024","7697b52c-53d3-4a57-9e7a-fed6a60d52ae","Site04__2024_site4_trap_12__2024-07-24__21-12-34(22).JPG","gs://145625598251_2004409_606_usyd_tfe_2022__main/deployment/2310268/prod/directUpload/7697b52c-53d3-4a57-9e7a-fed6a60d52ae.JPG",0,"Aidan Lowe","e3df98de-20bf-44e2-a0a6-6fb2adc35519","Mammalia","Diprotodontia","Phalangeridae","Trichosurus","caninus","Short-eared Brushtail Possum",NA,"2024-07-24 21:12:34",1,"","",NA,NA,NA,NA,"false",NA,NA,"CC-BY-NC","{""{\""detectionBox\"":[0.709736288,0,0.977597773,0.0843153894]}""}",2004409,"S04_T12",151.7458,-32.2437,"2024-07-22 00:00:00","2024-07-25 00:00:00","Other","Universal mammal bait","None",NA,2085495,"S04_T12",0,"Camera Functioning","Knee height",NA,"Parallel",NA,NA,NA,NA,"Site_04",NA,NA,NA,NA,NA,NA,2024-07-24 21:12:34,319,5,0.1,0
2004409,"S04_T12_2024","54bae7cb-1eb0-4646-aab2-57143138de4c","Site04__2024_site4_trap_12__2024-07-24__16-05-24(1).JPG","gs://145625598251_2004409_606_usyd_tfe_2022__main/deployment/2310268/prod/directUpload/54bae7cb-1eb0-4646-aab2-57143138de4c.JPG",0,"Aidan Lowe","d8cabc3b-7bbe-45b0-b9a9-600e114d189b","Mammalia","","","","","Small Mammal",NA,"2024-07-24 16:05:24",1,"","",NA,NA,NA,NA,"false",NA,NA,"CC-BY-NC","",2004409,"S04_T12",151.7458,-32.2437,"2024-07-22 00:00:00","2024-07-25 00:00:00","Other","Universal mammal bait","None",NA,2085495,"S04_T12",0,"Camera Functioning","Knee height",NA,"Parallel",NA,NA,NA,NA,"Site_04",NA,NA,NA,NA,NA,NA,2024-07-24 16:05:24,0,0,0,0
2004409,"S04_T12_2024","518cc613-8294-461b-b21e-8dd967bef2ff","Site04__2024_site4_trap_12__2024-07-24__16-55-10(1).JPG","gs://145625598251_2004409_606_usyd_tfe_2022__main/deployment/2310268/prod/directUpload/518cc613-8294-461b-b21e-8dd967bef2ff.JPG",0,"Aidan Lowe","d8cabc3b-7bbe-45b0-b9a9-600e114d189b","Mammalia","","","","","Small Mammal",NA,"2024-07-24 16:55:10",1,"","",NA,NA,NA,NA,"false",NA,NA,"CC-BY-NC","{""{\""detectionBox\"":[0.495477438,0.18886812,0.703511,0.504871]}""}",2004409,"S04_T12",151.7458,-32.2437,"2024-07-22 00:00:00","2024-07-25 00:00:00","Other","Universal mammal bait","None",NA,2085495,"S04_T12",0,"Camera Functioning","Knee height",NA,"Parallel",NA,NA,NA,NA,"Site_04",NA,NA,NA,NA,NA,NA,2024-07-24 16:55:10,2986,50,0.8,0
2004409,"S04_T12_2024","dd7d9311-ee43-498f-bb1c-825d2605c676","Site04__2024_site4_trap_12__2024-07-24__19-36-25(4).JPG","gs://145625598251_2004409_606_usyd_tfe_2022__main/deployment/2310268/prod/directUpload/dd7d9311-ee43-498f-bb1c-825d2605c676.JPG",0,"Aidan Lowe","d8cabc3b-7bbe-45b0-b9a9-600e114d189b","Mammalia","","","","","Small Mammal",NA,"2024-07-24 19:36:25",1,"","",NA,NA,NA,NA,"false",NA,NA,"CC-BY-NC","{""{\""detectionBox\"":[0.664263,0.00237198547,0.965828419,0.109885409]}""}",2004409,"S04_T12",151.7458,-32.2437,"2024-07-22 00:00:00","2024-07-25 00:00:00","Other","Universal mammal bait","None",NA,2085495,"S04_T12",0,"Camera Functioning","Knee height",NA,"Parallel",NA,NA,NA,NA,"Site_04",NA,NA,NA,NA,NA,NA,2024-07-24 19:36:25,9675,161,2.7,0.1
2004409,"S04_T12_2024","d824b83d-44cc-49f9-b9c2-ee7fa9b1c8d0","Site04__2024_site4_trap_12__2024-07-24__20-58-08(1).JPG","gs://145625598251_2004409_606_usyd_tfe_2022__main/deployment/2310268/prod/directUpload/d824b83d-44cc-49f9-b9c2-ee7fa9b1c8d0.JPG",0,"Aidan Lowe","d8cabc3b-7bbe-45b0-b9a9-600e114d189b","Mammalia","","","","","Small Mammal",NA,"2024-07-24 20:58:08",1,"","",NA,NA,NA,NA,"false",NA,NA,"CC-BY-NC","{""{\""detectionBox\"":[0.86403805,0.34380877,0.976917803,0.444438457]}""}",2004409,"S04_T12",151.7458,-32.2437,"2024-07-22 00:00:00","2024-07-25 00:00:00","Other","Universal mammal bait","None",NA,2085495,"S04_T12",0,"Camera Functioning","Knee height",NA,"Parallel",NA,NA,NA,NA,"Site_04",NA,NA,NA,NA,NA,NA,2024-07-24 20:58:08,4903,82,1.4,0.1
2004409,"S04_T12_2024","55f2a9c7-a82e-484a-ad19-a51d6fa9be71","Site04__2024_site4_trap_12__2024-07-24__22-01-59(19).JPG","gs://145625598251_2004409_606_usyd_tfe_2022__main/deployment/2310268/prod/directUpload/55f2a9c7-a82e-484a-ad19-a51d6fa9be71.JPG",0,"Aidan Lowe","d8cabc3b-7bbe-45b0-b9a9-600e114d189b","Mammalia","","","","","Small Mammal",NA,"2024-07-24 22:01:59",1,"","",NA,NA,NA,NA,"false",NA,NA,"CC-BY-NC","",2004409,"S04_T12",151.7458,-32.2437,"2024-07-22 00:00:00","2024-07-25 00:00:00","Other","Universal mammal bait","None",NA,2085495,"S04_T12",0,"Camera Functioning","Knee height",NA,"Parallel",NA,NA,NA,NA,"Site_04",NA,NA,NA,NA,NA,NA,2024-07-24 22:01:59,3831,64,1.1,0
2004409,"S04_T14_2024","ee96b90d-4d38-4a8b-a71d-6676d90ded12","Site04__2024_site4_trap_14__2024-07-23__05-18-40(10).JPG","gs://145625598251_2004409_606_usyd_tfe_2022__main/deployment/2310269/prod/directUpload/ee96b90d-4d38-4a8b-a71d-6676d90ded12.JPG",0,"Aaron Greenville","6e975946-43db-40cf-a4bb-2977319097a1","Mammalia","Dasyuromorphia","Dasyuridae","Antechinus","","Antechinus Species",NA,"2024-07-23 05:18:40",1,"","",NA,NA,NA,NA,"false",NA,NA,"CC-BY-NC","",2004409,"S04_T14",151.7462,-32.2443,"2024-07-22 00:00:00","2024-07-25 00:00:00","Other","Universal mammal bait","None",NA,2085496,"S04_T14",0,"Camera Functioning","Knee height",NA,"Parallel",NA,NA,NA,NA,"Site_04",NA,NA,NA,NA,NA,NA,2024-07-23 05:18:40,0,0,0,0
2004409,"S04_T14_2024","2bba578c-b136-49d8-bf7c-7a5848e44145","Site04__2024_site4_trap_14__2024-07-24__05-36-53(1).JPG","gs://145625598251_2004409_606_usyd_tfe_2022__main/deployment/2310269/prod/directUpload/2bba578c-b136-49d8-bf7c-7a5848e44145.JPG",0,"Aidan Lowe","6e975946-43db-40cf-a4bb-2977319097a1","Mammalia","Dasyuromorphia","Dasyuridae","Antechinus","","Antechinus Species",NA,"2024-07-24 05:36:53",1,"","",NA,NA,NA,NA,"false",NA,NA,"CC-BY-NC","{""{\""detectionBox\"":[0.80693531,0.664294362,0.970286608,0.945464134]}""}",2004409,"S04_T14",151.7462,-32.2443,"2024-07-22 00:00:00","2024-07-25 00:00:00","Other","Universal mammal bait","None",NA,2085496,"S04_T14",0,"Camera Functioning","Knee height",NA,"Parallel",NA,NA,NA,NA,"Site_04",NA,NA,NA,NA,NA,NA,2024-07-24 05:36:53,87493,1458,24.3,1
2004409,"S04_T14_2024","f0405de2-c6ae-4902-b29f-23cddb4f4d91","Site04__2024_site4_trap_14__2024-07-24__05-54-49(1).JPG","gs://145625598251_2004409_606_usyd_tfe_2022__main/deployment/2310269/prod/directUpload/f0405de2-c6ae-4902-b29f-23cddb4f4d91.JPG",0,"Aidan Lowe","6e975946-43db-40cf-a4bb-2977319097a1","Mammalia","Dasyuromorphia","Dasyuridae","Antechinus","","Antechinus Species",NA,"2024-07-24 05:54:49",1,"","",NA,NA,NA,NA,"false",NA,NA,"CC-BY-NC","",2004409,"S04_T14",151.7462,-32.2443,"2024-07-22 00:00:00","2024-07-25 00:00:00","Other","Universal mammal bait","None",NA,2085496,"S04_T14",0,"Camera Functioning","Knee height",NA,"Parallel",NA,NA,NA,NA,"Site_04",NA,NA,NA,NA,NA,NA,2024-07-24 05:54:49,1076,18,0.3,0
2004409,"S04_T14_2024","63d780ee-5994-45ba-b9b5-5cb244261c04","Site04__2024_site4_trap_14__2024-07-25__00-34-06(1).JPG","gs://145625598251_2004409_606_usyd_tfe_2022__main/deployment/2310269/prod/directUpload/63d780ee-5994-45ba-b9b5-5cb244261c04.JPG",0,"Aidan Lowe","6e975946-43db-40cf-a4bb-2977319097a1","Mammalia","Dasyuromorphia","Dasyuridae","Antechinus","","Antechinus Species",NA,"2024-07-25 00:34:06",1,"","",NA,NA,NA,NA,"false",NA,NA,"CC-BY-NC","",2004409,"S04_T14",151.7462,-32.2443,"2024-07-22 00:00:00","2024-07-25 00:00:00","Other","Universal mammal bait","None",NA,2085496,"S04_T14",0,"Camera Functioning","Knee height",NA,"Parallel",NA,NA,NA,NA,"Site_04",NA,NA,NA,NA,NA,NA,2024-07-25 00:34:06,67157,1119,18.6,0.8
2004409,"S04_T14_2024","3ac7d84f-5678-4d09-977f-5ff2a67cf1ed","Site04__2024_site4_trap_14__2024-07-25__00-41-36(1).JPG","gs://145625598251_2004409_606_usyd_tfe_2022__main/deployment/2310269/prod/directUpload/3ac7d84f-5678-4d09-977f-5ff2a67cf1ed.JPG",0,"Aidan Lowe","6e975946-43db-40cf-a4bb-2977319097a1","Mammalia","Dasyuromorphia","Dasyuridae","Antechinus","","Antechinus Species",NA,"2024-07-25 00:41:36",1,"","",NA,NA,NA,NA,"false",NA,NA,"CC-BY-NC","{""{\""detectionBox\"":[0.780812085,0.781927,0.975564957,0.977483511]}""}",2004409,"S04_T14",151.7462,-32.2443,"2024-07-22 00:00:00","2024-07-25 00:00:00","Other","Universal mammal bait","None",NA,2085496,"S04_T14",0,"Camera Functioning","Knee height",NA,"Parallel",NA,NA,NA,NA,"Site_04",NA,NA,NA,NA,NA,NA,2024-07-25 00:41:36,450,8,0.1,0
2004409,"S04_T14_2024","a2e89105-fccf-4fa0-a458-6e9911bfe44f","Site04__2024_site4_trap_14__2024-07-22__14-17-50(1).JPG","gs://145625598251_2004409_606_usyd_tfe_2022__main/deployment/2310269/prod/directUpload/a2e89105-fccf-4fa0-a458-6e9911bfe44f.JPG",0,"Aidan Lowe","b1352069-a39c-4a84-a949-60044271c0c1","Aves","","","","","Bird",NA,"2024-07-22 14:17:50",1,"","",NA,NA,NA,NA,"false",NA,NA,"CC-BY-NC","",2004409,"S04_T14",151.7462,-32.2443,"2024-07-22 00:00:00","2024-07-25 00:00:00","Other","Universal mammal bait","None",NA,2085496,"S04_T14",0,"Camera Functioning","Knee height",NA,"Parallel",NA,NA,NA,NA,"Site_04",NA,NA,NA,NA,NA,NA,2024-07-22 14:17:50,0,0,0,0
2004409,"S04_T14_2024","58d7c044-54ad-42d1-badf-3162629a2d51","Site04__2024_site4_trap_14__2024-07-22__15-52-18(1).JPG","gs://145625598251_2004409_606_usyd_tfe_2022__main/deployment/2310269/prod/directUpload/58d7c044-54ad-42d1-badf-3162629a2d51.JPG",0,"Aidan Lowe","b1352069-a39c-4a84-a949-60044271c0c1","Aves","","","","","Bird",NA,"2024-07-22 15:52:18",1,"","",NA,NA,NA,NA,"false",NA,NA,"CC-BY-NC","{""{\""detectionBox\"":[0.7566576,0.0231219307,0.978478491,0.17276004]}""}",2004409,"S04_T14",151.7462,-32.2443,"2024-07-22 00:00:00","2024-07-25 00:00:00","Other","Universal mammal bait","None",NA,2085496,"S04_T14",0,"Camera Functioning","Knee height",NA,"Parallel",NA,NA,NA,NA,"Site_04",NA,NA,NA,NA,NA,NA,2024-07-22 15:52:18,5668,94,1.6,0.1
2004409,"S04_T14_2024","75438f42-54f6-4337-9045-2dca88f92ba2","Site04__2024_site4_trap_14__2024-07-23__10-33-32(1).JPG","gs://145625598251_2004409_606_usyd_tfe_2022__main/deployment/2310269/prod/directUpload/75438f42-54f6-4337-9045-2dca88f92ba2.JPG",0,"Aidan Lowe","b1352069-a39c-4a84-a949-60044271c0c1","Aves","","","","","Bird",NA,"2024-07-23 10:33:32",1,"","",NA,NA,NA,NA,"false",NA,NA,"CC-BY-NC","{""{\""detectionBox\"":[0.705836117,0.777694583,0.945689917,0.943875432]}""}",2004409,"S04_T14",151.7462,-32.2443,"2024-07-22 00:00:00","2024-07-25 00:00:00","Other","Universal mammal bait","None",NA,2085496,"S04_T14",0,"Camera Functioning","Knee height",NA,"Parallel",NA,NA,NA,NA,"Site_04",NA,NA,NA,NA,NA,NA,2024-07-23 10:33:32,67274,1121,18.7,0.8
2004409,"S04_T14_2024","a3ec3c07-3ac0-4c90-b428-f681b29f29a3","Site04__2024_site4_trap_14__2024-07-23__13-35-05(1).JPG","gs://145625598251_2004409_606_usyd_tfe_2022__main/deployment/2310269/prod/directUpload/a3ec3c07-3ac0-4c90-b428-f681b29f29a3.JPG",0,"Aidan Lowe","b1352069-a39c-4a84-a949-60044271c0c1","Aves","","","","","Bird",NA,"2024-07-23 13:35:05",1,"","",NA,NA,NA,NA,"false",NA,NA,"CC-BY-NC","",2004409,"S04_T14",151.7462,-32.2443,"2024-07-22 00:00:00","2024-07-25 00:00:00","Other","Universal mammal bait","None",NA,2085496,"S04_T14",0,"Camera Functioning","Knee height",NA,"Parallel",NA,NA,NA,NA,"Site_04",NA,NA,NA,NA,NA,NA,2024-07-23 13:35:05,10893,182,3,0.1
2004409,"S04_T14_2024","7d98d53e-2581-413a-b158-bcb157aa7f0d","Site04__2024_site4_trap_14__2024-07-23__14-57-42(1).JPG","gs://145625598251_2004409_606_usyd_tfe_2022__main/deployment/2310269/prod/directUpload/7d98d53e-2581-413a-b158-bcb157aa7f0d.JPG",0,"Aidan Lowe","b1352069-a39c-4a84-a949-60044271c0c1","Aves","","","","","Bird",NA,"2024-07-23 14:57:42",1,"","",NA,NA,NA,NA,"false",NA,NA,"CC-BY-NC","{""{\""detectionBox\"":[0.839724302,0.79639411,0.977285564,0.998359442]}""}",2004409,"S04_T14",151.7462,-32.2443,"2024-07-22 00:00:00","2024-07-25 00:00:00","Other","Universal mammal bait","None",NA,2085496,"S04_T14",0,"Camera Functioning","Knee height",NA,"Parallel",NA,NA,NA,NA,"Site_04",NA,NA,NA,NA,NA,NA,2024-07-23 14:57:42,4957,83,1.4,0.1
2004409,"S04_T14_2024","ad84c7f0-1678-4cf2-a86b-47e57456f911","Site04__2024_site4_trap_14__2024-07-23__15-27-19(1).JPG","gs://145625598251_2004409_606_usyd_tfe_2022__main/deployment/2310269/prod/directUpload/ad84c7f0-1678-4cf2-a86b-47e57456f911.JPG",0,"Aidan Lowe","b1352069-a39c-4a84-a949-60044271c0c1","Aves","","","","","Bird",NA,"2024-07-23 15:27:19",1,"","",NA,NA,NA,NA,"false",NA,NA,"CC-BY-NC","{""{\""detectionBox\"":[0.77970922,0.651707292,0.975869417,0.779788256]}""}",2004409,"S04_T14",151.7462,-32.2443,"2024-07-22 00:00:00","2024-07-25 00:00:00","Other","Universal mammal bait","None",NA,2085496,"S04_T14",0,"Camera Functioning","Knee height",NA,"Parallel",NA,NA,NA,NA,"Site_04",NA,NA,NA,NA,NA,NA,2024-07-23 15:27:19,1777,30,0.5,0
2004409,"S04_T14_2024","650a8abc-352f-486a-a22b-06e79bcb917b","Site04__2024_site4_trap_14__2024-07-23__16-19-34(1).JPG","gs://145625598251_2004409_606_usyd_tfe_2022__main/deployment/2310269/prod/directUpload/650a8abc-352f-486a-a22b-06e79bcb917b.JPG",0,"Aidan Lowe","b1352069-a39c-4a84-a949-60044271c0c1","Aves","","","","","Bird",NA,"2024-07-23 16:19:34",1,"","",NA,NA,NA,NA,"false",NA,NA,"CC-BY-NC","{""{\""detectionBox\"":[0.896089256,0.836178243,0.976834714,0.999441564]}""}",2004409,"S04_T14",151.7462,-32.2443,"2024-07-22 00:00:00","2024-07-25 00:00:00","Other","Universal mammal bait","None",NA,2085496,"S04_T14",0,"Camera Functioning","Knee height",NA,"Parallel",NA,NA,NA,NA,"Site_04",NA,NA,NA,NA,NA,NA,2024-07-23 16:19:34,3135,52,0.9,0
2004409,"S04_T14_2024","caa53701-3fe9-4bb9-9119-0dd8c217185f","Site04__2024_site4_trap_14__2024-07-23__16-26-21(1).JPG","gs://145625598251_2004409_606_usyd_tfe_2022__main/deployment/2310269/prod/directUpload/caa53701-3fe9-4bb9-9119-0dd8c217185f.JPG",0,"Aidan Lowe","b1352069-a39c-4a84-a949-60044271c0c1","Aves","","","","","Bird",NA,"2024-07-23 16:26:21",1,"","",NA,NA,NA,NA,"false",NA,NA,"CC-BY-NC","",2004409,"S04_T14",151.7462,-32.2443,"2024-07-22 00:00:00","2024-07-25 00:00:00","Other","Universal mammal bait","None",NA,2085496,"S04_T14",0,"Camera Functioning","Knee height",NA,"Parallel",NA,NA,NA,NA,"Site_04",NA,NA,NA,NA,NA,NA,2024-07-23 16:26:21,407,7,0.1,0
2004409,"S04_T14_2024","3022c24b-20c0-4383-a3f7-91d18ec399b8","Site04__2024_site4_trap_14__2024-07-24__07-51-42(1).JPG","gs://145625598251_2004409_606_usyd_tfe_2022__main/deployment/2310269/prod/directUpload/3022c24b-20c0-4383-a3f7-91d18ec399b8.JPG",0,"Aidan Lowe","b1352069-a39c-4a84-a949-60044271c0c1","Aves","","","","","Bird",NA,"2024-07-24 07:51:42",1,"","",NA,NA,NA,NA,"false",NA,NA,"CC-BY-NC","{""{\""detectionBox\"":[0.783846378,0.114469536,0.977514505,0.257851303]}""}",2004409,"S04_T14",151.7462,-32.2443,"2024-07-22 00:00:00","2024-07-25 00:00:00","Other","Universal mammal bait","None",NA,2085496,"S04_T14",0,"Camera Functioning","Knee height",NA,"Parallel",NA,NA,NA,NA,"Site_04",NA,NA,NA,NA,NA,NA,2024-07-24 07:51:42,55521,925,15.4,0.6
2004409,"S04_T14_2024","e83baa77-f2c3-4d4e-bf73-b35a64cf8580","Site04__2024_site4_trap_14__2024-07-24__08-37-53(1).JPG","gs://145625598251_2004409_606_usyd_tfe_2022__main/deployment/2310269/prod/directUpload/e83baa77-f2c3-4d4e-bf73-b35a64cf8580.JPG",0,"Aidan Lowe","b1352069-a39c-4a84-a949-60044271c0c1","Aves","","","","","Bird",NA,"2024-07-24 08:37:53",1,"","",NA,NA,NA,NA,"false",NA,NA,"CC-BY-NC","",2004409,"S04_T14",151.7462,-32.2443,"2024-07-22 00:00:00","2024-07-25 00:00:00","Other","Universal mammal bait","None",NA,2085496,"S04_T14",0,"Camera Functioning","Knee height",NA,"Parallel",NA,NA,NA,NA,"Site_04",NA,NA,NA,NA,NA,NA,2024-07-24 08:37:53,2771,46,0.8,0
2004409,"S04_T14_2024","4d03e201-79f9-4e80-a950-aed80ef976ba","Site04__2024_site4_trap_14__2024-07-24__10-46-39(1).JPG","gs://145625598251_2004409_606_usyd_tfe_2022__main/deployment/2310269/prod/directUpload/4d03e201-79f9-4e80-a950-aed80ef976ba.JPG",0,"Aidan Lowe","b1352069-a39c-4a84-a949-60044271c0c1","Aves","","","","","Bird",NA,"2024-07-24 10:46:39",1,"","",NA,NA,NA,NA,"false",NA,NA,"CC-BY-NC","{""{\""detectionBox\"":[0.749407887,0.657223642,0.928764462,0.879110277]}""}",2004409,"S04_T14",151.7462,-32.2443,"2024-07-22 00:00:00","2024-07-25 00:00:00","Other","Universal mammal bait","None",NA,2085496,"S04_T14",0,"Camera Functioning","Knee height",NA,"Parallel",NA,NA,NA,NA,"Site_04",NA,NA,NA,NA,NA,NA,2024-07-24 10:46:39,7726,129,2.1,0.1
2004409,"S04_T14_2024","bbb9817d-5ad9-4415-ad84-8604afda0070","Site04__2024_site4_trap_14__2024-07-22__19-32-23(1).JPG","gs://145625598251_2004409_606_usyd_tfe_2022__main/deployment/2310269/prod/directUpload/bbb9817d-5ad9-4415-ad84-8604afda0070.JPG",0,"Aidan Lowe","6ccf0c56-72ce-49c5-84bd-3aca403c1b26","Mammalia","Dasyuromorphia","Dasyuridae","Antechinus","stuartii","Brown Antechinus",NA,"2024-07-22 19:32:23",1,"","",NA,NA,NA,NA,"false",NA,NA,"CC-BY-NC","",2004409,"S04_T14",151.7462,-32.2443,"2024-07-22 00:00:00","2024-07-25 00:00:00","Other","Universal mammal bait","None",NA,2085496,"S04_T14",0,"Camera Functioning","Knee height",NA,"Parallel",NA,NA,NA,NA,"Site_04",NA,NA,NA,NA,NA,NA,2024-07-22 19:32:23,0,0,0,0
2004409,"S04_T14_2024","49ea6152-4071-47c2-bc0f-9de3406b51e0","Site04__2024_site4_trap_14__2024-07-23__05-17-39(1).JPG","gs://145625598251_2004409_606_usyd_tfe_2022__main/deployment/2310269/prod/directUpload/49ea6152-4071-47c2-bc0f-9de3406b51e0.JPG",0,"Aidan Lowe","6ccf0c56-72ce-49c5-84bd-3aca403c1b26","Mammalia","Dasyuromorphia","Dasyuridae","Antechinus","stuartii","Brown Antechinus",NA,"2024-07-23 05:17:39",1,"","",NA,NA,NA,NA,"false",NA,NA,"CC-BY-NC","{""{\""detectionBox\"":[0.558735847,0.763021111,0.682668149,0.850842237]}""}",2004409,"S04_T14",151.7462,-32.2443,"2024-07-22 00:00:00","2024-07-25 00:00:00","Other","Universal mammal bait","None",NA,2085496,"S04_T14",0,"Camera Functioning","Knee height",NA,"Parallel",NA,NA,NA,NA,"Site_04",NA,NA,NA,NA,NA,NA,2024-07-23 05:17:39,35116,585,9.8,0.4
2004409,"S04_T14_2024","6fb95a5c-d7ac-4ffb-adfa-43074a7fe2da","Site04__2024_site4_trap_14__2024-07-23__05-22-56(17).JPG","gs://145625598251_2004409_606_usyd_tfe_2022__main/deployment/2310269/prod/directUpload/6fb95a5c-d7ac-4ffb-adfa-43074a7fe2da.JPG",0,"Aidan Lowe","6ccf0c56-72ce-49c5-84bd-3aca403c1b26","Mammalia","Dasyuromorphia","Dasyuridae","Antechinus","stuartii","Brown Antechinus",NA,"2024-07-23 05:22:56",1,"","",NA,NA,NA,NA,"false",NA,NA,"CC-BY-NC","{""{\""detectionBox\"":[0.486004978,0.114171244,0.730659187,0.347896457]}""}",2004409,"S04_T14",151.7462,-32.2443,"2024-07-22 00:00:00","2024-07-25 00:00:00","Other","Universal mammal bait","None",NA,2085496,"S04_T14",0,"Camera Functioning","Knee height",NA,"Parallel",NA,NA,NA,NA,"Site_04",NA,NA,NA,NA,NA,NA,2024-07-23 05:22:56,317,5,0.1,0
2004409,"S04_T14_2024","e483d476-d3dd-4d6d-8a51-4cc2dccc2bab","Site04__2024_site4_trap_14__2024-07-23__20-11-47(1).JPG","gs://145625598251_2004409_606_usyd_tfe_2022__main/deployment/2310269/prod/directUpload/e483d476-d3dd-4d6d-8a51-4cc2dccc2bab.JPG",0,"Aidan Lowe","6ccf0c56-72ce-49c5-84bd-3aca403c1b26","Mammalia","Dasyuromorphia","Dasyuridae","Antechinus","stuartii","Brown Antechinus",NA,"2024-07-23 20:11:47",1,"","",NA,NA,NA,NA,"false",NA,NA,"CC-BY-NC","{""{\""detectionBox\"":[0.639374793,0.000099927187,0.831470251,0.152892441]}""}",2004409,"S04_T14",151.7462,-32.2443,"2024-07-22 00:00:00","2024-07-25 00:00:00","Other","Universal mammal bait","None",NA,2085496,"S04_T14",0,"Camera Functioning","Knee height",NA,"Parallel",NA,NA,NA,NA,"Site_04",NA,NA,NA,NA,NA,NA,2024-07-23 20:11:47,53331,889,14.8,0.6
2004409,"S04_T14_2024","ec8adbd4-c87e-4d3e-888f-8513bf0841c4","Site04__2024_site4_trap_14__2024-07-24__05-34-27(1).JPG","gs://145625598251_2004409_606_usyd_tfe_2022__main/deployment/2310269/prod/directUpload/ec8adbd4-c87e-4d3e-888f-8513bf0841c4.JPG",0,"Aidan Lowe","6ccf0c56-72ce-49c5-84bd-3aca403c1b26","Mammalia","Dasyuromorphia","Dasyuridae","Antechinus","stuartii","Brown Antechinus",NA,"2024-07-24 05:34:27",1,"","",NA,NA,NA,NA,"false",NA,NA,"CC-BY-NC","{""{\""detectionBox\"":[0.80421865,0.770814419,0.973459303,0.919047236]}""}",2004409,"S04_T14",151.7462,-32.2443,"2024-07-22 00:00:00","2024-07-25 00:00:00","Other","Universal mammal bait","None",NA,2085496,"S04_T14",0,"Camera Functioning","Knee height",NA,"Parallel",NA,NA,NA,NA,"Site_04",NA,NA,NA,NA,NA,NA,2024-07-24 05:34:27,33760,563,9.4,0.4
2004409,"S04_T14_2024","5835eb2e-3195-4506-8155-d4b68d54916e","Site04__2024_site4_trap_14__2024-07-23__05-22-34(8).JPG","gs://145625598251_2004409_606_usyd_tfe_2022__main/deployment/2310269/prod/directUpload/5835eb2e-3195-4506-8155-d4b68d54916e.JPG",0,"Aidan Lowe","f2d233e3-80e3-433d-9687-e29ecc7a467a","Mammalia","","","","","Mammal",NA,"2024-07-23 05:22:34",1,"","",NA,NA,NA,NA,"false",NA,NA,"CC-BY-NC","",2004409,"S04_T14",151.7462,-32.2443,"2024-07-22 00:00:00","2024-07-25 00:00:00","Other","Universal mammal bait","None",NA,2085496,"S04_T14",0,"Camera Functioning","Knee height",NA,"Parallel",NA,NA,NA,NA,"Site_04",NA,NA,NA,NA,NA,NA,2024-07-23 05:22:34,0,0,0,0
2004409,"S04_T14_2024","8148a1f8-a626-4c86-a75a-26b957fc1b2a","Site04__2024_site4_trap_14__2024-07-24__23-17-13(1).JPG","gs://145625598251_2004409_606_usyd_tfe_2022__main/deployment/2310269/prod/directUpload/8148a1f8-a626-4c86-a75a-26b957fc1b2a.JPG",0,"Aidan Lowe","f2d233e3-80e3-433d-9687-e29ecc7a467a","Mammalia","","","","","Mammal",NA,"2024-07-24 23:17:13",1,"","",NA,NA,NA,NA,"false",NA,NA,"CC-BY-NC","",2004409,"S04_T14",151.7462,-32.2443,"2024-07-22 00:00:00","2024-07-25 00:00:00","Other","Universal mammal bait","None",NA,2085496,"S04_T14",0,"Camera Functioning","Knee height",NA,"Parallel",NA,NA,NA,NA,"Site_04",NA,NA,NA,NA,NA,NA,2024-07-24 23:17:13,150879,2515,41.9,1.7
2004409,"S04_T14_2024","bf0337fa-e84d-4500-bf7b-3d3d2531a92d","Site04__2024_site4_trap_14__2024-07-22__18-24-24(11).JPG","gs://145625598251_2004409_606_usyd_tfe_2022__main/deployment/2310269/prod/directUpload/bf0337fa-e84d-4500-bf7b-3d3d2531a92d.JPG",0,"Aidan Lowe","e3df98de-20bf-44e2-a0a6-6fb2adc35519","Mammalia","Diprotodontia","Phalangeridae","Trichosurus","caninus","Short-eared Brushtail Possum",NA,"2024-07-22 18:24:24",1,"","",NA,NA,NA,NA,"false",NA,NA,"CC-BY-NC","{""{\""detectionBox\"":[0.588594556,0.860577285,0.961080611,1]}""}",2004409,"S04_T14",151.7462,-32.2443,"2024-07-22 00:00:00","2024-07-25 00:00:00","Other","Universal mammal bait","None",NA,2085496,"S04_T14",0,"Camera Functioning","Knee height",NA,"Parallel",NA,NA,NA,NA,"Site_04",NA,NA,NA,NA,NA,NA,2024-07-22 18:24:24,0,0,0,0
2004409,"S04_T14_2024","4b704841-5583-4d69-9221-4985844c6bfd","Site04__2024_site4_trap_14__2024-07-24__23-17-14(2).JPG","gs://145625598251_2004409_606_usyd_tfe_2022__main/deployment/2310269/prod/directUpload/4b704841-5583-4d69-9221-4985844c6bfd.JPG",0,"Aidan Lowe","e3df98de-20bf-44e2-a0a6-6fb2adc35519","Mammalia","Diprotodontia","Phalangeridae","Trichosurus","caninus","Short-eared Brushtail Possum",NA,"2024-07-24 23:17:14",1,"","",NA,NA,NA,NA,"false",NA,NA,"CC-BY-NC","{""{\""detectionBox\"":[0.625905037,0.905488253,0.927643359,0.999694347]}""}",2004409,"S04_T14",151.7462,-32.2443,"2024-07-22 00:00:00","2024-07-25 00:00:00","Other","Universal mammal bait","None",NA,2085496,"S04_T14",0,"Camera Functioning","Knee height",NA,"Parallel",NA,NA,NA,NA,"Site_04",NA,NA,NA,NA,NA,NA,2024-07-24 23:17:14,190370,3173,52.9,2.2
2004409,"S04_T14_2024","c978d222-709b-49ba-b443-bfdb33aca34e","Site04__2024_site4_trap_14__2024-07-24__20-45-01(1).JPG","gs://145625598251_2004409_606_usyd_tfe_2022__main/deployment/2310269/prod/directUpload/c978d222-709b-49ba-b443-bfdb33aca34e.JPG",0,"Aidan Lowe","d8cabc3b-7bbe-45b0-b9a9-600e114d189b","Mammalia","","","","","Small Mammal",NA,"2024-07-24 20:45:01",1,"","",NA,NA,NA,NA,"false",NA,NA,"CC-BY-NC","",2004409,"S04_T14",151.7462,-32.2443,"2024-07-22 00:00:00","2024-07-25 00:00:00","Other","Universal mammal bait","None",NA,2085496,"S04_T14",0,"Camera Functioning","Knee height",NA,"Parallel",NA,NA,NA,NA,"Site_04",NA,NA,NA,NA,NA,NA,2024-07-24 20:45:01,0,0,0,0
2004409,"S04_T16_2024","49930511-139a-49e2-98d5-3a588048be61","Site04__2024_site4_trap_16__2024-07-23__09-20-19(1).JPG","gs://145625598251_2004409_606_usyd_tfe_2022__main/deployment/2310270/prod/directUpload/49930511-139a-49e2-98d5-3a588048be61.JPG",0,"Aidan Lowe","b1352069-a39c-4a84-a949-60044271c0c1","Aves","","","","","Bird",NA,"2024-07-23 09:20:19",1,"","",NA,NA,NA,NA,"false",NA,NA,"CC-BY-NC","{""{\""detectionBox\"":[0.502525449,0,0.637631893,0.114256769]}""}",2004409,"S04_T16",151.746,-32.2443,"2024-07-22 00:00:00","2024-07-25 00:00:00","Other","Universal mammal bait","None",NA,2085497,"S04_T16",0,"Camera Functioning","Knee height",NA,"Parallel",NA,NA,NA,NA,"Site_04",NA,NA,NA,NA,NA,NA,2024-07-23 09:20:19,0,0,0,0
2004409,"S04_T16_2024","79bfed72-c412-41b5-b56f-57668d385c04","Site04__2024_site4_trap_16__2024-07-23__14-54-12(1).JPG","gs://145625598251_2004409_606_usyd_tfe_2022__main/deployment/2310270/prod/directUpload/79bfed72-c412-41b5-b56f-57668d385c04.JPG",0,"Aidan Lowe","b1352069-a39c-4a84-a949-60044271c0c1","Aves","","","","","Bird",NA,"2024-07-23 14:54:12",1,"","",NA,NA,NA,NA,"false",NA,NA,"CC-BY-NC","{""{\""detectionBox\"":[0.532831907,0,0.732838094,0.0831212103]}""}",2004409,"S04_T16",151.746,-32.2443,"2024-07-22 00:00:00","2024-07-25 00:00:00","Other","Universal mammal bait","None",NA,2085497,"S04_T16",0,"Camera Functioning","Knee height",NA,"Parallel",NA,NA,NA,NA,"Site_04",NA,NA,NA,NA,NA,NA,2024-07-23 14:54:12,20033,334,5.6,0.2
2004409,"S04_T16_2024","2171f3ad-44bd-44c5-938e-204c2a0ab71d","Site04__2024_site4_trap_16__2024-07-23__14-59-58(1).JPG","gs://145625598251_2004409_606_usyd_tfe_2022__main/deployment/2310270/prod/directUpload/2171f3ad-44bd-44c5-938e-204c2a0ab71d.JPG",0,"Aidan Lowe","b1352069-a39c-4a84-a949-60044271c0c1","Aves","","","","","Bird",NA,"2024-07-23 14:59:58",1,"","",NA,NA,NA,NA,"false",NA,NA,"CC-BY-NC","",2004409,"S04_T16",151.746,-32.2443,"2024-07-22 00:00:00","2024-07-25 00:00:00","Other","Universal mammal bait","None",NA,2085497,"S04_T16",0,"Camera Functioning","Knee height",NA,"Parallel",NA,NA,NA,NA,"Site_04",NA,NA,NA,NA,NA,NA,2024-07-23 14:59:58,346,6,0.1,0
2004409,"S04_T16_2024","e6ecd7c9-1f46-4722-96f6-61a22642f68b","Site04__2024_site4_trap_16__2024-07-23__16-05-10(1).JPG","gs://145625598251_2004409_606_usyd_tfe_2022__main/deployment/2310270/prod/directUpload/e6ecd7c9-1f46-4722-96f6-61a22642f68b.JPG",0,"Aidan Lowe","b1352069-a39c-4a84-a949-60044271c0c1","Aves","","","","","Bird",NA,"2024-07-23 16:05:10",1,"","",NA,NA,NA,NA,"false",NA,NA,"CC-BY-NC","",2004409,"S04_T16",151.746,-32.2443,"2024-07-22 00:00:00","2024-07-25 00:00:00","Other","Universal mammal bait","None",NA,2085497,"S04_T16",0,"Camera Functioning","Knee height",NA,"Parallel",NA,NA,NA,NA,"Site_04",NA,NA,NA,NA,NA,NA,2024-07-23 16:05:10,3912,65,1.1,0
2004409,"S04_T16_2024","147e587c-fc1b-4787-8bd2-8d5afa7bc23b","Site04__2024_site4_trap_16__2024-07-24__10-39-33(1).JPG","gs://145625598251_2004409_606_usyd_tfe_2022__main/deployment/2310270/prod/directUpload/147e587c-fc1b-4787-8bd2-8d5afa7bc23b.JPG",0,"Aidan Lowe","b1352069-a39c-4a84-a949-60044271c0c1","Aves","","","","","Bird",NA,"2024-07-24 10:39:33",1,"","",NA,NA,NA,NA,"false",NA,NA,"CC-BY-NC","",2004409,"S04_T16",151.746,-32.2443,"2024-07-22 00:00:00","2024-07-25 00:00:00","Other","Universal mammal bait","None",NA,2085497,"S04_T16",0,"Camera Functioning","Knee height",NA,"Parallel",NA,NA,NA,NA,"Site_04",NA,NA,NA,NA,NA,NA,2024-07-24 10:39:33,66863,1114,18.6,0.8
2004409,"S04_T16_2024","d926fbbf-ae60-43fb-8184-b617e0be957e","Site04__2024_site4_trap_16__2024-07-23__17-56-35(1).JPG","gs://145625598251_2004409_606_usyd_tfe_2022__main/deployment/2310270/prod/directUpload/d926fbbf-ae60-43fb-8184-b617e0be957e.JPG",0,"Aidan Lowe","90d950db-2106-4bd9-a4c1-777604c3eada","Mammalia","Rodentia","","","","Rodent",NA,"2024-07-23 17:56:35",1,"","",NA,NA,NA,NA,"false",NA,NA,"CC-BY-NC","",2004409,"S04_T16",151.746,-32.2443,"2024-07-22 00:00:00","2024-07-25 00:00:00","Other","Universal mammal bait","None",NA,2085497,"S04_T16",0,"Camera Functioning","Knee height",NA,"Parallel",NA,NA,NA,NA,"Site_04",NA,NA,NA,NA,NA,NA,2024-07-23 17:56:35,0,0,0,0
2004409,"S04_T16_2024","21042854-53cc-433f-907c-688083fe058c","Site04__2024_site4_trap_16__2024-07-24__05-25-06(1).JPG","gs://145625598251_2004409_606_usyd_tfe_2022__main/deployment/2310270/prod/directUpload/21042854-53cc-433f-907c-688083fe058c.JPG",0,"Aidan Lowe","90d950db-2106-4bd9-a4c1-777604c3eada","Mammalia","Rodentia","","","","Rodent",NA,"2024-07-24 05:25:06",1,"","",NA,NA,NA,NA,"false",NA,NA,"CC-BY-NC","{""{\""detectionBox\"":[0.524763763,0.260824889,0.673755765,0.3468602]}""}",2004409,"S04_T16",151.746,-32.2443,"2024-07-22 00:00:00","2024-07-25 00:00:00","Other","Universal mammal bait","None",NA,2085497,"S04_T16",0,"Camera Functioning","Knee height",NA,"Parallel",NA,NA,NA,NA,"Site_04",NA,NA,NA,NA,NA,NA,2024-07-24 05:25:06,41311,689,11.5,0.5
2004409,"S04_T16_2024","3904f924-e9bd-41d6-a4e4-dca0d6fbf60e","Site04__2024_site4_trap_16__2024-07-25__02-20-54(1).JPG","gs://145625598251_2004409_606_usyd_tfe_2022__main/deployment/2310270/prod/directUpload/3904f924-e9bd-41d6-a4e4-dca0d6fbf60e.JPG",0,"Aidan Lowe","90d950db-2106-4bd9-a4c1-777604c3eada","Mammalia","Rodentia","","","","Rodent",NA,"2024-07-25 02:20:54",1,"","",NA,NA,NA,NA,"false",NA,NA,"CC-BY-NC","",2004409,"S04_T16",151.746,-32.2443,"2024-07-22 00:00:00","2024-07-25 00:00:00","Other","Universal mammal bait","None",NA,2085497,"S04_T16",0,"Camera Functioning","Knee height",NA,"Parallel",NA,NA,NA,NA,"Site_04",NA,NA,NA,NA,NA,NA,2024-07-25 02:20:54,75348,1256,20.9,0.9
2004409,"S04_T16_2024","abd88981-e96d-476f-8fd5-1c06d3d23591","Site04__2024_site4_trap_16__2024-07-22__22-58-53(1).JPG","gs://145625598251_2004409_606_usyd_tfe_2022__main/deployment/2310270/prod/directUpload/abd88981-e96d-476f-8fd5-1c06d3d23591.JPG",0,"Aidan Lowe","d8cabc3b-7bbe-45b0-b9a9-600e114d189b","Mammalia","","","","","Small Mammal",NA,"2024-07-22 22:58:53",1,"","",NA,NA,NA,NA,"false",NA,NA,"CC-BY-NC","",2004409,"S04_T16",151.746,-32.2443,"2024-07-22 00:00:00","2024-07-25 00:00:00","Other","Universal mammal bait","None",NA,2085497,"S04_T16",0,"Camera Functioning","Knee height",NA,"Parallel",NA,NA,NA,NA,"Site_04",NA,NA,NA,NA,NA,NA,2024-07-22 22:58:53,0,0,0,0
2004409,"S04_T18_2024","aa36cf5d-38e7-45c2-81be-40470fd9d0a7","Site04__2024_site4_trap_18__2024-07-24__10-31-25(1).JPG","gs://145625598251_2004409_606_usyd_tfe_2022__main/deployment/2310271/prod/directUpload/aa36cf5d-38e7-45c2-81be-40470fd9d0a7.JPG",0,"Charlise Eades-Formica","b1352069-a39c-4a84-a949-60044271c0c1","Aves","","","","","Bird",NA,"2024-07-24 10:31:25",1,"","",NA,NA,NA,NA,"false",NA,NA,"CC-BY-NC","",2004409,"S04_T18",151.7459,-32.2443,"2024-07-22 00:00:00","2024-07-25 00:00:00","Other","Universal mammal bait","None",NA,2085498,"S04_T18",0,"Camera Functioning","Knee height",NA,"Parallel",NA,NA,NA,NA,"Site_04",NA,NA,NA,NA,NA,NA,2024-07-24 10:31:25,0,0,0,0
2004409,"S04_T18_2024","19535e58-3fed-49c2-a578-1dcee481450c","Site04__2024_site4_trap_18__2024-07-23__15-07-34(1).JPG","gs://145625598251_2004409_606_usyd_tfe_2022__main/deployment/2310271/prod/directUpload/19535e58-3fed-49c2-a578-1dcee481450c.JPG",0,"Charlise Eades-Formica","6ccf0c56-72ce-49c5-84bd-3aca403c1b26","Mammalia","Dasyuromorphia","Dasyuridae","Antechinus","stuartii","Brown Antechinus",NA,"2024-07-23 15:07:34",1,"","",NA,NA,NA,NA,"false",NA,NA,"CC-BY-NC","{""{\""detectionBox\"":[0.436317623,0.822633326,0.71863097,0.904220283]}""}",2004409,"S04_T18",151.7459,-32.2443,"2024-07-22 00:00:00","2024-07-25 00:00:00","Other","Universal mammal bait","None",NA,2085498,"S04_T18",0,"Camera Functioning","Knee height",NA,"Parallel",NA,NA,NA,NA,"Site_04",NA,NA,NA,NA,NA,NA,2024-07-23 15:07:34,0,0,0,0
2004409,"S04_T18_2024","9418f93f-3939-4759-9e30-4ac36534e3da","Site04__2024_site4_trap_18__2024-07-24__12-17-50(1).JPG","gs://145625598251_2004409_606_usyd_tfe_2022__main/deployment/2310271/prod/directUpload/9418f93f-3939-4759-9e30-4ac36534e3da.JPG",0,"Charlise Eades-Formica","6ccf0c56-72ce-49c5-84bd-3aca403c1b26","Mammalia","Dasyuromorphia","Dasyuridae","Antechinus","stuartii","Brown Antechinus",NA,"2024-07-24 12:17:50",1,"","",NA,NA,NA,NA,"false",NA,NA,"CC-BY-NC","",2004409,"S04_T18",151.7459,-32.2443,"2024-07-22 00:00:00","2024-07-25 00:00:00","Other","Universal mammal bait","None",NA,2085498,"S04_T18",0,"Camera Functioning","Knee height",NA,"Parallel",NA,NA,NA,NA,"Site_04",NA,NA,NA,NA,NA,NA,2024-07-24 12:17:50,76216,1270,21.2,0.9
2004409,"S04_T18_2024","b1d35514-567a-4abc-b5ba-56e02b40c6f3","Site04__2024_site4_trap_18__2024-07-22__20-28-30(1).JPG","gs://145625598251_2004409_606_usyd_tfe_2022__main/deployment/2310271/prod/directUpload/b1d35514-567a-4abc-b5ba-56e02b40c6f3.JPG",0,"Charlise Eades-Formica","f97e5485-9bda-4eeb-83a3-d65ba57f410c","Mammalia","Rodentia","Muridae","Rattus","fuscipes","Bush Rat",NA,"2024-07-22 20:28:30",1,"","",NA,NA,NA,NA,"false",NA,NA,"CC-BY-NC","{""{\""detectionBox\"":[0.308790624,0.175980642,0.621756554,0.389303684]}""}",2004409,"S04_T18",151.7459,-32.2443,"2024-07-22 00:00:00","2024-07-25 00:00:00","Other","Universal mammal bait","None",NA,2085498,"S04_T18",0,"Camera Functioning","Knee height",NA,"Parallel",NA,NA,NA,NA,"Site_04",NA,NA,NA,NA,NA,NA,2024-07-22 20:28:30,0,0,0,0
2004409,"S04_T18_2024","529fa04b-f8a2-467d-97c0-8b72904e215e","Site04__2024_site4_trap_18__2024-07-22__20-43-23(1).JPG","gs://145625598251_2004409_606_usyd_tfe_2022__main/deployment/2310271/prod/directUpload/529fa04b-f8a2-467d-97c0-8b72904e215e.JPG",0,"Charlise Eades-Formica","f97e5485-9bda-4eeb-83a3-d65ba57f410c","Mammalia","Rodentia","Muridae","Rattus","fuscipes","Bush Rat",NA,"2024-07-22 20:43:23",1,"","",NA,NA,NA,NA,"false",NA,NA,"CC-BY-NC","{""{\""detectionBox\"":[0.296352088,0.0863290206,0.47369,0.324447125]}""}",2004409,"S04_T18",151.7459,-32.2443,"2024-07-22 00:00:00","2024-07-25 00:00:00","Other","Universal mammal bait","None",NA,2085498,"S04_T18",0,"Camera Functioning","Knee height",NA,"Parallel",NA,NA,NA,NA,"Site_04",NA,NA,NA,NA,NA,NA,2024-07-22 20:43:23,893,15,0.2,0
2004409,"S04_T18_2024","3a9c9b82-32ca-483a-9d49-6c684e04a6c4","Site04__2024_site4_trap_18__2024-07-22__22-14-08(2).JPG","gs://145625598251_2004409_606_usyd_tfe_2022__main/deployment/2310271/prod/directUpload/3a9c9b82-32ca-483a-9d49-6c684e04a6c4.JPG",0,"Charlise Eades-Formica","f97e5485-9bda-4eeb-83a3-d65ba57f410c","Mammalia","Rodentia","Muridae","Rattus","fuscipes","Bush Rat",NA,"2024-07-22 22:14:08",1,"","",NA,NA,NA,NA,"false",NA,NA,"CC-BY-NC","{""{\""detectionBox\"":[0.332352638,0.123397335,0.627403677,0.341314256]}""}",2004409,"S04_T18",151.7459,-32.2443,"2024-07-22 00:00:00","2024-07-25 00:00:00","Other","Universal mammal bait","None",NA,2085498,"S04_T18",0,"Camera Functioning","Knee height",NA,"Parallel",NA,NA,NA,NA,"Site_04",NA,NA,NA,NA,NA,NA,2024-07-22 22:14:08,5445,91,1.5,0.1
2004409,"S04_T18_2024","5fd06cc9-afb1-4660-a662-5d98a961ba66","Site04__2024_site4_trap_18__2024-07-23__04-12-05(7).JPG","gs://145625598251_2004409_606_usyd_tfe_2022__main/deployment/2310271/prod/directUpload/5fd06cc9-afb1-4660-a662-5d98a961ba66.JPG",0,"Charlise Eades-Formica","f97e5485-9bda-4eeb-83a3-d65ba57f410c","Mammalia","Rodentia","Muridae","Rattus","fuscipes","Bush Rat",NA,"2024-07-23 04:12:05",1,"","",NA,NA,NA,NA,"false",NA,NA,"CC-BY-NC","{""{\""detectionBox\"":[0.792926073,0.635183871,0.97732,0.798104465]}""}",2004409,"S04_T18",151.7459,-32.2443,"2024-07-22 00:00:00","2024-07-25 00:00:00","Other","Universal mammal bait","None",NA,2085498,"S04_T18",0,"Camera Functioning","Knee height",NA,"Parallel",NA,NA,NA,NA,"Site_04",NA,NA,NA,NA,NA,NA,2024-07-23 04:12:05,21477,358,6,0.2
2004409,"S04_T18_2024","5d9fe04d-cb09-402a-862a-afae71639612","Site04__2024_site4_trap_18__2024-07-23__19-10-24(1).JPG","gs://145625598251_2004409_606_usyd_tfe_2022__main/deployment/2310271/prod/directUpload/5d9fe04d-cb09-402a-862a-afae71639612.JPG",0,"Charlise Eades-Formica","f97e5485-9bda-4eeb-83a3-d65ba57f410c","Mammalia","Rodentia","Muridae","Rattus","fuscipes","Bush Rat",NA,"2024-07-23 19:10:24",1,"","",NA,NA,NA,NA,"false",NA,NA,"CC-BY-NC","{""{\""detectionBox\"":[0.684279799,0.326904386,0.870975494,0.461543351]}""}",2004409,"S04_T18",151.7459,-32.2443,"2024-07-22 00:00:00","2024-07-25 00:00:00","Other","Universal mammal bait","None",NA,2085498,"S04_T18",0,"Camera Functioning","Knee height",NA,"Parallel",NA,NA,NA,NA,"Site_04",NA,NA,NA,NA,NA,NA,2024-07-23 19:10:24,53899,898,15,0.6
2004409,"S04_T18_2024","c149af73-b4b1-4085-8c46-7536b4deb9a1","Site04__2024_site4_trap_18__2024-07-23__21-50-24(1).JPG","gs://145625598251_2004409_606_usyd_tfe_2022__main/deployment/2310271/prod/directUpload/c149af73-b4b1-4085-8c46-7536b4deb9a1.JPG",0,"Charlise Eades-Formica","f97e5485-9bda-4eeb-83a3-d65ba57f410c","Mammalia","Rodentia","Muridae","Rattus","fuscipes","Bush Rat",NA,"2024-07-23 21:50:24",1,"","",NA,NA,NA,NA,"false",NA,NA,"CC-BY-NC","{""{\""detectionBox\"":[0.230295986,0.4821558,0.621176183,0.614134073]}""}",2004409,"S04_T18",151.7459,-32.2443,"2024-07-22 00:00:00","2024-07-25 00:00:00","Other","Universal mammal bait","None",NA,2085498,"S04_T18",0,"Camera Functioning","Knee height",NA,"Parallel",NA,NA,NA,NA,"Site_04",NA,NA,NA,NA,NA,NA,2024-07-23 21:50:24,9600,160,2.7,0.1
2004409,"S04_T18_2024","71e8ab12-be23-4f94-bcb3-c3a7156ae6d1","Site04__2024_site4_trap_18__2024-07-23__22-48-06(2).JPG","gs://145625598251_2004409_606_usyd_tfe_2022__main/deployment/2310271/prod/directUpload/71e8ab12-be23-4f94-bcb3-c3a7156ae6d1.JPG",0,"Charlise Eades-Formica","f97e5485-9bda-4eeb-83a3-d65ba57f410c","Mammalia","Rodentia","Muridae","Rattus","fuscipes","Bush Rat",NA,"2024-07-23 22:48:06",1,"","",NA,NA,NA,NA,"false",NA,NA,"CC-BY-NC","{""{\""detectionBox\"":[0.777252734,0.0205124468,0.937093437,0.289645791]}""}",2004409,"S04_T18",151.7459,-32.2443,"2024-07-22 00:00:00","2024-07-25 00:00:00","Other","Universal mammal bait","None",NA,2085498,"S04_T18",0,"Camera Functioning","Knee height",NA,"Parallel",NA,NA,NA,NA,"Site_04",NA,NA,NA,NA,NA,NA,2024-07-23 22:48:06,3462,58,1,0
2004409,"S04_T18_2024","72592a34-6405-41c5-ab61-3430c7cefe22","Site04__2024_site4_trap_18__2024-07-24__01-34-16(1).JPG","gs://145625598251_2004409_606_usyd_tfe_2022__main/deployment/2310271/prod/directUpload/72592a34-6405-41c5-ab61-3430c7cefe22.JPG",0,"Charlise Eades-Formica","f97e5485-9bda-4eeb-83a3-d65ba57f410c","Mammalia","Rodentia","Muridae","Rattus","fuscipes","Bush Rat",NA,"2024-07-24 01:34:16",1,"","",NA,NA,NA,NA,"false",NA,NA,"CC-BY-NC","",2004409,"S04_T18",151.7459,-32.2443,"2024-07-22 00:00:00","2024-07-25 00:00:00","Other","Universal mammal bait","None",NA,2085498,"S04_T18",0,"Camera Functioning","Knee height",NA,"Parallel",NA,NA,NA,NA,"Site_04",NA,NA,NA,NA,NA,NA,2024-07-24 01:34:16,9970,166,2.8,0.1
2004409,"S04_T18_2024","e237126f-7f23-4342-b6e2-ab67fde0af8c","Site04__2024_site4_trap_18__2024-07-24__03-35-12(1).JPG","gs://145625598251_2004409_606_usyd_tfe_2022__main/deployment/2310271/prod/directUpload/e237126f-7f23-4342-b6e2-ab67fde0af8c.JPG",0,"Charlise Eades-Formica","f97e5485-9bda-4eeb-83a3-d65ba57f410c","Mammalia","Rodentia","Muridae","Rattus","fuscipes","Bush Rat",NA,"2024-07-24 03:35:12",1,"","",NA,NA,NA,NA,"false",NA,NA,"CC-BY-NC","{""{\""detectionBox\"":[0.777620316,0.216704145,0.952635705,0.44688195]}""}",2004409,"S04_T18",151.7459,-32.2443,"2024-07-22 00:00:00","2024-07-25 00:00:00","Other","Universal mammal bait","None",NA,2085498,"S04_T18",0,"Camera Functioning","Knee height",NA,"Parallel",NA,NA,NA,NA,"Site_04",NA,NA,NA,NA,NA,NA,2024-07-24 03:35:12,7256,121,2,0.1
2004409,"S04_T18_2024","0ff223cd-e976-40a9-9421-ddfba5b8278f","Site04__2024_site4_trap_18__2024-07-24__23-41-02(1).JPG","gs://145625598251_2004409_606_usyd_tfe_2022__main/deployment/2310271/prod/directUpload/0ff223cd-e976-40a9-9421-ddfba5b8278f.JPG",0,"Charlise Eades-Formica","f97e5485-9bda-4eeb-83a3-d65ba57f410c","Mammalia","Rodentia","Muridae","Rattus","fuscipes","Bush Rat",NA,"2024-07-24 23:41:02",1,"","",NA,NA,NA,NA,"false",NA,NA,"CC-BY-NC","{""{\""detectionBox\"":[0.505259573,0.634029806,0.650707543,0.75932163]}""}",2004409,"S04_T18",151.7459,-32.2443,"2024-07-22 00:00:00","2024-07-25 00:00:00","Other","Universal mammal bait","None",NA,2085498,"S04_T18",0,"Camera Functioning","Knee height",NA,"Parallel",NA,NA,NA,NA,"Site_04",NA,NA,NA,NA,NA,NA,2024-07-24 23:41:02,72350,1206,20.1,0.8
2004409,"S04_T18_2024","4af4aa67-ce7e-4cfa-93be-bd43b4161c2b","Site04__2024_site4_trap_18__2024-07-25__01-45-14(1).JPG","gs://145625598251_2004409_606_usyd_tfe_2022__main/deployment/2310271/prod/directUpload/4af4aa67-ce7e-4cfa-93be-bd43b4161c2b.JPG",0,"Charlise Eades-Formica","f97e5485-9bda-4eeb-83a3-d65ba57f410c","Mammalia","Rodentia","Muridae","Rattus","fuscipes","Bush Rat",NA,"2024-07-25 01:45:14",1,"","",NA,NA,NA,NA,"false",NA,NA,"CC-BY-NC","",2004409,"S04_T18",151.7459,-32.2443,"2024-07-22 00:00:00","2024-07-25 00:00:00","Other","Universal mammal bait","None",NA,2085498,"S04_T18",0,"Camera Functioning","Knee height",NA,"Parallel",NA,NA,NA,NA,"Site_04",NA,NA,NA,NA,NA,NA,2024-07-25 01:45:14,7452,124,2.1,0.1
2004409,"S04_T18_2024","0a27a6cf-77e0-4444-b1b6-76c2badbb7cc","Site04__2024_site4_trap_18__2024-07-25__01-50-35(1).JPG","gs://145625598251_2004409_606_usyd_tfe_2022__main/deployment/2310271/prod/directUpload/0a27a6cf-77e0-4444-b1b6-76c2badbb7cc.JPG",0,"Charlise Eades-Formica","f97e5485-9bda-4eeb-83a3-d65ba57f410c","Mammalia","Rodentia","Muridae","Rattus","fuscipes","Bush Rat",NA,"2024-07-25 01:50:35",1,"","",NA,NA,NA,NA,"false",NA,NA,"CC-BY-NC","",2004409,"S04_T18",151.7459,-32.2443,"2024-07-22 00:00:00","2024-07-25 00:00:00","Other","Universal mammal bait","None",NA,2085498,"S04_T18",0,"Camera Functioning","Knee height",NA,"Parallel",NA,NA,NA,NA,"Site_04",NA,NA,NA,NA,NA,NA,2024-07-25 01:50:35,321,5,0.1,0
2004409,"S04_T18_2024","d33e6e06-feff-4c1c-96e4-e86e1a6f7d09","Site04__2024_site4_trap_18__2024-07-23__12-52-26(1).JPG","gs://145625598251_2004409_606_usyd_tfe_2022__main/deployment/2310271/prod/directUpload/d33e6e06-feff-4c1c-96e4-e86e1a6f7d09.JPG",0,"Charlise Eades-Formica","44e634c2-78f9-4183-9e00-33f36a4a141e","Aves","Passeriformes","Petroicidae","Eopsaltria","australis","Eastern Yellow Robin",NA,"2024-07-23 12:52:26",1,"","",NA,NA,NA,NA,"false",NA,NA,"CC-BY-NC","",2004409,"S04_T18",151.7459,-32.2443,"2024-07-22 00:00:00","2024-07-25 00:00:00","Other","Universal mammal bait","None",NA,2085498,"S04_T18",0,"Camera Functioning","Knee height",NA,"Parallel",NA,NA,NA,NA,"Site_04",NA,NA,NA,NA,NA,NA,2024-07-23 12:52:26,0,0,0,0
2004409,"S04_T18_2024","223e010a-adba-4e16-8557-c54d397dca7b","Site04__2024_site4_trap_18__2024-07-24__23-00-09(1).JPG","gs://145625598251_2004409_606_usyd_tfe_2022__main/deployment/2310271/prod/directUpload/223e010a-adba-4e16-8557-c54d397dca7b.JPG",0,"Charlise Eades-Formica","dbe5f5e8-be6c-4132-8d0b-77926e72a615","Mammalia","Diprotodontia","Phalangeridae","Trichosurus","cunninghami","Mountain Brushtail Possum",NA,"2024-07-24 23:00:09",1,"","",NA,NA,NA,NA,"false",NA,NA,"CC-BY-NC","{""{\""detectionBox\"":[0.771818817,0.000605359674,0.978726149,0.25988]}""}",2004409,"S04_T18",151.7459,-32.2443,"2024-07-22 00:00:00","2024-07-25 00:00:00","Other","Universal mammal bait","None",NA,2085498,"S04_T18",0,"Camera Functioning","Knee height",NA,"Parallel",NA,NA,NA,NA,"Site_04",NA,NA,NA,NA,NA,NA,2024-07-24 23:00:09,0,0,0,0
2004409,"S04_T18_2024","4d331159-d811-43a9-8f18-44a0bbe020cd","Site04__2024_site4_trap_18__2024-07-24__23-11-38(1).JPG","gs://145625598251_2004409_606_usyd_tfe_2022__main/deployment/2310271/prod/directUpload/4d331159-d811-43a9-8f18-44a0bbe020cd.JPG",0,"Charlise Eades-Formica","dbe5f5e8-be6c-4132-8d0b-77926e72a615","Mammalia","Diprotodontia","Phalangeridae","Trichosurus","cunninghami","Mountain Brushtail Possum",NA,"2024-07-24 23:11:38",1,"","",NA,NA,NA,NA,"false",NA,NA,"CC-BY-NC","{""{\""detectionBox\"":[0.422975928,0.706187,0.976049125,1]}""}",2004409,"S04_T18",151.7459,-32.2443,"2024-07-22 00:00:00","2024-07-25 00:00:00","Other","Universal mammal bait","None",NA,2085498,"S04_T18",0,"Camera Functioning","Knee height",NA,"Parallel",NA,NA,NA,NA,"Site_04",NA,NA,NA,NA,NA,NA,2024-07-24 23:11:38,689,11,0.2,0
2004409,"S04_T18_2024","8d61d8ac-083c-467b-91f1-8316e4ef0d25","Site04__2024_site4_trap_18__2024-07-23__19-12-10(1).JPG","gs://145625598251_2004409_606_usyd_tfe_2022__main/deployment/2310271/prod/directUpload/8d61d8ac-083c-467b-91f1-8316e4ef0d25.JPG",0,"Charlise Eades-Formica","90d950db-2106-4bd9-a4c1-777604c3eada","Mammalia","Rodentia","","","","Rodent",NA,"2024-07-23 19:12:10",1,"","",NA,NA,NA,NA,"false",NA,NA,"CC-BY-NC","",2004409,"S04_T18",151.7459,-32.2443,"2024-07-22 00:00:00","2024-07-25 00:00:00","Other","Universal mammal bait","None",NA,2085498,"S04_T18",0,"Camera Functioning","Knee height",NA,"Parallel",NA,NA,NA,NA,"Site_04",NA,NA,NA,NA,NA,NA,2024-07-23 19:12:10,0,0,0,0
2004409,"S04_T18_2024","5a776e74-1dd3-4481-8ff1-42add08627b9","Site04__2024_site4_trap_18__2024-07-22__20-05-17(1).JPG","gs://145625598251_2004409_606_usyd_tfe_2022__main/deployment/2310271/prod/directUpload/5a776e74-1dd3-4481-8ff1-42add08627b9.JPG",0,"Charlise Eades-Formica","d8cabc3b-7bbe-45b0-b9a9-600e114d189b","Mammalia","","","","","Small Mammal",NA,"2024-07-22 20:05:17",1,"","",NA,NA,NA,NA,"false",NA,NA,"CC-BY-NC","",2004409,"S04_T18",151.7459,-32.2443,"2024-07-22 00:00:00","2024-07-25 00:00:00","Other","Universal mammal bait","None",NA,2085498,"S04_T18",0,"Camera Functioning","Knee height",NA,"Parallel",NA,NA,NA,NA,"Site_04",NA,NA,NA,NA,NA,NA,2024-07-22 20:05:17,0,0,0,0
2004409,"S04_T18_2024","1375640e-8d5c-4a45-8db3-9ba3d2d80c36","Site04__2024_site4_trap_18__2024-07-25__02-04-35(1).JPG","gs://145625598251_2004409_606_usyd_tfe_2022__main/deployment/2310271/prod/directUpload/1375640e-8d5c-4a45-8db3-9ba3d2d80c36.JPG",0,"Charlise Eades-Formica","d8cabc3b-7bbe-45b0-b9a9-600e114d189b","Mammalia","","","","","Small Mammal",NA,"2024-07-25 02:04:35",1,"","",NA,NA,NA,NA,"false",NA,NA,"CC-BY-NC","",2004409,"S04_T18",151.7459,-32.2443,"2024-07-22 00:00:00","2024-07-25 00:00:00","Other","Universal mammal bait","None",NA,2085498,"S04_T18",0,"Camera Functioning","Knee height",NA,"Parallel",NA,NA,NA,NA,"Site_04",NA,NA,NA,NA,NA,NA,2024-07-25 02:04:35,194358,3239,54,2.2
2004409,"S04_T18_2024","7e39d008-20cf-4091-957e-8a0d3d6efe4d","Site04__2024_site4_trap_18__2024-07-23__10-57-55(1).JPG","gs://145625598251_2004409_606_usyd_tfe_2022__main/deployment/2310271/prod/directUpload/7e39d008-20cf-4091-957e-8a0d3d6efe4d.JPG",0,"Charlise Eades-Formica","3450b781-acf9-4bdf-af8f-c555034e0271","Aves","Passeriformes","Acanthizidae","Sericornis","citreogularis","Yellow-throated Scrubwren",NA,"2024-07-23 10:57:55",1,"","",NA,NA,NA,NA,"false",NA,NA,"CC-BY-NC","",2004409,"S04_T18",151.7459,-32.2443,"2024-07-22 00:00:00","2024-07-25 00:00:00","Other","Universal mammal bait","None",NA,2085498,"S04_T18",0,"Camera Functioning","Knee height",NA,"Parallel",NA,NA,NA,NA,"Site_04",NA,NA,NA,NA,NA,NA,2024-07-23 10:57:55,0,0,0,0
2004409,"S04_T18_2024","4968a1f6-ee40-4f3c-9cc6-11e25e8df3ea","Site04__2024_site4_trap_18__2024-07-23__14-06-06(1).JPG","gs://145625598251_2004409_606_usyd_tfe_2022__main/deployment/2310271/prod/directUpload/4968a1f6-ee40-4f3c-9cc6-11e25e8df3ea.JPG",0,"Charlise Eades-Formica","3450b781-acf9-4bdf-af8f-c555034e0271","Aves","Passeriformes","Acanthizidae","Sericornis","citreogularis","Yellow-throated Scrubwren",NA,"2024-07-23 14:06:06",1,"","",NA,NA,NA,NA,"false",NA,NA,"CC-BY-NC","",2004409,"S04_T18",151.7459,-32.2443,"2024-07-22 00:00:00","2024-07-25 00:00:00","Other","Universal mammal bait","None",NA,2085498,"S04_T18",0,"Camera Functioning","Knee height",NA,"Parallel",NA,NA,NA,NA,"Site_04",NA,NA,NA,NA,NA,NA,2024-07-23 14:06:06,11291,188,3.1,0.1
2004409,"S04_T18_2024","87cbb963-eb4b-4065-8452-5350dedbb677","Site04__2024_site4_trap_18__2024-07-24__10-35-07(1).JPG","gs://145625598251_2004409_606_usyd_tfe_2022__main/deployment/2310271/prod/directUpload/87cbb963-eb4b-4065-8452-5350dedbb677.JPG",0,"Charlise Eades-Formica","3450b781-acf9-4bdf-af8f-c555034e0271","Aves","Passeriformes","Acanthizidae","Sericornis","citreogularis","Yellow-throated Scrubwren",NA,"2024-07-24 10:35:07",1,"","",NA,NA,NA,NA,"false",NA,NA,"CC-BY-NC","",2004409,"S04_T18",151.7459,-32.2443,"2024-07-22 00:00:00","2024-07-25 00:00:00","Other","Universal mammal bait","None",NA,2085498,"S04_T18",0,"Camera Functioning","Knee height",NA,"Parallel",NA,NA,NA,NA,"Site_04",NA,NA,NA,NA,NA,NA,2024-07-24 10:35:07,73741,1229,20.5,0.9
2004409,"S04_T18_2024","00d1c72b-da59-471c-aecd-54cde859ea76","Site04__2024_site4_trap_18__2024-07-24__11-08-58(1).JPG","gs://145625598251_2004409_606_usyd_tfe_2022__main/deployment/2310271/prod/directUpload/00d1c72b-da59-471c-aecd-54cde859ea76.JPG",0,"Charlise Eades-Formica","3450b781-acf9-4bdf-af8f-c555034e0271","Aves","Passeriformes","Acanthizidae","Sericornis","citreogularis","Yellow-throated Scrubwren",NA,"2024-07-24 11:08:58",1,"","",NA,NA,NA,NA,"false",NA,NA,"CC-BY-NC","",2004409,"S04_T18",151.7459,-32.2443,"2024-07-22 00:00:00","2024-07-25 00:00:00","Other","Universal mammal bait","None",NA,2085498,"S04_T18",0,"Camera Functioning","Knee height",NA,"Parallel",NA,NA,NA,NA,"Site_04",NA,NA,NA,NA,NA,NA,2024-07-24 11:08:58,2031,34,0.6,0
2004409,"S04_T18_2024","34b05fef-343c-4771-aa8a-a396654a5ffd","Site04__2024_site4_trap_18__2024-07-24__12-43-37(1).JPG","gs://145625598251_2004409_606_usyd_tfe_2022__main/deployment/2310271/prod/directUpload/34b05fef-343c-4771-aa8a-a396654a5ffd.JPG",0,"Charlise Eades-Formica","3450b781-acf9-4bdf-af8f-c555034e0271","Aves","Passeriformes","Acanthizidae","Sericornis","citreogularis","Yellow-throated Scrubwren",NA,"2024-07-24 12:43:37",1,"","",NA,NA,NA,NA,"false",NA,NA,"CC-BY-NC","",2004409,"S04_T18",151.7459,-32.2443,"2024-07-22 00:00:00","2024-07-25 00:00:00","Other","Universal mammal bait","None",NA,2085498,"S04_T18",0,"Camera Functioning","Knee height",NA,"Parallel",NA,NA,NA,NA,"Site_04",NA,NA,NA,NA,NA,NA,2024-07-24 12:43:37,5679,95,1.6,0.1
2004409,"S04_T22_2024","c3714a6e-5ca9-4559-9355-e76da93e2ef8","Site04__2024_site4_trap_22__2024-07-23__21-29-48(1).JPG","gs://145625598251_2004409_606_usyd_tfe_2022__main/deployment/2310273/prod/directUpload/c3714a6e-5ca9-4559-9355-e76da93e2ef8.JPG",0,"Charlise Eades-Formica","f97e5485-9bda-4eeb-83a3-d65ba57f410c","Mammalia","Rodentia","Muridae","Rattus","fuscipes","Bush Rat",NA,"2024-07-23 21:29:48",1,"","",NA,NA,NA,NA,"false",NA,NA,"CC-BY-NC","{""{\""detectionBox\"":[0.410167754,0.183329791,0.512658656,0.420240849]}""}",2004409,"S04_T22",151.7455,-32.2445,"2024-07-22 00:00:00","2024-07-25 00:00:00","Other","Universal mammal bait","None",NA,2085500,"S04_T22",0,"Camera Functioning","Knee height",NA,"Parallel",NA,NA,NA,NA,"Site_04",NA,NA,NA,NA,NA,NA,2024-07-23 21:29:48,0,0,0,0
2004409,"S04_T22_2024","be1936e8-7016-4570-87ac-189a373a2b3d","Site04__2024_site4_trap_22__2024-07-24__21-30-48(1).JPG","gs://145625598251_2004409_606_usyd_tfe_2022__main/deployment/2310273/prod/directUpload/be1936e8-7016-4570-87ac-189a373a2b3d.JPG",0,"Charlise Eades-Formica","dbe5f5e8-be6c-4132-8d0b-77926e72a615","Mammalia","Diprotodontia","Phalangeridae","Trichosurus","cunninghami","Mountain Brushtail Possum",NA,"2024-07-24 21:30:48",1,"","",NA,NA,NA,NA,"false",NA,NA,"CC-BY-NC","{""{\""detectionBox\"":[0.115193583,0,0.534673333,0.382352471]}""}",2004409,"S04_T22",151.7455,-32.2445,"2024-07-22 00:00:00","2024-07-25 00:00:00","Other","Universal mammal bait","None",NA,2085500,"S04_T22",0,"Camera Functioning","Knee height",NA,"Parallel",NA,NA,NA,NA,"Site_04",NA,NA,NA,NA,NA,NA,2024-07-24 21:30:48,0,0,0,0
2004409,"S04_T24_2024","d17cb068-f106-472c-9c9c-b142b39eff15","Site04__2024_site4_trap_24__2024-07-24__10-30-53(1).JPG","gs://145625598251_2004409_606_usyd_tfe_2022__main/deployment/2310274/prod/directUpload/d17cb068-f106-472c-9c9c-b142b39eff15.JPG",0,"Charlise Eades-Formica","b1352069-a39c-4a84-a949-60044271c0c1","Aves","","","","","Bird",NA,"2024-07-24 10:30:53",1,"","",NA,NA,NA,NA,"false",NA,NA,"CC-BY-NC","",2004409,"S04_T24",151.7454,-32.2445,"2024-07-22 00:00:00","2024-07-25 00:00:00","Other","Universal mammal bait","None",NA,2085501,"S04_T24",0,"Camera Functioning","Knee height",NA,"Parallel",NA,NA,NA,NA,"Site_04",NA,NA,NA,NA,NA,NA,2024-07-24 10:30:53,0,0,0,0
2004409,"S04_T24_2024","4ee92807-8783-42a5-8cb3-a85588fbebd7","Site04__2024_site4_trap_24__2024-07-24__10-58-42(1).JPG","gs://145625598251_2004409_606_usyd_tfe_2022__main/deployment/2310274/prod/directUpload/4ee92807-8783-42a5-8cb3-a85588fbebd7.JPG",0,"Charlise Eades-Formica","b1352069-a39c-4a84-a949-60044271c0c1","Aves","","","","","Bird",NA,"2024-07-24 10:58:42",1,"","",NA,NA,NA,NA,"false",NA,NA,"CC-BY-NC","",2004409,"S04_T24",151.7454,-32.2445,"2024-07-22 00:00:00","2024-07-25 00:00:00","Other","Universal mammal bait","None",NA,2085501,"S04_T24",0,"Camera Functioning","Knee height",NA,"Parallel",NA,NA,NA,NA,"Site_04",NA,NA,NA,NA,NA,NA,2024-07-24 10:58:42,1669,28,0.5,0
2004409,"S04_T24_2024","c8b294b1-fcd5-4811-8afc-d26a5f8ceb7f","Site04__2024_site4_trap_24__2024-07-24__19-14-00(1).JPG","gs://145625598251_2004409_606_usyd_tfe_2022__main/deployment/2310274/prod/directUpload/c8b294b1-fcd5-4811-8afc-d26a5f8ceb7f.JPG",0,"Charlise Eades-Formica","6ccf0c56-72ce-49c5-84bd-3aca403c1b26","Mammalia","Dasyuromorphia","Dasyuridae","Antechinus","stuartii","Brown Antechinus",NA,"2024-07-24 19:14:00",1,"","",NA,NA,NA,NA,"false",NA,NA,"CC-BY-NC","{""{\""detectionBox\"":[0.353176117,0.402713776,0.58113718,0.536737561]}""}",2004409,"S04_T24",151.7454,-32.2445,"2024-07-22 00:00:00","2024-07-25 00:00:00","Other","Universal mammal bait","None",NA,2085501,"S04_T24",0,"Camera Functioning","Knee height",NA,"Parallel",NA,NA,NA,NA,"Site_04",NA,NA,NA,NA,NA,NA,2024-07-24 19:14:00,0,0,0,0
2004409,"S04_T24_2024","551cd879-5c16-400c-9293-8d79ad714721","Site04__2024_site4_trap_24__2024-07-23__18-53-40(1).JPG","gs://145625598251_2004409_606_usyd_tfe_2022__main/deployment/2310274/prod/directUpload/551cd879-5c16-400c-9293-8d79ad714721.JPG",0,"Charlise Eades-Formica","f97e5485-9bda-4eeb-83a3-d65ba57f410c","Mammalia","Rodentia","Muridae","Rattus","fuscipes","Bush Rat",NA,"2024-07-23 18:53:40",1,"","",NA,NA,NA,NA,"false",NA,NA,"CC-BY-NC","",2004409,"S04_T24",151.7454,-32.2445,"2024-07-22 00:00:00","2024-07-25 00:00:00","Other","Universal mammal bait","None",NA,2085501,"S04_T24",0,"Camera Functioning","Knee height",NA,"Parallel",NA,NA,NA,NA,"Site_04",NA,NA,NA,NA,NA,NA,2024-07-23 18:53:40,0,0,0,0
2004409,"S04_T24_2024","3480affd-0818-4704-96f6-036a992c7dc3","Site04__2024_site4_trap_24__2024-07-23__19-27-14(1).JPG","gs://145625598251_2004409_606_usyd_tfe_2022__main/deployment/2310274/prod/directUpload/3480affd-0818-4704-96f6-036a992c7dc3.JPG",0,"Charlise Eades-Formica","f97e5485-9bda-4eeb-83a3-d65ba57f410c","Mammalia","Rodentia","Muridae","Rattus","fuscipes","Bush Rat",NA,"2024-07-23 19:27:14",1,"","",NA,NA,NA,NA,"false",NA,NA,"CC-BY-NC","",2004409,"S04_T24",151.7454,-32.2445,"2024-07-22 00:00:00","2024-07-25 00:00:00","Other","Universal mammal bait","None",NA,2085501,"S04_T24",0,"Camera Functioning","Knee height",NA,"Parallel",NA,NA,NA,NA,"Site_04",NA,NA,NA,NA,NA,NA,2024-07-23 19:27:14,2014,34,0.6,0
2004409,"S04_T24_2024","0a6600c7-296a-45b5-84f9-b90db55761ad","Site04__2024_site4_trap_24__2024-07-23__19-32-59(1).JPG","gs://145625598251_2004409_606_usyd_tfe_2022__main/deployment/2310274/prod/directUpload/0a6600c7-296a-45b5-84f9-b90db55761ad.JPG",0,"Charlise Eades-Formica","f97e5485-9bda-4eeb-83a3-d65ba57f410c","Mammalia","Rodentia","Muridae","Rattus","fuscipes","Bush Rat",NA,"2024-07-23 19:32:59",1,"","",NA,NA,NA,NA,"false",NA,NA,"CC-BY-NC","{""{\""detectionBox\"":[0.772198141,0.347784698,0.976827323,0.611917198]}""}",2004409,"S04_T24",151.7454,-32.2445,"2024-07-22 00:00:00","2024-07-25 00:00:00","Other","Universal mammal bait","None",NA,2085501,"S04_T24",0,"Camera Functioning","Knee height",NA,"Parallel",NA,NA,NA,NA,"Site_04",NA,NA,NA,NA,NA,NA,2024-07-23 19:32:59,345,6,0.1,0
2004409,"S04_T24_2024","24ad1bf4-a364-42a6-ac83-9f9d26da61f2","Site04__2024_site4_trap_24__2024-07-25__03-10-06(1).JPG","gs://145625598251_2004409_606_usyd_tfe_2022__main/deployment/2310274/prod/directUpload/24ad1bf4-a364-42a6-ac83-9f9d26da61f2.JPG",0,"Charlise Eades-Formica","f97e5485-9bda-4eeb-83a3-d65ba57f410c","Mammalia","Rodentia","Muridae","Rattus","fuscipes","Bush Rat",NA,"2024-07-25 03:10:06",1,"","",NA,NA,NA,NA,"false",NA,NA,"CC-BY-NC","{""{\""detectionBox\"":[0.532646,0.0879494101,0.969241858,0.299516499]}""}",2004409,"S04_T24",151.7454,-32.2445,"2024-07-22 00:00:00","2024-07-25 00:00:00","Other","Universal mammal bait","None",NA,2085501,"S04_T24",0,"Camera Functioning","Knee height",NA,"Parallel",NA,NA,NA,NA,"Site_04",NA,NA,NA,NA,NA,NA,2024-07-25 03:10:06,113827,1897,31.6,1.3
2004409,"S04_T24_2024","fb9c5618-8889-4532-b5ca-c7d60ef34a2d","Site04__2024_site4_trap_24__2024-07-22__12-17-52(1).JPG","gs://145625598251_2004409_606_usyd_tfe_2022__main/deployment/2310274/prod/directUpload/fb9c5618-8889-4532-b5ca-c7d60ef34a2d.JPG",0,"Charlise Eades-Formica","44e634c2-78f9-4183-9e00-33f36a4a141e","Aves","Passeriformes","Petroicidae","Eopsaltria","australis","Eastern Yellow Robin",NA,"2024-07-22 12:17:52",1,"","",NA,NA,NA,NA,"false",NA,NA,"CC-BY-NC","{""{\""detectionBox\"":[0.730855227,0.274555922,0.9776721,0.549409151]}""}",2004409,"S04_T24",151.7454,-32.2445,"2024-07-22 00:00:00","2024-07-25 00:00:00","Other","Universal mammal bait","None",NA,2085501,"S04_T24",0,"Camera Functioning","Knee height",NA,"Parallel",NA,NA,NA,NA,"Site_04",NA,NA,NA,NA,NA,NA,2024-07-22 12:17:52,0,0,0,0
2004409,"S04_T24_2024","5b5a3aef-8358-463b-9b4e-c95a7563c85e","Site04__2024_site4_trap_24__2024-07-22__14-23-38(1).JPG","gs://145625598251_2004409_606_usyd_tfe_2022__main/deployment/2310274/prod/directUpload/5b5a3aef-8358-463b-9b4e-c95a7563c85e.JPG",0,"Charlise Eades-Formica","44e634c2-78f9-4183-9e00-33f36a4a141e","Aves","Passeriformes","Petroicidae","Eopsaltria","australis","Eastern Yellow Robin",NA,"2024-07-22 14:23:38",1,"","",NA,NA,NA,NA,"false",NA,NA,"CC-BY-NC","{""{\""detectionBox\"":[0.571460783,0.0545037836,0.799840569,0.304703832]}""}",2004409,"S04_T24",151.7454,-32.2445,"2024-07-22 00:00:00","2024-07-25 00:00:00","Other","Universal mammal bait","None",NA,2085501,"S04_T24",0,"Camera Functioning","Knee height",NA,"Parallel",NA,NA,NA,NA,"Site_04",NA,NA,NA,NA,NA,NA,2024-07-22 14:23:38,7546,126,2.1,0.1
2004409,"S04_T24_2024","2b0d72a2-ece6-471b-b446-77efbc7ffa97","Site04__2024_site4_trap_24__2024-07-24__19-15-17(1).JPG","gs://145625598251_2004409_606_usyd_tfe_2022__main/deployment/2310274/prod/directUpload/2b0d72a2-ece6-471b-b446-77efbc7ffa97.JPG",0,"Charlise Eades-Formica","d8cabc3b-7bbe-45b0-b9a9-600e114d189b","Mammalia","","","","","Small Mammal",NA,"2024-07-24 19:15:17",1,"","",NA,NA,NA,NA,"false",NA,NA,"CC-BY-NC","{""{\""detectionBox\"":[0.345906407,0.444197237,0.488794893,0.56109041]}""}",2004409,"S04_T24",151.7454,-32.2445,"2024-07-22 00:00:00","2024-07-25 00:00:00","Other","Universal mammal bait","None",NA,2085501,"S04_T24",0,"Camera Functioning","Knee height",NA,"Parallel",NA,NA,NA,NA,"Site_04",NA,NA,NA,NA,NA,NA,2024-07-24 19:15:17,0,0,0,0
2004409,"S04_T24_2024","50935657-981e-4d69-a8f9-0fdd542b0398","Site04__2024_site4_trap_24__2024-07-23__12-04-23(1).JPG","gs://145625598251_2004409_606_usyd_tfe_2022__main/deployment/2310274/prod/directUpload/50935657-981e-4d69-a8f9-0fdd542b0398.JPG",0,"Charlise Eades-Formica","3450b781-acf9-4bdf-af8f-c555034e0271","Aves","Passeriformes","Acanthizidae","Sericornis","citreogularis","Yellow-throated Scrubwren",NA,"2024-07-23 12:04:23",1,"","",NA,NA,NA,NA,"false",NA,NA,"CC-BY-NC","",2004409,"S04_T24",151.7454,-32.2445,"2024-07-22 00:00:00","2024-07-25 00:00:00","Other","Universal mammal bait","None",NA,2085501,"S04_T24",0,"Camera Functioning","Knee height",NA,"Parallel",NA,NA,NA,NA,"Site_04",NA,NA,NA,NA,NA,NA,2024-07-23 12:04:23,0,0,0,0
2004409,"S04_T24_2024","61346ff0-065e-4788-b9b4-17bd62ddca75","Site04__2024_site4_trap_24__2024-07-23__12-17-06(1).JPG","gs://145625598251_2004409_606_usyd_tfe_2022__main/deployment/2310274/prod/directUpload/61346ff0-065e-4788-b9b4-17bd62ddca75.JPG",0,"Charlise Eades-Formica","3450b781-acf9-4bdf-af8f-c555034e0271","Aves","Passeriformes","Acanthizidae","Sericornis","citreogularis","Yellow-throated Scrubwren",NA,"2024-07-23 12:17:06",1,"","",NA,NA,NA,NA,"false",NA,NA,"CC-BY-NC","",2004409,"S04_T24",151.7454,-32.2445,"2024-07-22 00:00:00","2024-07-25 00:00:00","Other","Universal mammal bait","None",NA,2085501,"S04_T24",0,"Camera Functioning","Knee height",NA,"Parallel",NA,NA,NA,NA,"Site_04",NA,NA,NA,NA,NA,NA,2024-07-23 12:17:06,763,13,0.2,0
2004409,"S04_T24_2024","cf8889c4-de15-49b9-a8b6-92ce497272d9","Site04__2024_site4_trap_24__2024-07-23__12-32-14(1).JPG","gs://145625598251_2004409_606_usyd_tfe_2022__main/deployment/2310274/prod/directUpload/cf8889c4-de15-49b9-a8b6-92ce497272d9.JPG",0,"Charlise Eades-Formica","3450b781-acf9-4bdf-af8f-c555034e0271","Aves","Passeriformes","Acanthizidae","Sericornis","citreogularis","Yellow-throated Scrubwren",NA,"2024-07-23 12:32:14",1,"","",NA,NA,NA,NA,"false",NA,NA,"CC-BY-NC","",2004409,"S04_T24",151.7454,-32.2445,"2024-07-22 00:00:00","2024-07-25 00:00:00","Other","Universal mammal bait","None",NA,2085501,"S04_T24",0,"Camera Functioning","Knee height",NA,"Parallel",NA,NA,NA,NA,"Site_04",NA,NA,NA,NA,NA,NA,2024-07-23 12:32:14,908,15,0.2,0
2004409,"S04_T24_2024","f6600543-5d40-4fc6-8b99-5a411a7f8d7e","Site04__2024_site4_trap_24__2024-07-23__12-39-02(1).JPG","gs://145625598251_2004409_606_usyd_tfe_2022__main/deployment/2310274/prod/directUpload/f6600543-5d40-4fc6-8b99-5a411a7f8d7e.JPG",0,"Charlise Eades-Formica","3450b781-acf9-4bdf-af8f-c555034e0271","Aves","Passeriformes","Acanthizidae","Sericornis","citreogularis","Yellow-throated Scrubwren",NA,"2024-07-23 12:39:02",1,"","",NA,NA,NA,NA,"false",NA,NA,"CC-BY-NC","{""{\""detectionBox\"":[0.589026511,0.215009287,0.828459084,0.415946364]}""}",2004409,"S04_T24",151.7454,-32.2445,"2024-07-22 00:00:00","2024-07-25 00:00:00","Other","Universal mammal bait","None",NA,2085501,"S04_T24",0,"Camera Functioning","Knee height",NA,"Parallel",NA,NA,NA,NA,"Site_04",NA,NA,NA,NA,NA,NA,2024-07-23 12:39:02,408,7,0.1,0
2004409,"S04_T24_2024","dd34b591-d14f-4aec-a473-85a2dd3cb6c3","Site04__2024_site4_trap_24__2024-07-23__16-46-49(1).JPG","gs://145625598251_2004409_606_usyd_tfe_2022__main/deployment/2310274/prod/directUpload/dd34b591-d14f-4aec-a473-85a2dd3cb6c3.JPG",0,"Charlise Eades-Formica","3450b781-acf9-4bdf-af8f-c555034e0271","Aves","Passeriformes","Acanthizidae","Sericornis","citreogularis","Yellow-throated Scrubwren",NA,"2024-07-23 16:46:49",1,"","",NA,NA,NA,NA,"false",NA,NA,"CC-BY-NC","",2004409,"S04_T24",151.7454,-32.2445,"2024-07-22 00:00:00","2024-07-25 00:00:00","Other","Universal mammal bait","None",NA,2085501,"S04_T24",0,"Camera Functioning","Knee height",NA,"Parallel",NA,NA,NA,NA,"Site_04",NA,NA,NA,NA,NA,NA,2024-07-23 16:46:49,14867,248,4.1,0.2
2004409,"S04_T24_2024","f2bffe9e-3a6c-4189-b800-b335e1032742","Site04__2024_site4_trap_24__2024-07-24__06-54-53(1).JPG","gs://145625598251_2004409_606_usyd_tfe_2022__main/deployment/2310274/prod/directUpload/f2bffe9e-3a6c-4189-b800-b335e1032742.JPG",0,"Charlise Eades-Formica","3450b781-acf9-4bdf-af8f-c555034e0271","Aves","Passeriformes","Acanthizidae","Sericornis","citreogularis","Yellow-throated Scrubwren",NA,"2024-07-24 06:54:53",1,"","",NA,NA,NA,NA,"false",NA,NA,"CC-BY-NC","",2004409,"S04_T24",151.7454,-32.2445,"2024-07-22 00:00:00","2024-07-25 00:00:00","Other","Universal mammal bait","None",NA,2085501,"S04_T24",0,"Camera Functioning","Knee height",NA,"Parallel",NA,NA,NA,NA,"Site_04",NA,NA,NA,NA,NA,NA,2024-07-24 06:54:53,50884,848,14.1,0.6
2004409,"S04_T24_2024","78570e17-78c4-40e6-aa4b-5a3586a9aea3","Site04__2024_site4_trap_24__2024-07-24__07-13-04(1).JPG","gs://145625598251_2004409_606_usyd_tfe_2022__main/deployment/2310274/prod/directUpload/78570e17-78c4-40e6-aa4b-5a3586a9aea3.JPG",0,"Charlise Eades-Formica","3450b781-acf9-4bdf-af8f-c555034e0271","Aves","Passeriformes","Acanthizidae","Sericornis","citreogularis","Yellow-throated Scrubwren",NA,"2024-07-24 07:13:04",1,"","",NA,NA,NA,NA,"false",NA,NA,"CC-BY-NC","",2004409,"S04_T24",151.7454,-32.2445,"2024-07-22 00:00:00","2024-07-25 00:00:00","Other","Universal mammal bait","None",NA,2085501,"S04_T24",0,"Camera Functioning","Knee height",NA,"Parallel",NA,NA,NA,NA,"Site_04",NA,NA,NA,NA,NA,NA,2024-07-24 07:13:04,1091,18,0.3,0
2004409,"S04_T24_2024","996a0cef-a16f-4151-afbb-f1f31d72a541","Site04__2024_site4_trap_24__2024-07-24__10-52-07(1).JPG","gs://145625598251_2004409_606_usyd_tfe_2022__main/deployment/2310274/prod/directUpload/996a0cef-a16f-4151-afbb-f1f31d72a541.JPG",0,"Charlise Eades-Formica","3450b781-acf9-4bdf-af8f-c555034e0271","Aves","Passeriformes","Acanthizidae","Sericornis","citreogularis","Yellow-throated Scrubwren",NA,"2024-07-24 10:52:07",1,"","",NA,NA,NA,NA,"false",NA,NA,"CC-BY-NC","",2004409,"S04_T24",151.7454,-32.2445,"2024-07-22 00:00:00","2024-07-25 00:00:00","Other","Universal mammal bait","None",NA,2085501,"S04_T24",0,"Camera Functioning","Knee height",NA,"Parallel",NA,NA,NA,NA,"Site_04",NA,NA,NA,NA,NA,NA,2024-07-24 10:52:07,13143,219,3.6,0.1
2004409,"S04_T24_2024","8544c067-82ee-4f6e-a1c6-b024c75e4044","Site04__2024_site4_trap_24__2024-07-24__11-00-15(2).JPG","gs://145625598251_2004409_606_usyd_tfe_2022__main/deployment/2310274/prod/directUpload/8544c067-82ee-4f6e-a1c6-b024c75e4044.JPG",0,"Charlise Eades-Formica","3450b781-acf9-4bdf-af8f-c555034e0271","Aves","Passeriformes","Acanthizidae","Sericornis","citreogularis","Yellow-throated Scrubwren",NA,"2024-07-24 11:00:15",1,"","",NA,NA,NA,NA,"false",NA,NA,"CC-BY-NC","{""{\""detectionBox\"":[0.774835706,0.454354525,0.978074491,0.768028855]}""}",2004409,"S04_T24",151.7454,-32.2445,"2024-07-22 00:00:00","2024-07-25 00:00:00","Other","Universal mammal bait","None",NA,2085501,"S04_T24",0,"Camera Functioning","Knee height",NA,"Parallel",NA,NA,NA,NA,"Site_04",NA,NA,NA,NA,NA,NA,2024-07-24 11:00:15,488,8,0.1,0
2004409,"S04_T24_2024","dde0e446-648a-4520-92b4-c9facf60c547","Site04__2024_site4_trap_24__2024-07-24__11-08-27(2).JPG","gs://145625598251_2004409_606_usyd_tfe_2022__main/deployment/2310274/prod/directUpload/dde0e446-648a-4520-92b4-c9facf60c547.JPG",0,"Charlise Eades-Formica","3450b781-acf9-4bdf-af8f-c555034e0271","Aves","Passeriformes","Acanthizidae","Sericornis","citreogularis","Yellow-throated Scrubwren",NA,"2024-07-24 11:08:27",1,"","",NA,NA,NA,NA,"false",NA,NA,"CC-BY-NC","",2004409,"S04_T24",151.7454,-32.2445,"2024-07-22 00:00:00","2024-07-25 00:00:00","Other","Universal mammal bait","None",NA,2085501,"S04_T24",0,"Camera Functioning","Knee height",NA,"Parallel",NA,NA,NA,NA,"Site_04",NA,NA,NA,NA,NA,NA,2024-07-24 11:08:27,492,8,0.1,0
2004409,"S04_T24_2024","cd1bbc6c-a729-4399-986b-04ede036ab2a","Site04__2024_site4_trap_24__2024-07-25__07-41-11(1).JPG","gs://145625598251_2004409_606_usyd_tfe_2022__main/deployment/2310274/prod/directUpload/cd1bbc6c-a729-4399-986b-04ede036ab2a.JPG",0,"Charlise Eades-Formica","3450b781-acf9-4bdf-af8f-c555034e0271","Aves","Passeriformes","Acanthizidae","Sericornis","citreogularis","Yellow-throated Scrubwren",NA,"2024-07-25 07:41:11",1,"","",NA,NA,NA,NA,"false",NA,NA,"CC-BY-NC","",2004409,"S04_T24",151.7454,-32.2445,"2024-07-22 00:00:00","2024-07-25 00:00:00","Other","Universal mammal bait","None",NA,2085501,"S04_T24",0,"Camera Functioning","Knee height",NA,"Parallel",NA,NA,NA,NA,"Site_04",NA,NA,NA,NA,NA,NA,2024-07-25 07:41:11,73964,1233,20.6,0.9
2004409,"S04_T24_2024","136e2847-314b-4045-aa7f-b8a09f38aa03","Site04__2024_site4_trap_24__2024-07-25__07-51-57(1).JPG","gs://145625598251_2004409_606_usyd_tfe_2022__main/deployment/2310274/prod/directUpload/136e2847-314b-4045-aa7f-b8a09f38aa03.JPG",0,"Charlise Eades-Formica","3450b781-acf9-4bdf-af8f-c555034e0271","Aves","Passeriformes","Acanthizidae","Sericornis","citreogularis","Yellow-throated Scrubwren",NA,"2024-07-25 07:51:57",1,"","",NA,NA,NA,NA,"false",NA,NA,"CC-BY-NC","{""{\""detectionBox\"":[0.625513792,0,0.866333425,0.233723402]}""}",2004409,"S04_T24",151.7454,-32.2445,"2024-07-22 00:00:00","2024-07-25 00:00:00","Other","Universal mammal bait","None",NA,2085501,"S04_T24",0,"Camera Functioning","Knee height",NA,"Parallel",NA,NA,NA,NA,"Site_04",NA,NA,NA,NA,NA,NA,2024-07-25 07:51:57,646,11,0.2,0
2004409,"S05_T02_2024","2f9ca1b1-78f5-429f-80f8-5da948fcc45d","Site05__2024_site5_trap02__2024-07-24__14-23-51(1).JPG","gs://145625598251_2004409_606_usyd_tfe_2022__main/deployment/2310275/prod/directUpload/2f9ca1b1-78f5-429f-80f8-5da948fcc45d.JPG",0,"Aaron Greenville","2f833b9c-3f9e-431f-b6e7-1d6dca01a0b6","Aves","Passeriformes","Turdidae","Zoothera","lunulata","Bassian Thrush",NA,"2024-07-24 14:23:51",1,"","",NA,NA,NA,NA,"false",NA,NA,"CC-BY-NC","{""{\""detectionBox\"":[0.772242188,0.53534174,0.976565123,0.872326374]}""}",2004409,"S05_T02",151.7509017,-32.24677667,"2024-07-22 00:00:00","2024-07-25 00:00:00","Other","Universal mammal bait","None",NA,2085502,"S05_T02",0,"Camera Functioning","Knee height",NA,"Parallel",NA,NA,NA,NA,"Site_05",NA,NA,NA,NA,NA,NA,2024-07-24 14:23:51,0,0,0,0
2004409,"S05_T02_2024","45fe311c-062c-47da-a869-dfb845652d9e","Site05__2024_site5_trap02__2024-07-24__00-36-55(1).JPG","gs://145625598251_2004409_606_usyd_tfe_2022__main/deployment/2310275/prod/directUpload/45fe311c-062c-47da-a869-dfb845652d9e.JPG",0,"Haruna Nomura","6ccf0c56-72ce-49c5-84bd-3aca403c1b26","Mammalia","Dasyuromorphia","Dasyuridae","Antechinus","stuartii","Brown Antechinus",NA,"2024-07-24 00:36:55",1,"","",NA,NA,NA,NA,"false",NA,NA,"CC-BY-NC","{""{\""detectionBox\"":[0.488724858,0.0704947114,0.573830605,0.260032296]}""}",2004409,"S05_T02",151.7509017,-32.24677667,"2024-07-22 00:00:00","2024-07-25 00:00:00","Other","Universal mammal bait","None",NA,2085502,"S05_T02",0,"Camera Functioning","Knee height",NA,"Parallel",NA,NA,NA,NA,"Site_05",NA,NA,NA,NA,NA,NA,2024-07-24 00:36:55,0,0,0,0
2004409,"S05_T02_2024","521b1d5a-95d1-4b33-bb16-4da6305983b8","Site05__2024_site5_trap02__2024-07-24__18-24-22(1).JPG","gs://145625598251_2004409_606_usyd_tfe_2022__main/deployment/2310275/prod/directUpload/521b1d5a-95d1-4b33-bb16-4da6305983b8.JPG",0,"Haruna Nomura","6ccf0c56-72ce-49c5-84bd-3aca403c1b26","Mammalia","Dasyuromorphia","Dasyuridae","Antechinus","stuartii","Brown Antechinus",NA,"2024-07-24 18:24:22",1,"","",NA,NA,NA,NA,"false",NA,NA,"CC-BY-NC","",2004409,"S05_T02",151.7509017,-32.24677667,"2024-07-22 00:00:00","2024-07-25 00:00:00","Other","Universal mammal bait","None",NA,2085502,"S05_T02",0,"Camera Functioning","Knee height",NA,"Parallel",NA,NA,NA,NA,"Site_05",NA,NA,NA,NA,NA,NA,2024-07-24 18:24:22,64047,1067,17.8,0.7
2004409,"S05_T02_2024","9e21abe6-9c66-4f2a-b836-fac543914777","Site05__2024_site5_trap02__2024-07-22__19-32-10(3).JPG","gs://145625598251_2004409_606_usyd_tfe_2022__main/deployment/2310275/prod/directUpload/9e21abe6-9c66-4f2a-b836-fac543914777.JPG",0,"Haruna Nomura","f97e5485-9bda-4eeb-83a3-d65ba57f410c","Mammalia","Rodentia","Muridae","Rattus","fuscipes","Bush Rat",NA,"2024-07-22 19:32:10",1,"","",NA,NA,NA,NA,"false",NA,NA,"CC-BY-NC","{""{\""detectionBox\"":[0.448263913,0.161598533,0.651040673,0.330643535]}""}",2004409,"S05_T02",151.7509017,-32.24677667,"2024-07-22 00:00:00","2024-07-25 00:00:00","Other","Universal mammal bait","None",NA,2085502,"S05_T02",0,"Camera Functioning","Knee height",NA,"Parallel",NA,NA,NA,NA,"Site_05",NA,NA,NA,NA,NA,NA,2024-07-22 19:32:10,0,0,0,0
2004409,"S05_T02_2024","22a8e749-3b3b-4dff-a7aa-6d2abe3812cb","Site05__2024_site5_trap02__2024-07-23__10-20-36(17).JPG","gs://145625598251_2004409_606_usyd_tfe_2022__main/deployment/2310275/prod/directUpload/22a8e749-3b3b-4dff-a7aa-6d2abe3812cb.JPG",0,"Haruna Nomura","f97e5485-9bda-4eeb-83a3-d65ba57f410c","Mammalia","Rodentia","Muridae","Rattus","fuscipes","Bush Rat",NA,"2024-07-23 10:20:36",1,"","",NA,NA,NA,NA,"false",NA,NA,"CC-BY-NC","{""{\""detectionBox\"":[0.767165303,0.52254,0.917853832,0.752110124]}""}",2004409,"S05_T02",151.7509017,-32.24677667,"2024-07-22 00:00:00","2024-07-25 00:00:00","Other","Universal mammal bait","None",NA,2085502,"S05_T02",0,"Camera Functioning","Knee height",NA,"Parallel",NA,NA,NA,NA,"Site_05",NA,NA,NA,NA,NA,NA,2024-07-23 10:20:36,53306,888,14.8,0.6
2004409,"S05_T02_2024","810229f7-f818-41ed-bf9a-c1d66458c8b9","Site05__2024_site5_trap02__2024-07-24__18-39-52(4).JPG","gs://145625598251_2004409_606_usyd_tfe_2022__main/deployment/2310275/prod/directUpload/810229f7-f818-41ed-bf9a-c1d66458c8b9.JPG",0,"Haruna Nomura","f97e5485-9bda-4eeb-83a3-d65ba57f410c","Mammalia","Rodentia","Muridae","Rattus","fuscipes","Bush Rat",NA,"2024-07-24 18:39:52",1,"","",NA,NA,NA,NA,"false",NA,NA,"CC-BY-NC","{""{\""detectionBox\"":[0.488483369,0.156756863,0.599003792,0.355949819]}""}",2004409,"S05_T02",151.7509017,-32.24677667,"2024-07-22 00:00:00","2024-07-25 00:00:00","Other","Universal mammal bait","None",NA,2085502,"S05_T02",0,"Camera Functioning","Knee height",NA,"Parallel",NA,NA,NA,NA,"Site_05",NA,NA,NA,NA,NA,NA,2024-07-24 18:39:52,116356,1939,32.3,1.3
2004409,"S05_T02_2024","7648b860-1431-488a-ac32-5504b2cc1e23","Site05__2024_site5_trap02__2024-07-24__18-39-36(1).JPG","gs://145625598251_2004409_606_usyd_tfe_2022__main/deployment/2310275/prod/directUpload/7648b860-1431-488a-ac32-5504b2cc1e23.JPG",0,"Aaron Greenville","00049ff0-2ffa-4d82-8cf3-c861fbbfa9d5","Mammalia","Rodentia","Muridae","Rattus","","Rattus Species",NA,"2024-07-24 18:39:36",1,"","",NA,NA,NA,NA,"false",NA,NA,"CC-BY-NC","{""{\""detectionBox\"":[0.60948503,0.000339401886,0.731972098,0.0420774445]}""}",2004409,"S05_T02",151.7509017,-32.24677667,"2024-07-22 00:00:00","2024-07-25 00:00:00","Other","Universal mammal bait","None",NA,2085502,"S05_T02",0,"Camera Functioning","Knee height",NA,"Parallel",NA,NA,NA,NA,"Site_05",NA,NA,NA,NA,NA,NA,2024-07-24 18:39:36,0,0,0,0
2004409,"S05_T02_2024","db131ddc-6559-4355-8f68-d26e3c74050f","Site05__2024_site5_trap02__2024-07-22__19-32-08(1).JPG","gs://145625598251_2004409_606_usyd_tfe_2022__main/deployment/2310275/prod/directUpload/db131ddc-6559-4355-8f68-d26e3c74050f.JPG",0,"Haruna Nomura","90d950db-2106-4bd9-a4c1-777604c3eada","Mammalia","Rodentia","","","","Rodent",NA,"2024-07-22 19:32:08",1,"","",NA,NA,NA,NA,"false",NA,NA,"CC-BY-NC","{""{\""detectionBox\"":[0.461892784,0.0354369506,0.626078486,0.22493875]}""}",2004409,"S05_T02",151.7509017,-32.24677667,"2024-07-22 00:00:00","2024-07-25 00:00:00","Other","Universal mammal bait","None",NA,2085502,"S05_T02",0,"Camera Functioning","Knee height",NA,"Parallel",NA,NA,NA,NA,"Site_05",NA,NA,NA,NA,NA,NA,2024-07-22 19:32:08,0,0,0,0
2004409,"S05_T02_2024","b066b54f-421e-4885-9af9-7ae113b9b779","Site05__2024_site5_trap02__2024-07-24__09-05-31(1).JPG","gs://145625598251_2004409_606_usyd_tfe_2022__main/deployment/2310275/prod/directUpload/b066b54f-421e-4885-9af9-7ae113b9b779.JPG",0,"Haruna Nomura","3450b781-acf9-4bdf-af8f-c555034e0271","Aves","Passeriformes","Acanthizidae","Sericornis","citreogularis","Yellow-throated Scrubwren",NA,"2024-07-24 09:05:31",1,"","",NA,NA,NA,NA,"false",NA,NA,"CC-BY-NC","{""{\""detectionBox\"":[0.83494246,0.0117370114,0.980125129,0.185015231]}""}",2004409,"S05_T02",151.7509017,-32.24677667,"2024-07-22 00:00:00","2024-07-25 00:00:00","Other","Universal mammal bait","None",NA,2085502,"S05_T02",0,"Camera Functioning","Knee height",NA,"Parallel",NA,NA,NA,NA,"Site_05",NA,NA,NA,NA,NA,NA,2024-07-24 09:05:31,0,0,0,0
2004409,"S05_T02_2024","a0dfc111-d1cc-415d-9284-d08f2c51d04b","Site05__2024_site5_trap02__2024-07-24__10-26-59(2).JPG","gs://145625598251_2004409_606_usyd_tfe_2022__main/deployment/2310275/prod/directUpload/a0dfc111-d1cc-415d-9284-d08f2c51d04b.JPG",0,"Haruna Nomura","3450b781-acf9-4bdf-af8f-c555034e0271","Aves","Passeriformes","Acanthizidae","Sericornis","citreogularis","Yellow-throated Scrubwren",NA,"2024-07-24 10:26:59",1,"","",NA,NA,NA,NA,"false",NA,NA,"CC-BY-NC","",2004409,"S05_T02",151.7509017,-32.24677667,"2024-07-22 00:00:00","2024-07-25 00:00:00","Other","Universal mammal bait","None",NA,2085502,"S05_T02",0,"Camera Functioning","Knee height",NA,"Parallel",NA,NA,NA,NA,"Site_05",NA,NA,NA,NA,NA,NA,2024-07-24 10:26:59,4888,81,1.4,0.1
2004409,"S05_T04_2024","77add9a3-6d5b-4bb4-86c1-94442eed1245","Site05__2024_site5_trap04__2024-07-23__06-37-51(1).JPG","gs://145625598251_2004409_606_usyd_tfe_2022__main/deployment/2310276/prod/directUpload/77add9a3-6d5b-4bb4-86c1-94442eed1245.JPG",0,"Haruna Nomura","6ccf0c56-72ce-49c5-84bd-3aca403c1b26","Mammalia","Dasyuromorphia","Dasyuridae","Antechinus","stuartii","Brown Antechinus",NA,"2024-07-23 06:37:51",1,"","",NA,NA,NA,NA,"false",NA,NA,"CC-BY-NC","{""{\""detectionBox\"":[0.36007154,0.439294815,0.600047886,0.581217647]}"",""{\""detectionBox\"":[0.526739836,0.286676794,0.592328846,0.384192199]}""}",2004409,"S05_T04",151.751105,-32.24666667,"2024-07-22 00:00:00","2024-07-25 00:00:00","Other","Universal mammal bait","None",NA,2085503,"S05_T04",0,"Camera Functioning","Knee height",NA,"Parallel",NA,NA,NA,NA,"Site_05",NA,NA,NA,NA,NA,NA,2024-07-23 06:37:51,0,0,0,0
2004409,"S05_T04_2024","d725fb52-d125-4a64-b5ca-28b51f6396a0","Site05__2024_site5_trap04__2024-07-24__10-30-16(1).JPG","gs://145625598251_2004409_606_usyd_tfe_2022__main/deployment/2310276/prod/directUpload/d725fb52-d125-4a64-b5ca-28b51f6396a0.JPG",0,"Haruna Nomura","6ccf0c56-72ce-49c5-84bd-3aca403c1b26","Mammalia","Dasyuromorphia","Dasyuridae","Antechinus","stuartii","Brown Antechinus",NA,"2024-07-24 10:30:16",1,"","",NA,NA,NA,NA,"false",NA,NA,"CC-BY-NC","",2004409,"S05_T04",151.751105,-32.24666667,"2024-07-22 00:00:00","2024-07-25 00:00:00","Other","Universal mammal bait","None",NA,2085503,"S05_T04",0,"Camera Functioning","Knee height",NA,"Parallel",NA,NA,NA,NA,"Site_05",NA,NA,NA,NA,NA,NA,2024-07-24 10:30:16,100345,1672,27.9,1.2
2004409,"S05_T04_2024","aeaa2134-d9cb-4367-94fa-a4c5b56cd6bd","Site05__2024_site5_trap04__2024-07-25__04-34-06(1).JPG","gs://145625598251_2004409_606_usyd_tfe_2022__main/deployment/2310276/prod/directUpload/aeaa2134-d9cb-4367-94fa-a4c5b56cd6bd.JPG",0,"Haruna Nomura","6ccf0c56-72ce-49c5-84bd-3aca403c1b26","Mammalia","Dasyuromorphia","Dasyuridae","Antechinus","stuartii","Brown Antechinus",NA,"2024-07-25 04:34:06",1,"","",NA,NA,NA,NA,"false",NA,NA,"CC-BY-NC","{""{\""detectionBox\"":[0.774867952,0.400587469,0.936867952,0.57080555]}""}",2004409,"S05_T04",151.751105,-32.24666667,"2024-07-22 00:00:00","2024-07-25 00:00:00","Other","Universal mammal bait","None",NA,2085503,"S05_T04",0,"Camera Functioning","Knee height",NA,"Parallel",NA,NA,NA,NA,"Site_05",NA,NA,NA,NA,NA,NA,2024-07-25 04:34:06,65030,1084,18.1,0.8
2004409,"S05_T04_2024","966f695d-7dcd-46de-af0e-a46671d56d65","Site05__2024_site5_trap04__2024-07-24__20-08-04(1).JPG","gs://145625598251_2004409_606_usyd_tfe_2022__main/deployment/2310276/prod/directUpload/966f695d-7dcd-46de-af0e-a46671d56d65.JPG",0,"Haruna Nomura","f97e5485-9bda-4eeb-83a3-d65ba57f410c","Mammalia","Rodentia","Muridae","Rattus","fuscipes","Bush Rat",NA,"2024-07-24 20:08:04",1,"","",NA,NA,NA,NA,"false",NA,NA,"CC-BY-NC","{""{\""detectionBox\"":[0.377029479,0.431307912,0.612522244,0.785040259]}""}",2004409,"S05_T04",151.751105,-32.24666667,"2024-07-22 00:00:00","2024-07-25 00:00:00","Other","Universal mammal bait","None",NA,2085503,"S05_T04",0,"Camera Functioning","Knee height",NA,"Parallel",NA,NA,NA,NA,"Site_05",NA,NA,NA,NA,NA,NA,2024-07-24 20:08:04,0,0,0,0
2004409,"S05_T04_2024","5f52719c-3ebc-4c3a-be33-9caedd838008","Site05__2024_site5_trap04__2024-07-25__00-36-24(1).JPG","gs://145625598251_2004409_606_usyd_tfe_2022__main/deployment/2310276/prod/directUpload/5f52719c-3ebc-4c3a-be33-9caedd838008.JPG",0,"Haruna Nomura","5e64c604-07c8-4736-806b-fc4aae49821d","Mammalia","Diprotodontia","Phalangeridae","Trichosurus","vulpecula","Common Brushtail Possum",NA,"2024-07-25 00:36:24",1,"","",NA,NA,NA,NA,"false",NA,NA,"CC-BY-NC","{""{\""detectionBox\"":[0.23118706,0.593669653,0.544661,0.990959883]}""}",2004409,"S05_T04",151.751105,-32.24666667,"2024-07-22 00:00:00","2024-07-25 00:00:00","Other","Universal mammal bait","None",NA,2085503,"S05_T04",0,"Camera Functioning","Knee height",NA,"Parallel",NA,NA,NA,NA,"Site_05",NA,NA,NA,NA,NA,NA,2024-07-25 00:36:24,0,0,0,0
2004409,"S05_T04_2024","3ef3a9ca-5629-40a7-9d87-6311f88c09d1","Site05__2024_site5_trap04__2024-07-24__20-08-31(4).JPG","gs://145625598251_2004409_606_usyd_tfe_2022__main/deployment/2310276/prod/directUpload/3ef3a9ca-5629-40a7-9d87-6311f88c09d1.JPG",0,"Aaron Greenville","00049ff0-2ffa-4d82-8cf3-c861fbbfa9d5","Mammalia","Rodentia","Muridae","Rattus","","Rattus Species",NA,"2024-07-24 20:08:31",1,"","",NA,NA,NA,NA,"false",NA,NA,"CC-BY-NC","",2004409,"S05_T04",151.751105,-32.24666667,"2024-07-22 00:00:00","2024-07-25 00:00:00","Other","Universal mammal bait","None",NA,2085503,"S05_T04",0,"Camera Functioning","Knee height",NA,"Parallel",NA,NA,NA,NA,"Site_05",NA,NA,NA,NA,NA,NA,2024-07-24 20:08:31,0,0,0,0
2004409,"S05_T04_2024","e5906df5-b5fb-4928-b208-094437de52fb","Site05__2024_site5_trap04__2024-07-25__06-40-29(1).JPG","gs://145625598251_2004409_606_usyd_tfe_2022__main/deployment/2310276/prod/directUpload/e5906df5-b5fb-4928-b208-094437de52fb.JPG",0,"Haruna Nomura","00049ff0-2ffa-4d82-8cf3-c861fbbfa9d5","Mammalia","Rodentia","Muridae","Rattus","","Rattus Species",NA,"2024-07-25 06:40:29",1,"","",NA,NA,NA,NA,"false",NA,NA,"CC-BY-NC","{""{\""detectionBox\"":[0.511499822,0.665081143,0.641973495,0.73657]}""}",2004409,"S05_T04",151.751105,-32.24666667,"2024-07-22 00:00:00","2024-07-25 00:00:00","Other","Universal mammal bait","None",NA,2085503,"S05_T04",0,"Camera Functioning","Knee height",NA,"Parallel",NA,NA,NA,NA,"Site_05",NA,NA,NA,NA,NA,NA,2024-07-25 06:40:29,37918,632,10.5,0.4
2004409,"S05_T06_2024","b5b1c69b-d288-4a32-abc2-70502252340a","Site05__2024_site5_trap06__2024-07-25__05-11-28(5).JPG","gs://145625598251_2004409_606_usyd_tfe_2022__main/deployment/2310277/prod/directUpload/b5b1c69b-d288-4a32-abc2-70502252340a.JPG",0,"Haruna Nomura","6e975946-43db-40cf-a4bb-2977319097a1","Mammalia","Dasyuromorphia","Dasyuridae","Antechinus","","Antechinus Species",NA,"2024-07-25 05:11:28",1,"","",NA,NA,NA,NA,"false",NA,NA,"CC-BY-NC","",2004409,"S05_T06",151.7513317,-32.24667833,"2024-07-22 00:00:00","2024-07-25 00:00:00","Other","Universal mammal bait","None",NA,2085504,"S05_T06",0,"Camera Functioning","Knee height",NA,"Parallel",NA,NA,NA,NA,"Site_05",NA,NA,NA,NA,NA,NA,2024-07-25 05:11:28,0,0,0,0
2004409,"S05_T06_2024","5c912248-2f88-4f39-b4b0-1c57f03e3222","Site05__2024_site5_trap06__2024-07-24__13-37-30(1).JPG","gs://145625598251_2004409_606_usyd_tfe_2022__main/deployment/2310277/prod/directUpload/5c912248-2f88-4f39-b4b0-1c57f03e3222.JPG",0,"Aaron Greenville","2f833b9c-3f9e-431f-b6e7-1d6dca01a0b6","Aves","Passeriformes","Turdidae","Zoothera","lunulata","Bassian Thrush",NA,"2024-07-24 13:37:30",1,"","",NA,NA,NA,NA,"false",NA,NA,"CC-BY-NC","",2004409,"S05_T06",151.7513317,-32.24667833,"2024-07-22 00:00:00","2024-07-25 00:00:00","Other","Universal mammal bait","None",NA,2085504,"S05_T06",0,"Camera Functioning","Knee height",NA,"Parallel",NA,NA,NA,NA,"Site_05",NA,NA,NA,NA,NA,NA,2024-07-24 13:37:30,0,0,0,0
2004409,"S05_T06_2024","2dfac39d-46d1-4569-a652-ee0e3ba5c5c2","Site05__2024_site5_trap06__2024-07-25__09-53-34(5).JPG","gs://145625598251_2004409_606_usyd_tfe_2022__main/deployment/2310277/prod/directUpload/2dfac39d-46d1-4569-a652-ee0e3ba5c5c2.JPG",0,"Aaron Greenville","2f833b9c-3f9e-431f-b6e7-1d6dca01a0b6","Aves","Passeriformes","Turdidae","Zoothera","lunulata","Bassian Thrush",NA,"2024-07-25 09:53:34",1,"","",NA,NA,NA,NA,"false",NA,NA,"CC-BY-NC","",2004409,"S05_T06",151.7513317,-32.24667833,"2024-07-22 00:00:00","2024-07-25 00:00:00","Other","Universal mammal bait","None",NA,2085504,"S05_T06",0,"Camera Functioning","Knee height",NA,"Parallel",NA,NA,NA,NA,"Site_05",NA,NA,NA,NA,NA,NA,2024-07-25 09:53:34,72964,1216,20.3,0.8
2004409,"S05_T06_2024","8486726f-03b1-4847-abc4-de1289228540","Site05__2024_site5_trap06__2024-07-23__06-39-06(1).JPG","gs://145625598251_2004409_606_usyd_tfe_2022__main/deployment/2310277/prod/directUpload/8486726f-03b1-4847-abc4-de1289228540.JPG",0,"Haruna Nomura","6ccf0c56-72ce-49c5-84bd-3aca403c1b26","Mammalia","Dasyuromorphia","Dasyuridae","Antechinus","stuartii","Brown Antechinus",NA,"2024-07-23 06:39:06",1,"","",NA,NA,NA,NA,"false",NA,NA,"CC-BY-NC","{""{\""detectionBox\"":[0.745313108,0.000351533294,0.860983729,0.0726335]}""}",2004409,"S05_T06",151.7513317,-32.24667833,"2024-07-22 00:00:00","2024-07-25 00:00:00","Other","Universal mammal bait","None",NA,2085504,"S05_T06",0,"Camera Functioning","Knee height",NA,"Parallel",NA,NA,NA,NA,"Site_05",NA,NA,NA,NA,NA,NA,2024-07-23 06:39:06,0,0,0,0
2004409,"S05_T06_2024","0fbcf70d-531c-47bc-8c99-f783f608c447","Site05__2024_site5_trap06__2024-07-22__18-42-18(1).JPG","gs://145625598251_2004409_606_usyd_tfe_2022__main/deployment/2310277/prod/directUpload/0fbcf70d-531c-47bc-8c99-f783f608c447.JPG",0,"Haruna Nomura","f97e5485-9bda-4eeb-83a3-d65ba57f410c","Mammalia","Rodentia","Muridae","Rattus","fuscipes","Bush Rat",NA,"2024-07-22 18:42:18",1,"","",NA,NA,NA,NA,"false",NA,NA,"CC-BY-NC","{""{\""detectionBox\"":[0.875717044,0.445931464,0.9766922,0.565661252]}""}",2004409,"S05_T06",151.7513317,-32.24667833,"2024-07-22 00:00:00","2024-07-25 00:00:00","Other","Universal mammal bait","None",NA,2085504,"S05_T06",0,"Camera Functioning","Knee height",NA,"Parallel",NA,NA,NA,NA,"Site_05",NA,NA,NA,NA,NA,NA,2024-07-22 18:42:18,0,0,0,0
2004409,"S05_T06_2024","34cd0c73-4e82-41e6-a1f7-5086b7792a17","Site05__2024_site5_trap06__2024-07-22__19-03-59(1).JPG","gs://145625598251_2004409_606_usyd_tfe_2022__main/deployment/2310277/prod/directUpload/34cd0c73-4e82-41e6-a1f7-5086b7792a17.JPG",0,"Haruna Nomura","f97e5485-9bda-4eeb-83a3-d65ba57f410c","Mammalia","Rodentia","Muridae","Rattus","fuscipes","Bush Rat",NA,"2024-07-22 19:03:59",1,"","",NA,NA,NA,NA,"false",NA,NA,"CC-BY-NC","",2004409,"S05_T06",151.7513317,-32.24667833,"2024-07-22 00:00:00","2024-07-25 00:00:00","Other","Universal mammal bait","None",NA,2085504,"S05_T06",0,"Camera Functioning","Knee height",NA,"Parallel",NA,NA,NA,NA,"Site_05",NA,NA,NA,NA,NA,NA,2024-07-22 19:03:59,1301,22,0.4,0
2004409,"S05_T06_2024","f536c797-43ba-4483-8551-e1d3d12b8c12","Site05__2024_site5_trap06__2024-07-23__18-22-47(4).JPG","gs://145625598251_2004409_606_usyd_tfe_2022__main/deployment/2310277/prod/directUpload/f536c797-43ba-4483-8551-e1d3d12b8c12.JPG",0,"Haruna Nomura","f97e5485-9bda-4eeb-83a3-d65ba57f410c","Mammalia","Rodentia","Muridae","Rattus","fuscipes","Bush Rat",NA,"2024-07-23 18:22:47",1,"","",NA,NA,NA,NA,"false",NA,NA,"CC-BY-NC","",2004409,"S05_T06",151.7513317,-32.24667833,"2024-07-22 00:00:00","2024-07-25 00:00:00","Other","Universal mammal bait","None",NA,2085504,"S05_T06",0,"Camera Functioning","Knee height",NA,"Parallel",NA,NA,NA,NA,"Site_05",NA,NA,NA,NA,NA,NA,2024-07-23 18:22:47,83928,1399,23.3,1
2004409,"S05_T06_2024","a3e3151f-4cb1-48da-b9a6-0ccdf0fbd5b8","Site05__2024_site5_trap06__2024-07-23__19-56-51(1).JPG","gs://145625598251_2004409_606_usyd_tfe_2022__main/deployment/2310277/prod/directUpload/a3e3151f-4cb1-48da-b9a6-0ccdf0fbd5b8.JPG",0,"Haruna Nomura","f97e5485-9bda-4eeb-83a3-d65ba57f410c","Mammalia","Rodentia","Muridae","Rattus","fuscipes","Bush Rat",NA,"2024-07-23 19:56:51",1,"","",NA,NA,NA,NA,"false",NA,NA,"CC-BY-NC","",2004409,"S05_T06",151.7513317,-32.24667833,"2024-07-22 00:00:00","2024-07-25 00:00:00","Other","Universal mammal bait","None",NA,2085504,"S05_T06",0,"Camera Functioning","Knee height",NA,"Parallel",NA,NA,NA,NA,"Site_05",NA,NA,NA,NA,NA,NA,2024-07-23 19:56:51,5644,94,1.6,0.1
2004409,"S05_T06_2024","b782321b-2453-43c2-b0d9-e5eb0c08900a","Site05__2024_site5_trap06__2024-07-23__20-03-06(1).JPG","gs://145625598251_2004409_606_usyd_tfe_2022__main/deployment/2310277/prod/directUpload/b782321b-2453-43c2-b0d9-e5eb0c08900a.JPG",0,"Haruna Nomura","f97e5485-9bda-4eeb-83a3-d65ba57f410c","Mammalia","Rodentia","Muridae","Rattus","fuscipes","Bush Rat",NA,"2024-07-23 20:03:06",1,"","",NA,NA,NA,NA,"false",NA,NA,"CC-BY-NC","{""{\""detectionBox\"":[0.832946777,0.429402053,0.949715853,0.580386221]}""}",2004409,"S05_T06",151.7513317,-32.24667833,"2024-07-22 00:00:00","2024-07-25 00:00:00","Other","Universal mammal bait","None",NA,2085504,"S05_T06",0,"Camera Functioning","Knee height",NA,"Parallel",NA,NA,NA,NA,"Site_05",NA,NA,NA,NA,NA,NA,2024-07-23 20:03:06,375,6,0.1,0
2004409,"S05_T06_2024","c0315614-626e-4f23-8399-f32c3ff77ece","Site05__2024_site5_trap06__2024-07-23__22-17-07(1).JPG","gs://145625598251_2004409_606_usyd_tfe_2022__main/deployment/2310277/prod/directUpload/c0315614-626e-4f23-8399-f32c3ff77ece.JPG",0,"Haruna Nomura","f97e5485-9bda-4eeb-83a3-d65ba57f410c","Mammalia","Rodentia","Muridae","Rattus","fuscipes","Bush Rat",NA,"2024-07-23 22:17:07",1,"","",NA,NA,NA,NA,"false",NA,NA,"CC-BY-NC","",2004409,"S05_T06",151.7513317,-32.24667833,"2024-07-22 00:00:00","2024-07-25 00:00:00","Other","Universal mammal bait","None",NA,2085504,"S05_T06",0,"Camera Functioning","Knee height",NA,"Parallel",NA,NA,NA,NA,"Site_05",NA,NA,NA,NA,NA,NA,2024-07-23 22:17:07,8041,134,2.2,0.1
2004409,"S05_T06_2024","bb46d16b-be22-43a1-8190-5ffd49cafc14","Site05__2024_site5_trap06__2024-07-23__23-11-21(4).JPG","gs://145625598251_2004409_606_usyd_tfe_2022__main/deployment/2310277/prod/directUpload/bb46d16b-be22-43a1-8190-5ffd49cafc14.JPG",0,"Haruna Nomura","f97e5485-9bda-4eeb-83a3-d65ba57f410c","Mammalia","Rodentia","Muridae","Rattus","fuscipes","Bush Rat",NA,"2024-07-23 23:11:21",1,"","",NA,NA,NA,NA,"false",NA,NA,"CC-BY-NC","",2004409,"S05_T06",151.7513317,-32.24667833,"2024-07-22 00:00:00","2024-07-25 00:00:00","Other","Universal mammal bait","None",NA,2085504,"S05_T06",0,"Camera Functioning","Knee height",NA,"Parallel",NA,NA,NA,NA,"Site_05",NA,NA,NA,NA,NA,NA,2024-07-23 23:11:21,3254,54,0.9,0
2004409,"S05_T06_2024","5b3554c5-5ea7-4b56-8805-0a2d45bc04f7","Site05__2024_site5_trap06__2024-07-24__00-52-30(1).JPG","gs://145625598251_2004409_606_usyd_tfe_2022__main/deployment/2310277/prod/directUpload/5b3554c5-5ea7-4b56-8805-0a2d45bc04f7.JPG",0,"Haruna Nomura","f97e5485-9bda-4eeb-83a3-d65ba57f410c","Mammalia","Rodentia","Muridae","Rattus","fuscipes","Bush Rat",NA,"2024-07-24 00:52:30",1,"","",NA,NA,NA,NA,"false",NA,NA,"CC-BY-NC","",2004409,"S05_T06",151.7513317,-32.24667833,"2024-07-22 00:00:00","2024-07-25 00:00:00","Other","Universal mammal bait","None",NA,2085504,"S05_T06",0,"Camera Functioning","Knee height",NA,"Parallel",NA,NA,NA,NA,"Site_05",NA,NA,NA,NA,NA,NA,2024-07-24 00:52:30,6069,101,1.7,0.1
2004409,"S05_T06_2024","5e3c3d4d-7456-4f1e-9f6c-74436d58c925","Site05__2024_site5_trap06__2024-07-24__20-32-06(1).JPG","gs://145625598251_2004409_606_usyd_tfe_2022__main/deployment/2310277/prod/directUpload/5e3c3d4d-7456-4f1e-9f6c-74436d58c925.JPG",0,"Haruna Nomura","f97e5485-9bda-4eeb-83a3-d65ba57f410c","Mammalia","Rodentia","Muridae","Rattus","fuscipes","Bush Rat",NA,"2024-07-24 20:32:06",1,"","",NA,NA,NA,NA,"false",NA,NA,"CC-BY-NC","",2004409,"S05_T06",151.7513317,-32.24667833,"2024-07-22 00:00:00","2024-07-25 00:00:00","Other","Universal mammal bait","None",NA,2085504,"S05_T06",0,"Camera Functioning","Knee height",NA,"Parallel",NA,NA,NA,NA,"Site_05",NA,NA,NA,NA,NA,NA,2024-07-24 20:32:06,70776,1180,19.7,0.8
2004409,"S05_T06_2024","1d1166b4-f13f-4e3e-b4e6-786ef06f479c","Site05__2024_site5_trap06__2024-07-23__02-37-59(1).JPG","gs://145625598251_2004409_606_usyd_tfe_2022__main/deployment/2310277/prod/directUpload/1d1166b4-f13f-4e3e-b4e6-786ef06f479c.JPG",0,"Haruna Nomura","d5b17565-2220-4d49-85e6-00e1295f6169","Mammalia","Peramelemorphia","Peramelidae","Perameles","nasuta","Long-nosed Bandicoot",NA,"2024-07-23 02:37:59",1,"","",NA,NA,NA,NA,"false",NA,NA,"CC-BY-NC","{""{\""detectionBox\"":[0.422592342,0.359091908,0.614957452,0.469547659]}""}",2004409,"S05_T06",151.7513317,-32.24667833,"2024-07-22 00:00:00","2024-07-25 00:00:00","Other","Universal mammal bait","None",NA,2085504,"S05_T06",0,"Camera Functioning","Knee height",NA,"Parallel",NA,NA,NA,NA,"Site_05",NA,NA,NA,NA,NA,NA,2024-07-23 02:37:59,0,0,0,0
2004409,"S05_T06_2024","f9364ef5-614c-4cde-b7dd-ef3690945565","Site05__2024_site5_trap06__2024-07-23__19-57-16(4).JPG","gs://145625598251_2004409_606_usyd_tfe_2022__main/deployment/2310277/prod/directUpload/f9364ef5-614c-4cde-b7dd-ef3690945565.JPG",0,"Haruna Nomura","00049ff0-2ffa-4d82-8cf3-c861fbbfa9d5","Mammalia","Rodentia","Muridae","Rattus","","Rattus Species",NA,"2024-07-23 19:57:16",1,"","",NA,NA,NA,NA,"false",NA,NA,"CC-BY-NC","",2004409,"S05_T06",151.7513317,-32.24667833,"2024-07-22 00:00:00","2024-07-25 00:00:00","Other","Universal mammal bait","None",NA,2085504,"S05_T06",0,"Camera Functioning","Knee height",NA,"Parallel",NA,NA,NA,NA,"Site_05",NA,NA,NA,NA,NA,NA,2024-07-23 19:57:16,0,0,0,0
2004409,"S05_T06_2024","43d331be-722e-410b-9884-e85ea00b2353","Site05__2024_site5_trap06__2024-07-23__20-02-17(3).JPG","gs://145625598251_2004409_606_usyd_tfe_2022__main/deployment/2310277/prod/directUpload/43d331be-722e-410b-9884-e85ea00b2353.JPG",0,"Haruna Nomura","00049ff0-2ffa-4d82-8cf3-c861fbbfa9d5","Mammalia","Rodentia","Muridae","Rattus","","Rattus Species",NA,"2024-07-23 20:02:17",1,"","",NA,NA,NA,NA,"false",NA,NA,"CC-BY-NC","",2004409,"S05_T06",151.7513317,-32.24667833,"2024-07-22 00:00:00","2024-07-25 00:00:00","Other","Universal mammal bait","None",NA,2085504,"S05_T06",0,"Camera Functioning","Knee height",NA,"Parallel",NA,NA,NA,NA,"Site_05",NA,NA,NA,NA,NA,NA,2024-07-23 20:02:17,301,5,0.1,0
2004409,"S05_T06_2024","491b859a-02c8-4a01-a7de-b97abb1d3197","Site05__2024_site5_trap06__2024-07-23__22-17-28(4).JPG","gs://145625598251_2004409_606_usyd_tfe_2022__main/deployment/2310277/prod/directUpload/491b859a-02c8-4a01-a7de-b97abb1d3197.JPG",0,"Haruna Nomura","00049ff0-2ffa-4d82-8cf3-c861fbbfa9d5","Mammalia","Rodentia","Muridae","Rattus","","Rattus Species",NA,"2024-07-23 22:17:28",1,"","",NA,NA,NA,NA,"false",NA,NA,"CC-BY-NC","",2004409,"S05_T06",151.7513317,-32.24667833,"2024-07-22 00:00:00","2024-07-25 00:00:00","Other","Universal mammal bait","None",NA,2085504,"S05_T06",0,"Camera Functioning","Knee height",NA,"Parallel",NA,NA,NA,NA,"Site_05",NA,NA,NA,NA,NA,NA,2024-07-23 22:17:28,8111,135,2.2,0.1
2004409,"S05_T06_2024","ecef7281-dfdb-41ea-a35e-a0ad9dee74a2","Site05__2024_site5_trap06__2024-07-24__20-30-16(1).JPG","gs://145625598251_2004409_606_usyd_tfe_2022__main/deployment/2310277/prod/directUpload/ecef7281-dfdb-41ea-a35e-a0ad9dee74a2.JPG",0,"Haruna Nomura","00049ff0-2ffa-4d82-8cf3-c861fbbfa9d5","Mammalia","Rodentia","Muridae","Rattus","","Rattus Species",NA,"2024-07-24 20:30:16",1,"","",NA,NA,NA,NA,"false",NA,NA,"CC-BY-NC","",2004409,"S05_T06",151.7513317,-32.24667833,"2024-07-22 00:00:00","2024-07-25 00:00:00","Other","Universal mammal bait","None",NA,2085504,"S05_T06",0,"Camera Functioning","Knee height",NA,"Parallel",NA,NA,NA,NA,"Site_05",NA,NA,NA,NA,NA,NA,2024-07-24 20:30:16,79968,1333,22.2,0.9
2004409,"S05_T06_2024","4e333aec-556a-43a6-b430-1a70c638fd68","Site05__2024_site5_trap06__2024-07-25__05-09-51(1).JPG","gs://145625598251_2004409_606_usyd_tfe_2022__main/deployment/2310277/prod/directUpload/4e333aec-556a-43a6-b430-1a70c638fd68.JPG",0,"Haruna Nomura","00049ff0-2ffa-4d82-8cf3-c861fbbfa9d5","Mammalia","Rodentia","Muridae","Rattus","","Rattus Species",NA,"2024-07-25 05:09:51",1,"","",NA,NA,NA,NA,"false",NA,NA,"CC-BY-NC","",2004409,"S05_T06",151.7513317,-32.24667833,"2024-07-22 00:00:00","2024-07-25 00:00:00","Other","Universal mammal bait","None",NA,2085504,"S05_T06",0,"Camera Functioning","Knee height",NA,"Parallel",NA,NA,NA,NA,"Site_05",NA,NA,NA,NA,NA,NA,2024-07-25 05:09:51,31175,520,8.7,0.4
2004409,"S05_T06_2024","372d7023-548e-437b-a60d-28bd44d22277","Site05__2024_site5_trap06__2024-07-22__12-19-29(1).JPG","gs://145625598251_2004409_606_usyd_tfe_2022__main/deployment/2310277/prod/directUpload/372d7023-548e-437b-a60d-28bd44d22277.JPG",0,"Haruna Nomura","3450b781-acf9-4bdf-af8f-c555034e0271","Aves","Passeriformes","Acanthizidae","Sericornis","citreogularis","Yellow-throated Scrubwren",NA,"2024-07-22 12:19:29",1,"","",NA,NA,NA,NA,"false",NA,NA,"CC-BY-NC","",2004409,"S05_T06",151.7513317,-32.24667833,"2024-07-22 00:00:00","2024-07-25 00:00:00","Other","Universal mammal bait","None",NA,2085504,"S05_T06",0,"Camera Functioning","Knee height",NA,"Parallel",NA,NA,NA,NA,"Site_05",NA,NA,NA,NA,NA,NA,2024-07-22 12:19:29,0,0,0,0
2004409,"S05_T06_2024","880a3ec3-ef6c-4f80-8cc6-566b45de2f82","Site05__2024_site5_trap06__2024-07-22__13-00-36(1).JPG","gs://145625598251_2004409_606_usyd_tfe_2022__main/deployment/2310277/prod/directUpload/880a3ec3-ef6c-4f80-8cc6-566b45de2f82.JPG",0,"Haruna Nomura","3450b781-acf9-4bdf-af8f-c555034e0271","Aves","Passeriformes","Acanthizidae","Sericornis","citreogularis","Yellow-throated Scrubwren",NA,"2024-07-22 13:00:36",1,"","",NA,NA,NA,NA,"false",NA,NA,"CC-BY-NC","",2004409,"S05_T06",151.7513317,-32.24667833,"2024-07-22 00:00:00","2024-07-25 00:00:00","Other","Universal mammal bait","None",NA,2085504,"S05_T06",0,"Camera Functioning","Knee height",NA,"Parallel",NA,NA,NA,NA,"Site_05",NA,NA,NA,NA,NA,NA,2024-07-22 13:00:36,2467,41,0.7,0
2004409,"S05_T06_2024","53453559-3b3b-439e-87cb-bc7e2fd4d09c","Site05__2024_site5_trap06__2024-07-23__14-20-14(1).JPG","gs://145625598251_2004409_606_usyd_tfe_2022__main/deployment/2310277/prod/directUpload/53453559-3b3b-439e-87cb-bc7e2fd4d09c.JPG",0,"Haruna Nomura","3450b781-acf9-4bdf-af8f-c555034e0271","Aves","Passeriformes","Acanthizidae","Sericornis","citreogularis","Yellow-throated Scrubwren",NA,"2024-07-23 14:20:14",1,"","",NA,NA,NA,NA,"false",NA,NA,"CC-BY-NC","{""{\""detectionBox\"":[0.827323616,0.337640107,0.968554556,0.448670566]}""}",2004409,"S05_T06",151.7513317,-32.24667833,"2024-07-22 00:00:00","2024-07-25 00:00:00","Other","Universal mammal bait","None",NA,2085504,"S05_T06",0,"Camera Functioning","Knee height",NA,"Parallel",NA,NA,NA,NA,"Site_05",NA,NA,NA,NA,NA,NA,2024-07-23 14:20:14,91178,1520,25.3,1.1
2004409,"S05_T06_2024","35a042d6-6d6b-4c9c-833c-9b956e9c622d","Site05__2024_site5_trap06__2024-07-24__09-59-29(1).JPG","gs://145625598251_2004409_606_usyd_tfe_2022__main/deployment/2310277/prod/directUpload/35a042d6-6d6b-4c9c-833c-9b956e9c622d.JPG",0,"Haruna Nomura","3450b781-acf9-4bdf-af8f-c555034e0271","Aves","Passeriformes","Acanthizidae","Sericornis","citreogularis","Yellow-throated Scrubwren",NA,"2024-07-24 09:59:29",1,"","",NA,NA,NA,NA,"false",NA,NA,"CC-BY-NC","",2004409,"S05_T06",151.7513317,-32.24667833,"2024-07-22 00:00:00","2024-07-25 00:00:00","Other","Universal mammal bait","None",NA,2085504,"S05_T06",0,"Camera Functioning","Knee height",NA,"Parallel",NA,NA,NA,NA,"Site_05",NA,NA,NA,NA,NA,NA,2024-07-24 09:59:29,70755,1179,19.6,0.8
2004409,"S05_T06_2024","f0097c5d-dc97-4bc2-80c7-77b82a47bb31","Site05__2024_site5_trap06__2024-07-24__16-14-28(1).JPG","gs://145625598251_2004409_606_usyd_tfe_2022__main/deployment/2310277/prod/directUpload/f0097c5d-dc97-4bc2-80c7-77b82a47bb31.JPG",0,"Haruna Nomura","3450b781-acf9-4bdf-af8f-c555034e0271","Aves","Passeriformes","Acanthizidae","Sericornis","citreogularis","Yellow-throated Scrubwren",NA,"2024-07-24 16:14:28",1,"","",NA,NA,NA,NA,"false",NA,NA,"CC-BY-NC","{""{\""detectionBox\"":[0.870281339,0.142483056,0.968081176,0.301667213]}""}",2004409,"S05_T06",151.7513317,-32.24667833,"2024-07-22 00:00:00","2024-07-25 00:00:00","Other","Universal mammal bait","None",NA,2085504,"S05_T06",0,"Camera Functioning","Knee height",NA,"Parallel",NA,NA,NA,NA,"Site_05",NA,NA,NA,NA,NA,NA,2024-07-24 16:14:28,22499,375,6.2,0.3
2004409,"S05_T08_2024","b8c1e0ed-8be4-4213-acd7-0b798f621d60","Site05__2024_site5_trap08__2024-07-24__17-22-41(1).JPG","gs://145625598251_2004409_606_usyd_tfe_2022__main/deployment/2310278/prod/directUpload/b8c1e0ed-8be4-4213-acd7-0b798f621d60.JPG",0,"Haruna Nomura","1f689929-883d-4dae-958c-3d57ab5b6c16","","","","","","Animal",NA,"2024-07-24 17:22:41",1,"","",NA,NA,NA,NA,"false",NA,NA,"CC-BY-NC","{""{\""detectionBox\"":[0.0714793131,0.00000239908695,0.443367183,0.0983021334]}""}",2004409,"S05_T08",151.7513983,-32.246685,"2024-07-22 00:00:00","2024-07-25 00:00:00","Other","Universal mammal bait","None",NA,2085505,"S05_T08",0,"Camera Functioning","Knee height",NA,"Parallel",NA,NA,NA,NA,"Site_05",NA,NA,NA,NA,NA,NA,2024-07-24 17:22:41,0,0,0,0
2004409,"S05_T08_2024","c18ba52a-f52b-4f0b-b151-16fc0e7a7492","Site05__2024_site5_trap08__2024-07-25__09-28-46(47).JPG","gs://145625598251_2004409_606_usyd_tfe_2022__main/deployment/2310278/prod/directUpload/c18ba52a-f52b-4f0b-b151-16fc0e7a7492.JPG",0,"Aaron Greenville","1f689929-883d-4dae-958c-3d57ab5b6c16","","","","","","Animal",NA,"2024-07-25 09:28:46",1,"","",NA,NA,NA,NA,"false",NA,NA,"CC-BY-NC","",2004409,"S05_T08",151.7513983,-32.246685,"2024-07-22 00:00:00","2024-07-25 00:00:00","Other","Universal mammal bait","None",NA,2085505,"S05_T08",0,"Camera Functioning","Knee height",NA,"Parallel",NA,NA,NA,NA,"Site_05",NA,NA,NA,NA,NA,NA,2024-07-25 09:28:46,57965,966,16.1,0.7
2004409,"S05_T08_2024","6a9f9a66-6cde-4cab-bac8-4518f5169f83","Site05__2024_site5_trap08__2024-07-23__13-58-34(1).JPG","gs://145625598251_2004409_606_usyd_tfe_2022__main/deployment/2310278/prod/directUpload/6a9f9a66-6cde-4cab-bac8-4518f5169f83.JPG",0,"Aaron Greenville","2f833b9c-3f9e-431f-b6e7-1d6dca01a0b6","Aves","Passeriformes","Turdidae","Zoothera","lunulata","Bassian Thrush",NA,"2024-07-23 13:58:34",1,"","",NA,NA,NA,NA,"false",NA,NA,"CC-BY-NC","{""{\""detectionBox\"":[0.78688848,0.754007161,0.977407694,1]}""}",2004409,"S05_T08",151.7513983,-32.246685,"2024-07-22 00:00:00","2024-07-25 00:00:00","Other","Universal mammal bait","None",NA,2085505,"S05_T08",0,"Camera Functioning","Knee height",NA,"Parallel",NA,NA,NA,NA,"Site_05",NA,NA,NA,NA,NA,NA,2024-07-23 13:58:34,0,0,0,0
2004409,"S05_T08_2024","9d614055-d4a0-4362-b1f5-b0abbb69bc64","Site05__2024_site5_trap08__2024-07-24__09-50-44(1).JPG","gs://145625598251_2004409_606_usyd_tfe_2022__main/deployment/2310278/prod/directUpload/9d614055-d4a0-4362-b1f5-b0abbb69bc64.JPG",0,"Aaron Greenville","2f833b9c-3f9e-431f-b6e7-1d6dca01a0b6","Aves","Passeriformes","Turdidae","Zoothera","lunulata","Bassian Thrush",NA,"2024-07-24 09:50:44",1,"","",NA,NA,NA,NA,"false",NA,NA,"CC-BY-NC","{""{\""detectionBox\"":[0.808180511,0.796926856,0.97683233,0.998874545]}""}",2004409,"S05_T08",151.7513983,-32.246685,"2024-07-22 00:00:00","2024-07-25 00:00:00","Other","Universal mammal bait","None",NA,2085505,"S05_T08",0,"Camera Functioning","Knee height",NA,"Parallel",NA,NA,NA,NA,"Site_05",NA,NA,NA,NA,NA,NA,2024-07-24 09:50:44,71530,1192,19.9,0.8
2004409,"S05_T08_2024","7113492a-d83d-466d-a4dc-85de47d7d0ec","Site05__2024_site5_trap08__2024-07-23__19-00-38(1).JPG","gs://145625598251_2004409_606_usyd_tfe_2022__main/deployment/2310278/prod/directUpload/7113492a-d83d-466d-a4dc-85de47d7d0ec.JPG",0,"Haruna Nomura","f97e5485-9bda-4eeb-83a3-d65ba57f410c","Mammalia","Rodentia","Muridae","Rattus","fuscipes","Bush Rat",NA,"2024-07-23 19:00:38",1,"","",NA,NA,NA,NA,"false",NA,NA,"CC-BY-NC","{""{\""detectionBox\"":[0.0796717629,0.000570885837,0.42719996,0.0928035676]}"",""{\""detectionBox\"":[0.455322266,0.953008533,0.694969952,1]}""}",2004409,"S05_T08",151.7513983,-32.246685,"2024-07-22 00:00:00","2024-07-25 00:00:00","Other","Universal mammal bait","None",NA,2085505,"S05_T08",0,"Camera Functioning","Knee height",NA,"Parallel",NA,NA,NA,NA,"Site_05",NA,NA,NA,NA,NA,NA,2024-07-23 19:00:38,0,0,0,0
2004409,"S05_T08_2024","66fdab53-43b8-4ddb-94d0-117f66dfaf1f","Site05__2024_site5_trap08__2024-07-23__14-44-06(1).JPG","gs://145625598251_2004409_606_usyd_tfe_2022__main/deployment/2310278/prod/directUpload/66fdab53-43b8-4ddb-94d0-117f66dfaf1f.JPG",0,"Haruna Nomura","3450b781-acf9-4bdf-af8f-c555034e0271","Aves","Passeriformes","Acanthizidae","Sericornis","citreogularis","Yellow-throated Scrubwren",NA,"2024-07-23 14:44:06",1,"","",NA,NA,NA,NA,"false",NA,NA,"CC-BY-NC","{""{\""detectionBox\"":[0.526721895,0.0000333562493,0.682911694,0.104242325]}""}",2004409,"S05_T08",151.7513983,-32.246685,"2024-07-22 00:00:00","2024-07-25 00:00:00","Other","Universal mammal bait","None",NA,2085505,"S05_T08",0,"Camera Functioning","Knee height",NA,"Parallel",NA,NA,NA,NA,"Site_05",NA,NA,NA,NA,NA,NA,2024-07-23 14:44:06,0,0,0,0
2004409,"S05_T08_2024","73bcfd87-0b41-427c-9a3a-f44c15a0c880","Site05__2024_site5_trap08__2024-07-24__07-14-55(1).JPG","gs://145625598251_2004409_606_usyd_tfe_2022__main/deployment/2310278/prod/directUpload/73bcfd87-0b41-427c-9a3a-f44c15a0c880.JPG",0,"Haruna Nomura","3450b781-acf9-4bdf-af8f-c555034e0271","Aves","Passeriformes","Acanthizidae","Sericornis","citreogularis","Yellow-throated Scrubwren",NA,"2024-07-24 07:14:55",1,"","",NA,NA,NA,NA,"false",NA,NA,"CC-BY-NC","{""{\""detectionBox\"":[0.827283442,0.66122061,0.978728414,0.870460808]}""}",2004409,"S05_T08",151.7513983,-32.246685,"2024-07-22 00:00:00","2024-07-25 00:00:00","Other","Universal mammal bait","None",NA,2085505,"S05_T08",0,"Camera Functioning","Knee height",NA,"Parallel",NA,NA,NA,NA,"Site_05",NA,NA,NA,NA,NA,NA,2024-07-24 07:14:55,59449,991,16.5,0.7
2004409,"S05_T08_2024","f3d43c1e-6993-44e9-b8f5-9964aa305498","Site05__2024_site5_trap08__2024-07-24__08-19-36(1).JPG","gs://145625598251_2004409_606_usyd_tfe_2022__main/deployment/2310278/prod/directUpload/f3d43c1e-6993-44e9-b8f5-9964aa305498.JPG",0,"Haruna Nomura","3450b781-acf9-4bdf-af8f-c555034e0271","Aves","Passeriformes","Acanthizidae","Sericornis","citreogularis","Yellow-throated Scrubwren",NA,"2024-07-24 08:19:36",1,"","",NA,NA,NA,NA,"false",NA,NA,"CC-BY-NC","",2004409,"S05_T08",151.7513983,-32.246685,"2024-07-22 00:00:00","2024-07-25 00:00:00","Other","Universal mammal bait","None",NA,2085505,"S05_T08",0,"Camera Functioning","Knee height",NA,"Parallel",NA,NA,NA,NA,"Site_05",NA,NA,NA,NA,NA,NA,2024-07-24 08:19:36,3881,65,1.1,0
2004409,"S05_T08_2024","e48221b9-eefb-489f-9cc4-15c8071e14a6","Site05__2024_site5_trap08__2024-07-24__11-00-45(1).JPG","gs://145625598251_2004409_606_usyd_tfe_2022__main/deployment/2310278/prod/directUpload/e48221b9-eefb-489f-9cc4-15c8071e14a6.JPG",0,"Haruna Nomura","3450b781-acf9-4bdf-af8f-c555034e0271","Aves","Passeriformes","Acanthizidae","Sericornis","citreogularis","Yellow-throated Scrubwren",NA,"2024-07-24 11:00:45",1,"","",NA,NA,NA,NA,"false",NA,NA,"CC-BY-NC","{""{\""detectionBox\"":[0.798288763,0.05239252,0.966087461,0.236437678]}""}",2004409,"S05_T08",151.7513983,-32.246685,"2024-07-22 00:00:00","2024-07-25 00:00:00","Other","Universal mammal bait","None",NA,2085505,"S05_T08",0,"Camera Functioning","Knee height",NA,"Parallel",NA,NA,NA,NA,"Site_05",NA,NA,NA,NA,NA,NA,2024-07-24 11:00:45,9669,161,2.7,0.1
2004409,"S05_T10_2024","33414ea6-9f75-4ec4-819f-e2fc25942dfd","Site05__2024_site5_trap10__2024-07-24__07-07-26(1).JPG","gs://145625598251_2004409_606_usyd_tfe_2022__main/deployment/2310279/prod/directUpload/33414ea6-9f75-4ec4-819f-e2fc25942dfd.JPG",0,"Aaron Greenville","2f833b9c-3f9e-431f-b6e7-1d6dca01a0b6","Aves","Passeriformes","Turdidae","Zoothera","lunulata","Bassian Thrush",NA,"2024-07-24 07:07:26",1,"","",NA,NA,NA,NA,"false",NA,NA,"CC-BY-NC","{""{\""detectionBox\"":[0.754515171,0.502981126,0.978225827,0.8026914]}""}",2004409,"S05_T10",151.751655,-32.24666167,"2024-07-22 00:00:00","2024-07-25 00:00:00","Other","Universal mammal bait","None",NA,2085506,"S05_T10",0,"Camera Functioning","Knee height",NA,"Parallel",NA,NA,NA,NA,"Site_05",NA,NA,NA,NA,NA,NA,2024-07-24 07:07:26,0,0,0,0
2004409,"S05_T10_2024","6d04dc73-7894-420d-845e-bac119152806","Site05__2024_site5_trap10__2024-07-24__06-11-17(3).JPG","gs://145625598251_2004409_606_usyd_tfe_2022__main/deployment/2310279/prod/directUpload/6d04dc73-7894-420d-845e-bac119152806.JPG",0,"Mikey Thompson","6ccf0c56-72ce-49c5-84bd-3aca403c1b26","Mammalia","Dasyuromorphia","Dasyuridae","Antechinus","stuartii","Brown Antechinus",NA,"2024-07-24 06:11:17",1,"","",NA,NA,NA,NA,"false",NA,NA,"CC-BY-NC","{""{\""detectionBox\"":[0.51527065,0.685426593,0.629382074,0.738354445]}""}",2004409,"S05_T10",151.751655,-32.24666167,"2024-07-22 00:00:00","2024-07-25 00:00:00","Other","Universal mammal bait","None",NA,2085506,"S05_T10",0,"Camera Functioning","Knee height",NA,"Parallel",NA,NA,NA,NA,"Site_05",NA,NA,NA,NA,NA,NA,2024-07-24 06:11:17,0,0,0,0
2004409,"S05_T10_2024","a77d2d44-6733-4464-8a63-3fec1cc6ae2b","Site05__2024_site5_trap10__2024-07-25__01-10-39(1).JPG","gs://145625598251_2004409_606_usyd_tfe_2022__main/deployment/2310279/prod/directUpload/a77d2d44-6733-4464-8a63-3fec1cc6ae2b.JPG",0,"Mikey Thompson","6ccf0c56-72ce-49c5-84bd-3aca403c1b26","Mammalia","Dasyuromorphia","Dasyuridae","Antechinus","stuartii","Brown Antechinus",NA,"2024-07-25 01:10:39",1,"","",NA,NA,NA,NA,"false",NA,NA,"CC-BY-NC","",2004409,"S05_T10",151.751655,-32.24666167,"2024-07-22 00:00:00","2024-07-25 00:00:00","Other","Universal mammal bait","None",NA,2085506,"S05_T10",0,"Camera Functioning","Knee height",NA,"Parallel",NA,NA,NA,NA,"Site_05",NA,NA,NA,NA,NA,NA,2024-07-25 01:10:39,68362,1139,19,0.8
2004409,"S05_T10_2024","e90c47c1-89e3-45d1-8840-4ea366511dc3","Site05__2024_site5_trap10__2024-07-22__21-36-33(1).JPG","gs://145625598251_2004409_606_usyd_tfe_2022__main/deployment/2310279/prod/directUpload/e90c47c1-89e3-45d1-8840-4ea366511dc3.JPG",0,"Mikey Thompson","f97e5485-9bda-4eeb-83a3-d65ba57f410c","Mammalia","Rodentia","Muridae","Rattus","fuscipes","Bush Rat",NA,"2024-07-22 21:36:33",1,"","",NA,NA,NA,NA,"false",NA,NA,"CC-BY-NC","{""{\""detectionBox\"":[0.437264889,0.553739786,0.528882563,0.662252307]}""}",2004409,"S05_T10",151.751655,-32.24666167,"2024-07-22 00:00:00","2024-07-25 00:00:00","Other","Universal mammal bait","None",NA,2085506,"S05_T10",0,"Camera Functioning","Knee height",NA,"Parallel",NA,NA,NA,NA,"Site_05",NA,NA,NA,NA,NA,NA,2024-07-22 21:36:33,0,0,0,0
2004409,"S05_T10_2024","6b68dfbd-0d36-43e7-a235-9fe6fa5a1d39","Site05__2024_site5_trap10__2024-07-22__21-42-37(1).JPG","gs://145625598251_2004409_606_usyd_tfe_2022__main/deployment/2310279/prod/directUpload/6b68dfbd-0d36-43e7-a235-9fe6fa5a1d39.JPG",0,"Mikey Thompson","f97e5485-9bda-4eeb-83a3-d65ba57f410c","Mammalia","Rodentia","Muridae","Rattus","fuscipes","Bush Rat",NA,"2024-07-22 21:42:37",1,"","",NA,NA,NA,NA,"false",NA,NA,"CC-BY-NC","{""{\""detectionBox\"":[0.447049201,0.533678472,0.676649392,0.67053026]}""}",2004409,"S05_T10",151.751655,-32.24666167,"2024-07-22 00:00:00","2024-07-25 00:00:00","Other","Universal mammal bait","None",NA,2085506,"S05_T10",0,"Camera Functioning","Knee height",NA,"Parallel",NA,NA,NA,NA,"Site_05",NA,NA,NA,NA,NA,NA,2024-07-22 21:42:37,364,6,0.1,0
2004409,"S05_T10_2024","c8324213-7d59-4e8c-8a52-0221c8d05c85","Site05__2024_site5_trap10__2024-07-22__21-50-04(1).JPG","gs://145625598251_2004409_606_usyd_tfe_2022__main/deployment/2310279/prod/directUpload/c8324213-7d59-4e8c-8a52-0221c8d05c85.JPG",0,"Mikey Thompson","f97e5485-9bda-4eeb-83a3-d65ba57f410c","Mammalia","Rodentia","Muridae","Rattus","fuscipes","Bush Rat",NA,"2024-07-22 21:50:04",1,"","",NA,NA,NA,NA,"false",NA,NA,"CC-BY-NC","{""{\""detectionBox\"":[0.772315085,0.550140202,0.90941596,0.694617331]}""}",2004409,"S05_T10",151.751655,-32.24666167,"2024-07-22 00:00:00","2024-07-25 00:00:00","Other","Universal mammal bait","None",NA,2085506,"S05_T10",0,"Camera Functioning","Knee height",NA,"Parallel",NA,NA,NA,NA,"Site_05",NA,NA,NA,NA,NA,NA,2024-07-22 21:50:04,447,7,0.1,0
2004409,"S05_T10_2024","16bf88f1-becb-41aa-83a2-8e2324cdc23f","Site05__2024_site5_trap10__2024-07-22__22-04-58(1).JPG","gs://145625598251_2004409_606_usyd_tfe_2022__main/deployment/2310279/prod/directUpload/16bf88f1-becb-41aa-83a2-8e2324cdc23f.JPG",0,"Mikey Thompson","f97e5485-9bda-4eeb-83a3-d65ba57f410c","Mammalia","Rodentia","Muridae","Rattus","fuscipes","Bush Rat",NA,"2024-07-22 22:04:58",1,"","",NA,NA,NA,NA,"false",NA,NA,"CC-BY-NC","{""{\""detectionBox\"":[0.656522,0.614344597,0.892600358,0.89309144]}""}",2004409,"S05_T10",151.751655,-32.24666167,"2024-07-22 00:00:00","2024-07-25 00:00:00","Other","Universal mammal bait","None",NA,2085506,"S05_T10",0,"Camera Functioning","Knee height",NA,"Parallel",NA,NA,NA,NA,"Site_05",NA,NA,NA,NA,NA,NA,2024-07-22 22:04:58,894,15,0.2,0
2004409,"S05_T10_2024","3109c950-eb43-4f2d-8f2d-160931284439","Site05__2024_site5_trap10__2024-07-22__23-57-49(1).JPG","gs://145625598251_2004409_606_usyd_tfe_2022__main/deployment/2310279/prod/directUpload/3109c950-eb43-4f2d-8f2d-160931284439.JPG",0,"Mikey Thompson","f97e5485-9bda-4eeb-83a3-d65ba57f410c","Mammalia","Rodentia","Muridae","Rattus","fuscipes","Bush Rat",NA,"2024-07-22 23:57:49",1,"","",NA,NA,NA,NA,"false",NA,NA,"CC-BY-NC","{""{\""detectionBox\"":[0.773854,0.431454122,0.95121485,0.559895277]}""}",2004409,"S05_T10",151.751655,-32.24666167,"2024-07-22 00:00:00","2024-07-25 00:00:00","Other","Universal mammal bait","None",NA,2085506,"S05_T10",0,"Camera Functioning","Knee height",NA,"Parallel",NA,NA,NA,NA,"Site_05",NA,NA,NA,NA,NA,NA,2024-07-22 23:57:49,6771,113,1.9,0.1
2004409,"S05_T10_2024","cd347e67-cbc8-488f-931e-70bb9a32d3b0","Site05__2024_site5_trap10__2024-07-23__00-07-43(5).JPG","gs://145625598251_2004409_606_usyd_tfe_2022__main/deployment/2310279/prod/directUpload/cd347e67-cbc8-488f-931e-70bb9a32d3b0.JPG",0,"Mikey Thompson","f97e5485-9bda-4eeb-83a3-d65ba57f410c","Mammalia","Rodentia","Muridae","Rattus","fuscipes","Bush Rat",NA,"2024-07-23 00:07:43",1,"","",NA,NA,NA,NA,"false",NA,NA,"CC-BY-NC","{""{\""detectionBox\"":[0.699343741,0.718961537,0.789740503,0.853353202]}""}",2004409,"S05_T10",151.751655,-32.24666167,"2024-07-22 00:00:00","2024-07-25 00:00:00","Other","Universal mammal bait","None",NA,2085506,"S05_T10",0,"Camera Functioning","Knee height",NA,"Parallel",NA,NA,NA,NA,"Site_05",NA,NA,NA,NA,NA,NA,2024-07-23 00:07:43,594,10,0.2,0
2004409,"S05_T10_2024","d659d24c-ab88-46c5-8764-637270281b6c","Site05__2024_site5_trap10__2024-07-23__00-18-46(1).JPG","gs://145625598251_2004409_606_usyd_tfe_2022__main/deployment/2310279/prod/directUpload/d659d24c-ab88-46c5-8764-637270281b6c.JPG",0,"Mikey Thompson","f97e5485-9bda-4eeb-83a3-d65ba57f410c","Mammalia","Rodentia","Muridae","Rattus","fuscipes","Bush Rat",NA,"2024-07-23 00:18:46",1,"","",NA,NA,NA,NA,"false",NA,NA,"CC-BY-NC","{""{\""detectionBox\"":[0.538676739,0.0474814028,0.653929353,0.317112029]}""}",2004409,"S05_T10",151.751655,-32.24666167,"2024-07-22 00:00:00","2024-07-25 00:00:00","Other","Universal mammal bait","None",NA,2085506,"S05_T10",0,"Camera Functioning","Knee height",NA,"Parallel",NA,NA,NA,NA,"Site_05",NA,NA,NA,NA,NA,NA,2024-07-23 00:18:46,663,11,0.2,0
2004409,"S05_T10_2024","0c34fdd8-f7c1-42e7-bac0-4fb01e7ec054","Site05__2024_site5_trap10__2024-07-23__05-44-34(1).JPG","gs://145625598251_2004409_606_usyd_tfe_2022__main/deployment/2310279/prod/directUpload/0c34fdd8-f7c1-42e7-bac0-4fb01e7ec054.JPG",0,"Mikey Thompson","f97e5485-9bda-4eeb-83a3-d65ba57f410c","Mammalia","Rodentia","Muridae","Rattus","fuscipes","Bush Rat",NA,"2024-07-23 05:44:34",1,"","",NA,NA,NA,NA,"false",NA,NA,"CC-BY-NC","{""{\""detectionBox\"":[0.755722463,0.300870776,0.928031206,0.518569589]}""}",2004409,"S05_T10",151.751655,-32.24666167,"2024-07-22 00:00:00","2024-07-25 00:00:00","Other","Universal mammal bait","None",NA,2085506,"S05_T10",0,"Camera Functioning","Knee height",NA,"Parallel",NA,NA,NA,NA,"Site_05",NA,NA,NA,NA,NA,NA,2024-07-23 05:44:34,19548,326,5.4,0.2
2004409,"S05_T10_2024","5f86b8ee-d8a4-4ef1-be29-ec6fc63c393c","Site05__2024_site5_trap10__2024-07-24__04-34-04(1).JPG","gs://145625598251_2004409_606_usyd_tfe_2022__main/deployment/2310279/prod/directUpload/5f86b8ee-d8a4-4ef1-be29-ec6fc63c393c.JPG",0,"Mikey Thompson","f97e5485-9bda-4eeb-83a3-d65ba57f410c","Mammalia","Rodentia","Muridae","Rattus","fuscipes","Bush Rat",NA,"2024-07-24 04:34:04",1,"","",NA,NA,NA,NA,"false",NA,NA,"CC-BY-NC","{""{\""detectionBox\"":[0.515553474,0.131390363,0.660563648,0.206866771]}""}",2004409,"S05_T10",151.751655,-32.24666167,"2024-07-22 00:00:00","2024-07-25 00:00:00","Other","Universal mammal bait","None",NA,2085506,"S05_T10",0,"Camera Functioning","Knee height",NA,"Parallel",NA,NA,NA,NA,"Site_05",NA,NA,NA,NA,NA,NA,2024-07-24 04:34:04,82170,1370,22.8,1
2004409,"S05_T10_2024","49a1b6f5-ea75-46c3-b8aa-fe4336cfc794","Site05__2024_site5_trap10__2024-07-24__05-27-21(1).JPG","gs://145625598251_2004409_606_usyd_tfe_2022__main/deployment/2310279/prod/directUpload/49a1b6f5-ea75-46c3-b8aa-fe4336cfc794.JPG",0,"Mikey Thompson","f97e5485-9bda-4eeb-83a3-d65ba57f410c","Mammalia","Rodentia","Muridae","Rattus","fuscipes","Bush Rat",NA,"2024-07-24 05:27:21",1,"","",NA,NA,NA,NA,"false",NA,NA,"CC-BY-NC","{""{\""detectionBox\"":[0.53703171,0.269672155,0.632755697,0.39871937]}""}",2004409,"S05_T10",151.751655,-32.24666167,"2024-07-22 00:00:00","2024-07-25 00:00:00","Other","Universal mammal bait","None",NA,2085506,"S05_T10",0,"Camera Functioning","Knee height",NA,"Parallel",NA,NA,NA,NA,"Site_05",NA,NA,NA,NA,NA,NA,2024-07-24 05:27:21,3197,53,0.9,0
2004409,"S05_T10_2024","6b7cc267-84f0-486d-9ece-197a04744de8","Site05__2024_site5_trap10__2024-07-24__06-11-15(1).JPG","gs://145625598251_2004409_606_usyd_tfe_2022__main/deployment/2310279/prod/directUpload/6b7cc267-84f0-486d-9ece-197a04744de8.JPG",0,"Mikey Thompson","f97e5485-9bda-4eeb-83a3-d65ba57f410c","Mammalia","Rodentia","Muridae","Rattus","fuscipes","Bush Rat",NA,"2024-07-24 06:11:15",1,"","",NA,NA,NA,NA,"false",NA,NA,"CC-BY-NC","{""{\""detectionBox\"":[0.502461,0.637987256,0.597545505,0.695111752]}""}",2004409,"S05_T10",151.751655,-32.24666167,"2024-07-22 00:00:00","2024-07-25 00:00:00","Other","Universal mammal bait","None",NA,2085506,"S05_T10",0,"Camera Functioning","Knee height",NA,"Parallel",NA,NA,NA,NA,"Site_05",NA,NA,NA,NA,NA,NA,2024-07-24 06:11:15,2634,44,0.7,0
2004409,"S05_T10_2024","aca88c8b-3184-4664-9b26-ba306dfd9d9f","Site05__2024_site5_trap10__2024-07-23__20-07-58(1).JPG","gs://145625598251_2004409_606_usyd_tfe_2022__main/deployment/2310279/prod/directUpload/aca88c8b-3184-4664-9b26-ba306dfd9d9f.JPG",0,"Mikey Thompson","d5b17565-2220-4d49-85e6-00e1295f6169","Mammalia","Peramelemorphia","Peramelidae","Perameles","nasuta","Long-nosed Bandicoot",NA,"2024-07-23 20:07:58",1,"","",NA,NA,NA,NA,"false",NA,NA,"CC-BY-NC","{""{\""detectionBox\"":[0.385488957,0.333201468,0.515474081,0.453705847]}""}",2004409,"S05_T10",151.751655,-32.24666167,"2024-07-22 00:00:00","2024-07-25 00:00:00","Other","Universal mammal bait","None",NA,2085506,"S05_T10",0,"Camera Functioning","Knee height",NA,"Parallel",NA,NA,NA,NA,"Site_05",NA,NA,NA,NA,NA,NA,2024-07-23 20:07:58,0,0,0,0
2004409,"S05_T10_2024","b44b0caf-7cd1-49c6-9039-44fd942b0f25","Site05__2024_site5_trap10__2024-07-23__22-03-25(1).JPG","gs://145625598251_2004409_606_usyd_tfe_2022__main/deployment/2310279/prod/directUpload/b44b0caf-7cd1-49c6-9039-44fd942b0f25.JPG",0,"Mikey Thompson","d5b17565-2220-4d49-85e6-00e1295f6169","Mammalia","Peramelemorphia","Peramelidae","Perameles","nasuta","Long-nosed Bandicoot",NA,"2024-07-23 22:03:25",1,"","",NA,NA,NA,NA,"false",NA,NA,"CC-BY-NC","{""{\""detectionBox\"":[0.846672833,0.000328816473,0.976505,0.095540449]}""}",2004409,"S05_T10",151.751655,-32.24666167,"2024-07-22 00:00:00","2024-07-25 00:00:00","Other","Universal mammal bait","None",NA,2085506,"S05_T10",0,"Camera Functioning","Knee height",NA,"Parallel",NA,NA,NA,NA,"Site_05",NA,NA,NA,NA,NA,NA,2024-07-23 22:03:25,6927,115,1.9,0.1
2004409,"S05_T10_2024","009fd405-a7f8-4d7b-b014-bb49163d7669","Site05__2024_site5_trap10__2024-07-22__22-06-54(10).JPG","gs://145625598251_2004409_606_usyd_tfe_2022__main/deployment/2310279/prod/directUpload/009fd405-a7f8-4d7b-b014-bb49163d7669.JPG",0,"Aaron Greenville","00049ff0-2ffa-4d82-8cf3-c861fbbfa9d5","Mammalia","Rodentia","Muridae","Rattus","","Rattus Species",NA,"2024-07-22 22:06:54",1,"","",NA,NA,NA,NA,"false",NA,NA,"CC-BY-NC","{""{\""detectionBox\"":[0.432416767,0.540144563,0.532722354,0.627861381]}""}",2004409,"S05_T10",151.751655,-32.24666167,"2024-07-22 00:00:00","2024-07-25 00:00:00","Other","Universal mammal bait","None",NA,2085506,"S05_T10",0,"Camera Functioning","Knee height",NA,"Parallel",NA,NA,NA,NA,"Site_05",NA,NA,NA,NA,NA,NA,2024-07-22 22:06:54,0,0,0,0
2004409,"S05_T10_2024","6472e43f-4d84-4b82-a9ab-d2a6483f047b","Site05__2024_site5_trap10__2024-07-24__18-47-49(1).JPG","gs://145625598251_2004409_606_usyd_tfe_2022__main/deployment/2310279/prod/directUpload/6472e43f-4d84-4b82-a9ab-d2a6483f047b.JPG",0,"Mikey Thompson","e3df98de-20bf-44e2-a0a6-6fb2adc35519","Mammalia","Diprotodontia","Phalangeridae","Trichosurus","caninus","Short-eared Brushtail Possum",NA,"2024-07-24 18:47:49",1,"","",NA,NA,NA,NA,"false",NA,NA,"CC-BY-NC","{""{\""detectionBox\"":[0.736608505,0.000891000032,0.977254152,0.243230551]}""}",2004409,"S05_T10",151.751655,-32.24666167,"2024-07-22 00:00:00","2024-07-25 00:00:00","Other","Universal mammal bait","None",NA,2085506,"S05_T10",0,"Camera Functioning","Knee height",NA,"Parallel",NA,NA,NA,NA,"Site_05",NA,NA,NA,NA,NA,NA,2024-07-24 18:47:49,0,0,0,0
2004409,"S05_T10_2024","c3dd288d-9e67-4ad1-afc3-45747041f638","Site05__2024_site5_trap10__2024-07-24__08-51-08(1).JPG","gs://145625598251_2004409_606_usyd_tfe_2022__main/deployment/2310279/prod/directUpload/c3dd288d-9e67-4ad1-afc3-45747041f638.JPG",0,"Mikey Thompson","3450b781-acf9-4bdf-af8f-c555034e0271","Aves","Passeriformes","Acanthizidae","Sericornis","citreogularis","Yellow-throated Scrubwren",NA,"2024-07-24 08:51:08",1,"","",NA,NA,NA,NA,"false",NA,NA,"CC-BY-NC","",2004409,"S05_T10",151.751655,-32.24666167,"2024-07-22 00:00:00","2024-07-25 00:00:00","Other","Universal mammal bait","None",NA,2085506,"S05_T10",0,"Camera Functioning","Knee height",NA,"Parallel",NA,NA,NA,NA,"Site_05",NA,NA,NA,NA,NA,NA,2024-07-24 08:51:08,0,0,0,0
2004409,"S05_T10_2024","8adcbbd3-cabf-465e-a570-68edd94e195b","Site05__2024_site5_trap10__2024-07-25__08-26-14(1).JPG","gs://145625598251_2004409_606_usyd_tfe_2022__main/deployment/2310279/prod/directUpload/8adcbbd3-cabf-465e-a570-68edd94e195b.JPG",0,"Mikey Thompson","3450b781-acf9-4bdf-af8f-c555034e0271","Aves","Passeriformes","Acanthizidae","Sericornis","citreogularis","Yellow-throated Scrubwren",NA,"2024-07-25 08:26:14",1,"","",NA,NA,NA,NA,"false",NA,NA,"CC-BY-NC","{""{\""detectionBox\"":[0.611868262,0.846823633,0.719516575,0.949056208]}""}",2004409,"S05_T10",151.751655,-32.24666167,"2024-07-22 00:00:00","2024-07-25 00:00:00","Other","Universal mammal bait","None",NA,2085506,"S05_T10",0,"Camera Functioning","Knee height",NA,"Parallel",NA,NA,NA,NA,"Site_05",NA,NA,NA,NA,NA,NA,2024-07-25 08:26:14,84906,1415,23.6,1
2004409,"S05_T12_2024","169dbec5-de36-48fd-a33f-616084d2a58a","Site05__2024_site5_trap12__2024-07-23__02-56-23(1).JPG","gs://145625598251_2004409_606_usyd_tfe_2022__main/deployment/2310280/prod/directUpload/169dbec5-de36-48fd-a33f-616084d2a58a.JPG",0,"Mikey Thompson","6ccf0c56-72ce-49c5-84bd-3aca403c1b26","Mammalia","Dasyuromorphia","Dasyuridae","Antechinus","stuartii","Brown Antechinus",NA,"2024-07-23 02:56:23",1,"","",NA,NA,NA,NA,"false",NA,NA,"CC-BY-NC","{""{\""detectionBox\"":[0.775879681,0.845884264,0.918694139,0.987255037]}""}",2004409,"S05_T12",151.7517167,-32.24657667,"2024-07-22 00:00:00","2024-07-25 00:00:00","Other","Universal mammal bait","None",NA,2085507,"S05_T12",0,"Camera Functioning","Knee height",NA,"Parallel",NA,NA,NA,NA,"Site_05",NA,NA,NA,NA,NA,NA,2024-07-23 02:56:23,0,0,0,0
2004409,"S05_T12_2024","77710ee9-123a-49d4-a694-be0060f0580f","Site05__2024_site5_trap12__2024-07-23__05-30-24(1).JPG","gs://145625598251_2004409_606_usyd_tfe_2022__main/deployment/2310280/prod/directUpload/77710ee9-123a-49d4-a694-be0060f0580f.JPG",0,"Mikey Thompson","6ccf0c56-72ce-49c5-84bd-3aca403c1b26","Mammalia","Dasyuromorphia","Dasyuridae","Antechinus","stuartii","Brown Antechinus",NA,"2024-07-23 05:30:24",1,"","",NA,NA,NA,NA,"false",NA,NA,"CC-BY-NC","",2004409,"S05_T12",151.7517167,-32.24657667,"2024-07-22 00:00:00","2024-07-25 00:00:00","Other","Universal mammal bait","None",NA,2085507,"S05_T12",0,"Camera Functioning","Knee height",NA,"Parallel",NA,NA,NA,NA,"Site_05",NA,NA,NA,NA,NA,NA,2024-07-23 05:30:24,9241,154,2.6,0.1
2004409,"S05_T12_2024","8a523d6a-aea7-4437-92ab-4d6b6ddef8ac","Site05__2024_site5_trap12__2024-07-23__18-08-29(1).JPG","gs://145625598251_2004409_606_usyd_tfe_2022__main/deployment/2310280/prod/directUpload/8a523d6a-aea7-4437-92ab-4d6b6ddef8ac.JPG",0,"Mikey Thompson","6ccf0c56-72ce-49c5-84bd-3aca403c1b26","Mammalia","Dasyuromorphia","Dasyuridae","Antechinus","stuartii","Brown Antechinus",NA,"2024-07-23 18:08:29",1,"","",NA,NA,NA,NA,"false",NA,NA,"CC-BY-NC","{""{\""detectionBox\"":[0.814217329,0.714381,0.915988863,0.830983162]}""}",2004409,"S05_T12",151.7517167,-32.24657667,"2024-07-22 00:00:00","2024-07-25 00:00:00","Other","Universal mammal bait","None",NA,2085507,"S05_T12",0,"Camera Functioning","Knee height",NA,"Parallel",NA,NA,NA,NA,"Site_05",NA,NA,NA,NA,NA,NA,2024-07-23 18:08:29,45485,758,12.6,0.5
2004409,"S05_T12_2024","6ee0b4be-1110-40b4-b335-2e5b758844b7","Site05__2024_site5_trap12__2024-07-23__23-06-39(1).JPG","gs://145625598251_2004409_606_usyd_tfe_2022__main/deployment/2310280/prod/directUpload/6ee0b4be-1110-40b4-b335-2e5b758844b7.JPG",0,"Mikey Thompson","6ccf0c56-72ce-49c5-84bd-3aca403c1b26","Mammalia","Dasyuromorphia","Dasyuridae","Antechinus","stuartii","Brown Antechinus",NA,"2024-07-23 23:06:39",1,"","",NA,NA,NA,NA,"false",NA,NA,"CC-BY-NC","{""{\""detectionBox\"":[0.815128088,0.678882241,0.904925585,0.790413857]}""}",2004409,"S05_T12",151.7517167,-32.24657667,"2024-07-22 00:00:00","2024-07-25 00:00:00","Other","Universal mammal bait","None",NA,2085507,"S05_T12",0,"Camera Functioning","Knee height",NA,"Parallel",NA,NA,NA,NA,"Site_05",NA,NA,NA,NA,NA,NA,2024-07-23 23:06:39,17890,298,5,0.2
2004409,"S05_T12_2024","30b15466-cc3f-4cb5-a608-8df038032176","Site05__2024_site5_trap12__2024-07-24__04-05-15(1).JPG","gs://145625598251_2004409_606_usyd_tfe_2022__main/deployment/2310280/prod/directUpload/30b15466-cc3f-4cb5-a608-8df038032176.JPG",0,"Mikey Thompson","6ccf0c56-72ce-49c5-84bd-3aca403c1b26","Mammalia","Dasyuromorphia","Dasyuridae","Antechinus","stuartii","Brown Antechinus",NA,"2024-07-24 04:05:15",1,"","",NA,NA,NA,NA,"false",NA,NA,"CC-BY-NC","{""{\""detectionBox\"":[0.806231,0.459957331,0.896705508,0.646393538]}""}",2004409,"S05_T12",151.7517167,-32.24657667,"2024-07-22 00:00:00","2024-07-25 00:00:00","Other","Universal mammal bait","None",NA,2085507,"S05_T12",0,"Camera Functioning","Knee height",NA,"Parallel",NA,NA,NA,NA,"Site_05",NA,NA,NA,NA,NA,NA,2024-07-24 04:05:15,17916,299,5,0.2
2004409,"S05_T12_2024","de98c647-dbe9-4cc5-8593-45c68579fd53","Site05__2024_site5_trap12__2024-07-24__17-51-21(1).JPG","gs://145625598251_2004409_606_usyd_tfe_2022__main/deployment/2310280/prod/directUpload/de98c647-dbe9-4cc5-8593-45c68579fd53.JPG",0,"Mikey Thompson","6ccf0c56-72ce-49c5-84bd-3aca403c1b26","Mammalia","Dasyuromorphia","Dasyuridae","Antechinus","stuartii","Brown Antechinus",NA,"2024-07-24 17:51:21",1,"","",NA,NA,NA,NA,"false",NA,NA,"CC-BY-NC","",2004409,"S05_T12",151.7517167,-32.24657667,"2024-07-22 00:00:00","2024-07-25 00:00:00","Other","Universal mammal bait","None",NA,2085507,"S05_T12",0,"Camera Functioning","Knee height",NA,"Parallel",NA,NA,NA,NA,"Site_05",NA,NA,NA,NA,NA,NA,2024-07-24 17:51:21,49566,826,13.8,0.6
2004409,"S05_T12_2024","b43472e6-9cd2-4417-ac98-3c4e7b95d9f5","Site05__2024_site5_trap12__2024-07-23__05-29-55(1).JPG","gs://145625598251_2004409_606_usyd_tfe_2022__main/deployment/2310280/prod/directUpload/b43472e6-9cd2-4417-ac98-3c4e7b95d9f5.JPG",0,"Mikey Thompson","f97e5485-9bda-4eeb-83a3-d65ba57f410c","Mammalia","Rodentia","Muridae","Rattus","fuscipes","Bush Rat",NA,"2024-07-23 05:29:55",1,"","",NA,NA,NA,NA,"false",NA,NA,"CC-BY-NC","",2004409,"S05_T12",151.7517167,-32.24657667,"2024-07-22 00:00:00","2024-07-25 00:00:00","Other","Universal mammal bait","None",NA,2085507,"S05_T12",0,"Camera Functioning","Knee height",NA,"Parallel",NA,NA,NA,NA,"Site_05",NA,NA,NA,NA,NA,NA,2024-07-23 05:29:55,0,0,0,0
2004409,"S05_T12_2024","8e3c6756-8e90-43f7-8e88-60e4b20d8090","Site05__2024_site5_trap12__2024-07-24__18-06-44(1).JPG","gs://145625598251_2004409_606_usyd_tfe_2022__main/deployment/2310280/prod/directUpload/8e3c6756-8e90-43f7-8e88-60e4b20d8090.JPG",0,"Mikey Thompson","f97e5485-9bda-4eeb-83a3-d65ba57f410c","Mammalia","Rodentia","Muridae","Rattus","fuscipes","Bush Rat",NA,"2024-07-24 18:06:44",1,"","",NA,NA,NA,NA,"false",NA,NA,"CC-BY-NC","{""{\""detectionBox\"":[0.55398047,0.686756372,0.644251168,0.826249599]}""}",2004409,"S05_T12",151.7517167,-32.24657667,"2024-07-22 00:00:00","2024-07-25 00:00:00","Other","Universal mammal bait","None",NA,2085507,"S05_T12",0,"Camera Functioning","Knee height",NA,"Parallel",NA,NA,NA,NA,"Site_05",NA,NA,NA,NA,NA,NA,2024-07-24 18:06:44,131809,2197,36.6,1.5
2004409,"S05_T12_2024","96706ca0-d092-4a79-a9b5-13411636e6de","Site05__2024_site5_trap12__2024-07-24__18-49-06(1).JPG","gs://145625598251_2004409_606_usyd_tfe_2022__main/deployment/2310280/prod/directUpload/96706ca0-d092-4a79-a9b5-13411636e6de.JPG",0,"Mikey Thompson","f97e5485-9bda-4eeb-83a3-d65ba57f410c","Mammalia","Rodentia","Muridae","Rattus","fuscipes","Bush Rat",NA,"2024-07-24 18:49:06",1,"","",NA,NA,NA,NA,"false",NA,NA,"CC-BY-NC","{""{\""detectionBox\"":[0.557609081,0.458014846,0.764152527,0.590706468]}""}",2004409,"S05_T12",151.7517167,-32.24657667,"2024-07-22 00:00:00","2024-07-25 00:00:00","Other","Universal mammal bait","None",NA,2085507,"S05_T12",0,"Camera Functioning","Knee height",NA,"Parallel",NA,NA,NA,NA,"Site_05",NA,NA,NA,NA,NA,NA,2024-07-24 18:49:06,2542,42,0.7,0
2004409,"S05_T12_2024","83272cd0-1058-43fd-b779-018ae8b0cf83","Site05__2024_site5_trap12__2024-07-24__20-39-33(1).JPG","gs://145625598251_2004409_606_usyd_tfe_2022__main/deployment/2310280/prod/directUpload/83272cd0-1058-43fd-b779-018ae8b0cf83.JPG",0,"Mikey Thompson","f97e5485-9bda-4eeb-83a3-d65ba57f410c","Mammalia","Rodentia","Muridae","Rattus","fuscipes","Bush Rat",NA,"2024-07-24 20:39:33",1,"","",NA,NA,NA,NA,"false",NA,NA,"CC-BY-NC","{""{\""detectionBox\"":[0.705470502,0.61534214,0.835229158,0.807356119]}""}",2004409,"S05_T12",151.7517167,-32.24657667,"2024-07-22 00:00:00","2024-07-25 00:00:00","Other","Universal mammal bait","None",NA,2085507,"S05_T12",0,"Camera Functioning","Knee height",NA,"Parallel",NA,NA,NA,NA,"Site_05",NA,NA,NA,NA,NA,NA,2024-07-24 20:39:33,6627,110,1.8,0.1
2004409,"S05_T12_2024","a768db76-c257-48d8-8b69-46361ecd510e","Site05__2024_site5_trap12__2024-07-23__20-13-07(1).JPG","gs://145625598251_2004409_606_usyd_tfe_2022__main/deployment/2310280/prod/directUpload/a768db76-c257-48d8-8b69-46361ecd510e.JPG",0,"Mikey Thompson","d5b17565-2220-4d49-85e6-00e1295f6169","Mammalia","Peramelemorphia","Peramelidae","Perameles","nasuta","Long-nosed Bandicoot",NA,"2024-07-23 20:13:07",1,"","",NA,NA,NA,NA,"false",NA,NA,"CC-BY-NC","{""{\""detectionBox\"":[0.767721653,0.467904866,0.976575315,0.659869492]}""}",2004409,"S05_T12",151.7517167,-32.24657667,"2024-07-22 00:00:00","2024-07-25 00:00:00","Other","Universal mammal bait","None",NA,2085507,"S05_T12",0,"Camera Functioning","Knee height",NA,"Parallel",NA,NA,NA,NA,"Site_05",NA,NA,NA,NA,NA,NA,2024-07-23 20:13:07,0,0,0,0
2004409,"S05_T12_2024","1d7c841a-7fc5-4728-8b73-f6bed3ec49c7","Site05__2024_site5_trap12__2024-07-24__18-13-17(1).JPG","gs://145625598251_2004409_606_usyd_tfe_2022__main/deployment/2310280/prod/directUpload/1d7c841a-7fc5-4728-8b73-f6bed3ec49c7.JPG",0,"Mikey Thompson","e3df98de-20bf-44e2-a0a6-6fb2adc35519","Mammalia","Diprotodontia","Phalangeridae","Trichosurus","caninus","Short-eared Brushtail Possum",NA,"2024-07-24 18:13:17",1,"","",NA,NA,NA,NA,"false",NA,NA,"CC-BY-NC","{""{\""detectionBox\"":[0.0814135224,0.686002493,0.868760943,1]}""}",2004409,"S05_T12",151.7517167,-32.24657667,"2024-07-22 00:00:00","2024-07-25 00:00:00","Other","Universal mammal bait","None",NA,2085507,"S05_T12",0,"Camera Functioning","Knee height",NA,"Parallel",NA,NA,NA,NA,"Site_05",NA,NA,NA,NA,NA,NA,2024-07-24 18:13:17,0,0,0,0
2004409,"S05_T12_2024","3644f115-855c-49b7-9e51-94eee584566a","Site05__2024_site5_trap12__2024-07-24__14-01-13(4).JPG","gs://145625598251_2004409_606_usyd_tfe_2022__main/deployment/2310280/prod/directUpload/3644f115-855c-49b7-9e51-94eee584566a.JPG",0,"Mikey Thompson","d839f9ec-e1c3-4fe0-8a95-c02b593dd662","Aves","Passeriformes","Menuridae","Menura","novaehollandiae","Superb Lyrebird",NA,"2024-07-24 14:01:13",1,"","",NA,NA,NA,NA,"false",NA,NA,"CC-BY-NC","{""{\""detectionBox\"":[0.56372273,0.715170562,0.978176236,1]}""}",2004409,"S05_T12",151.7517167,-32.24657667,"2024-07-22 00:00:00","2024-07-25 00:00:00","Other","Universal mammal bait","None",NA,2085507,"S05_T12",0,"Camera Functioning","Knee height",NA,"Parallel",NA,NA,NA,NA,"Site_05",NA,NA,NA,NA,NA,NA,2024-07-24 14:01:13,0,0,0,0
2004409,"S05_T14_2024","e22f92b5-60d0-481d-b38f-c5dd224972d4","Site05__2024_site5_trap14__2024-07-24__16-10-52(1).JPG","gs://145625598251_2004409_606_usyd_tfe_2022__main/deployment/2310281/prod/directUpload/e22f92b5-60d0-481d-b38f-c5dd224972d4.JPG",0,"Mikey Thompson","b1352069-a39c-4a84-a949-60044271c0c1","Aves","","","","","Bird",NA,"2024-07-24 16:10:52",1,"","",NA,NA,NA,NA,"false",NA,NA,"CC-BY-NC","",2004409,"S05_T14",151.7513533,-32.24630167,"2024-07-22 00:00:00","2024-07-25 00:00:00","Other","Universal mammal bait","None",NA,2085508,"S05_T14",0,"Camera Functioning","Knee height",NA,"Parallel",NA,NA,NA,NA,"Site_05",NA,NA,NA,NA,NA,NA,2024-07-24 16:10:52,0,0,0,0
2004409,"S05_T14_2024","37480c35-8870-44f8-8d52-c8e9b3720aea","Site05__2024_site5_trap14__2024-07-22__21-05-09(1).JPG","gs://145625598251_2004409_606_usyd_tfe_2022__main/deployment/2310281/prod/directUpload/37480c35-8870-44f8-8d52-c8e9b3720aea.JPG",0,"Mikey Thompson","6ccf0c56-72ce-49c5-84bd-3aca403c1b26","Mammalia","Dasyuromorphia","Dasyuridae","Antechinus","stuartii","Brown Antechinus",NA,"2024-07-22 21:05:09",1,"","",NA,NA,NA,NA,"false",NA,NA,"CC-BY-NC","",2004409,"S05_T14",151.7513533,-32.24630167,"2024-07-22 00:00:00","2024-07-25 00:00:00","Other","Universal mammal bait","None",NA,2085508,"S05_T14",0,"Camera Functioning","Knee height",NA,"Parallel",NA,NA,NA,NA,"Site_05",NA,NA,NA,NA,NA,NA,2024-07-22 21:05:09,0,0,0,0
2004409,"S05_T14_2024","98b3ee2c-6b88-4af0-a13c-0547f2457b92","Site05__2024_site5_trap14__2024-07-24__01-17-33(1).JPG","gs://145625598251_2004409_606_usyd_tfe_2022__main/deployment/2310281/prod/directUpload/98b3ee2c-6b88-4af0-a13c-0547f2457b92.JPG",0,"Mikey Thompson","6ccf0c56-72ce-49c5-84bd-3aca403c1b26","Mammalia","Dasyuromorphia","Dasyuridae","Antechinus","stuartii","Brown Antechinus",NA,"2024-07-24 01:17:33",1,"","",NA,NA,NA,NA,"false",NA,NA,"CC-BY-NC","",2004409,"S05_T14",151.7513533,-32.24630167,"2024-07-22 00:00:00","2024-07-25 00:00:00","Other","Universal mammal bait","None",NA,2085508,"S05_T14",0,"Camera Functioning","Knee height",NA,"Parallel",NA,NA,NA,NA,"Site_05",NA,NA,NA,NA,NA,NA,2024-07-24 01:17:33,101544,1692,28.2,1.2
2004409,"S05_T14_2024","e09be44e-bac9-4403-adc7-33a4eb9f56b2","Site05__2024_site5_trap14__2024-07-24__20-08-42(4).JPG","gs://145625598251_2004409_606_usyd_tfe_2022__main/deployment/2310281/prod/directUpload/e09be44e-bac9-4403-adc7-33a4eb9f56b2.JPG",0,"Mikey Thompson","f97e5485-9bda-4eeb-83a3-d65ba57f410c","Mammalia","Rodentia","Muridae","Rattus","fuscipes","Bush Rat",NA,"2024-07-24 20:08:42",1,"","",NA,NA,NA,NA,"false",NA,NA,"CC-BY-NC","{""{\""detectionBox\"":[0.559350669,0.117271125,0.658327937,0.21674782]}""}",2004409,"S05_T14",151.7513533,-32.24630167,"2024-07-22 00:00:00","2024-07-25 00:00:00","Other","Universal mammal bait","None",NA,2085508,"S05_T14",0,"Camera Functioning","Knee height",NA,"Parallel",NA,NA,NA,NA,"Site_05",NA,NA,NA,NA,NA,NA,2024-07-24 20:08:42,0,0,0,0
2004409,"S05_T14_2024","377d034c-7f77-41e5-842a-2bc2cdb74ea0","Site05__2024_site5_trap14__2024-07-22__21-46-07(2).JPG","gs://145625598251_2004409_606_usyd_tfe_2022__main/deployment/2310281/prod/directUpload/377d034c-7f77-41e5-842a-2bc2cdb74ea0.JPG",0,"Mikey Thompson","d8cabc3b-7bbe-45b0-b9a9-600e114d189b","Mammalia","","","","","Small Mammal",NA,"2024-07-22 21:46:07",1,"","",NA,NA,NA,NA,"false",NA,NA,"CC-BY-NC","",2004409,"S05_T14",151.7513533,-32.24630167,"2024-07-22 00:00:00","2024-07-25 00:00:00","Other","Universal mammal bait","None",NA,2085508,"S05_T14",0,"Camera Functioning","Knee height",NA,"Parallel",NA,NA,NA,NA,"Site_05",NA,NA,NA,NA,NA,NA,2024-07-22 21:46:07,0,0,0,0
2004409,"S05_T14_2024","2de225ac-4a6e-41e9-afc5-0272a5cfcbfe","Site05__2024_site5_trap14__2024-07-24__20-08-34(1).JPG","gs://145625598251_2004409_606_usyd_tfe_2022__main/deployment/2310281/prod/directUpload/2de225ac-4a6e-41e9-afc5-0272a5cfcbfe.JPG",0,"Mikey Thompson","d8cabc3b-7bbe-45b0-b9a9-600e114d189b","Mammalia","","","","","Small Mammal",NA,"2024-07-24 20:08:34",1,"","",NA,NA,NA,NA,"false",NA,NA,"CC-BY-NC","",2004409,"S05_T14",151.7513533,-32.24630167,"2024-07-22 00:00:00","2024-07-25 00:00:00","Other","Universal mammal bait","None",NA,2085508,"S05_T14",0,"Camera Functioning","Knee height",NA,"Parallel",NA,NA,NA,NA,"Site_05",NA,NA,NA,NA,NA,NA,2024-07-24 20:08:34,166947,2782,46.4,1.9
2004409,"S05_T14_2024","7e2638d3-2ff0-4954-82af-2a31a8f4b8f5","Site05__2024_site5_trap14__2024-07-24__09-08-19(1).JPG","gs://145625598251_2004409_606_usyd_tfe_2022__main/deployment/2310281/prod/directUpload/7e2638d3-2ff0-4954-82af-2a31a8f4b8f5.JPG",0,"Mikey Thompson","d839f9ec-e1c3-4fe0-8a95-c02b593dd662","Aves","Passeriformes","Menuridae","Menura","novaehollandiae","Superb Lyrebird",NA,"2024-07-24 09:08:19",1,"","",NA,NA,NA,NA,"false",NA,NA,"CC-BY-NC","{""{\""detectionBox\"":[0.677424192,0.589637935,0.977030039,0.941063583]}""}",2004409,"S05_T14",151.7513533,-32.24630167,"2024-07-22 00:00:00","2024-07-25 00:00:00","Other","Universal mammal bait","None",NA,2085508,"S05_T14",0,"Camera Functioning","Knee height",NA,"Parallel",NA,NA,NA,NA,"Site_05",NA,NA,NA,NA,NA,NA,2024-07-24 09:08:19,0,0,0,0
2004409,"S05_T14_2024","0a947f46-b5e5-4cac-94f4-7ddf1e696d95","Site05__2024_site5_trap14__2024-07-23__11-21-15(1).JPG","gs://145625598251_2004409_606_usyd_tfe_2022__main/deployment/2310281/prod/directUpload/0a947f46-b5e5-4cac-94f4-7ddf1e696d95.JPG",0,"Mikey Thompson","3450b781-acf9-4bdf-af8f-c555034e0271","Aves","Passeriformes","Acanthizidae","Sericornis","citreogularis","Yellow-throated Scrubwren",NA,"2024-07-23 11:21:15",1,"","",NA,NA,NA,NA,"false",NA,NA,"CC-BY-NC","{""{\""detectionBox\"":[0.518481195,0.253967732,0.631621,0.35283789]}""}",2004409,"S05_T14",151.7513533,-32.24630167,"2024-07-22 00:00:00","2024-07-25 00:00:00","Other","Universal mammal bait","None",NA,2085508,"S05_T14",0,"Camera Functioning","Knee height",NA,"Parallel",NA,NA,NA,NA,"Site_05",NA,NA,NA,NA,NA,NA,2024-07-23 11:21:15,0,0,0,0
2004409,"S05_T16_2024","9d3f658e-13c8-4bdd-b8e6-4856688e690b","Site05__2024_site5_trap16__2024-07-24__19-35-56(3).JPG","gs://145625598251_2004409_606_usyd_tfe_2022__main/deployment/2310282/prod/directUpload/9d3f658e-13c8-4bdd-b8e6-4856688e690b.JPG",0,"Mikey Thompson","f97e5485-9bda-4eeb-83a3-d65ba57f410c","Mammalia","Rodentia","Muridae","Rattus","fuscipes","Bush Rat",NA,"2024-07-24 19:35:56",1,"","",NA,NA,NA,NA,"false",NA,NA,"CC-BY-NC","{""{\""detectionBox\"":[0.467477947,0.851010919,0.5985232,1]}""}",2004409,"S05_T16",151.7515,-32.24640833,"2024-07-22 00:00:00","2024-07-25 00:00:00","Other","Universal mammal bait","None",NA,2085509,"S05_T16",0,"Camera Functioning","Knee height",NA,"Parallel",NA,NA,NA,NA,"Site_05",NA,NA,NA,NA,NA,NA,2024-07-24 19:35:56,0,0,0,0
2004409,"S05_T16_2024","fe39f83f-5c8f-4382-a090-642834a4c309","Site05__2024_site5_trap16__2024-07-24__18-22-57(10).JPG","gs://145625598251_2004409_606_usyd_tfe_2022__main/deployment/2310282/prod/directUpload/fe39f83f-5c8f-4382-a090-642834a4c309.JPG",0,"Mikey Thompson","d8cabc3b-7bbe-45b0-b9a9-600e114d189b","Mammalia","","","","","Small Mammal",NA,"2024-07-24 18:22:57",1,"","",NA,NA,NA,NA,"false",NA,NA,"CC-BY-NC","",2004409,"S05_T16",151.7515,-32.24640833,"2024-07-22 00:00:00","2024-07-25 00:00:00","Other","Universal mammal bait","None",NA,2085509,"S05_T16",0,"Camera Functioning","Knee height",NA,"Parallel",NA,NA,NA,NA,"Site_05",NA,NA,NA,NA,NA,NA,2024-07-24 18:22:57,0,0,0,0
2004409,"S05_T18_2024","3cc017c9-22e3-4974-b920-76a64a4b8424","Site05__2024_site5_trap18__2024-07-22__18-21-13(1).JPG","gs://145625598251_2004409_606_usyd_tfe_2022__main/deployment/2310283/prod/directUpload/3cc017c9-22e3-4974-b920-76a64a4b8424.JPG",0,"Aaron Greenville","6e975946-43db-40cf-a4bb-2977319097a1","Mammalia","Dasyuromorphia","Dasyuridae","Antechinus","","Antechinus Species",NA,"2024-07-22 18:21:13",1,"","",NA,NA,NA,NA,"false",NA,NA,"CC-BY-NC","",2004409,"S05_T18",151.75131,-32.24646167,"2024-07-22 00:00:00","2024-07-25 00:00:00","Other","Universal mammal bait","None",NA,2085510,"S05_T18",0,"Camera Functioning","Knee height",NA,"Parallel",NA,NA,NA,NA,"Site_05",NA,NA,NA,NA,NA,NA,2024-07-22 18:21:13,0,0,0,0
2004409,"S05_T18_2024","966373a7-47c9-45de-8a71-182702d01af7","Site05__2024_site5_trap18__2024-07-22__18-26-14(3).JPG","gs://145625598251_2004409_606_usyd_tfe_2022__main/deployment/2310283/prod/directUpload/966373a7-47c9-45de-8a71-182702d01af7.JPG",0,"Aaron Greenville","6e975946-43db-40cf-a4bb-2977319097a1","Mammalia","Dasyuromorphia","Dasyuridae","Antechinus","","Antechinus Species",NA,"2024-07-22 18:26:14",1,"","",NA,NA,NA,NA,"false",NA,NA,"CC-BY-NC","",2004409,"S05_T18",151.75131,-32.24646167,"2024-07-22 00:00:00","2024-07-25 00:00:00","Other","Universal mammal bait","None",NA,2085510,"S05_T18",0,"Camera Functioning","Knee height",NA,"Parallel",NA,NA,NA,NA,"Site_05",NA,NA,NA,NA,NA,NA,2024-07-22 18:26:14,301,5,0.1,0
2004409,"S05_T18_2024","76cd1ed1-f950-4958-b035-934114afa762","Site05__2024_site5_trap18__2024-07-22__18-32-07(1).JPG","gs://145625598251_2004409_606_usyd_tfe_2022__main/deployment/2310283/prod/directUpload/76cd1ed1-f950-4958-b035-934114afa762.JPG",0,"Lauren Singleton","6e975946-43db-40cf-a4bb-2977319097a1","Mammalia","Dasyuromorphia","Dasyuridae","Antechinus","","Antechinus Species",NA,"2024-07-22 18:32:07",1,"","",NA,NA,NA,NA,"false",NA,NA,"CC-BY-NC","",2004409,"S05_T18",151.75131,-32.24646167,"2024-07-22 00:00:00","2024-07-25 00:00:00","Other","Universal mammal bait","None",NA,2085510,"S05_T18",0,"Camera Functioning","Knee height",NA,"Parallel",NA,NA,NA,NA,"Site_05",NA,NA,NA,NA,NA,NA,2024-07-22 18:32:07,353,6,0.1,0
2004409,"S05_T18_2024","1d5183aa-2896-46c2-97cc-bc1d6d36b8eb","Site05__2024_site5_trap18__2024-07-22__18-54-46(1).JPG","gs://145625598251_2004409_606_usyd_tfe_2022__main/deployment/2310283/prod/directUpload/1d5183aa-2896-46c2-97cc-bc1d6d36b8eb.JPG",0,"Lauren Singleton","6e975946-43db-40cf-a4bb-2977319097a1","Mammalia","Dasyuromorphia","Dasyuridae","Antechinus","","Antechinus Species",NA,"2024-07-22 18:54:46",1,"","",NA,NA,NA,NA,"false",NA,NA,"CC-BY-NC","",2004409,"S05_T18",151.75131,-32.24646167,"2024-07-22 00:00:00","2024-07-25 00:00:00","Other","Universal mammal bait","None",NA,2085510,"S05_T18",0,"Camera Functioning","Knee height",NA,"Parallel",NA,NA,NA,NA,"Site_05",NA,NA,NA,NA,NA,NA,2024-07-22 18:54:46,1359,23,0.4,0
2004409,"S05_T18_2024","72fd5f09-09c8-411e-948c-2975a398ca16","Site05__2024_site5_trap18__2024-07-22__21-40-42(1).JPG","gs://145625598251_2004409_606_usyd_tfe_2022__main/deployment/2310283/prod/directUpload/72fd5f09-09c8-411e-948c-2975a398ca16.JPG",0,"Lauren Singleton","6e975946-43db-40cf-a4bb-2977319097a1","Mammalia","Dasyuromorphia","Dasyuridae","Antechinus","","Antechinus Species",NA,"2024-07-22 21:40:42",1,"","",NA,NA,NA,NA,"false",NA,NA,"CC-BY-NC","{""{\""detectionBox\"":[0.411744624,0.322566181,0.559803605,0.383257359]}""}",2004409,"S05_T18",151.75131,-32.24646167,"2024-07-22 00:00:00","2024-07-25 00:00:00","Other","Universal mammal bait","None",NA,2085510,"S05_T18",0,"Camera Functioning","Knee height",NA,"Parallel",NA,NA,NA,NA,"Site_05",NA,NA,NA,NA,NA,NA,2024-07-22 21:40:42,9956,166,2.8,0.1
2004409,"S05_T18_2024","b64c7b60-5d41-414f-adc1-735175380fc0","Site05__2024_site5_trap18__2024-07-22__21-45-49(1).JPG","gs://145625598251_2004409_606_usyd_tfe_2022__main/deployment/2310283/prod/directUpload/b64c7b60-5d41-414f-adc1-735175380fc0.JPG",0,"Lauren Singleton","6e975946-43db-40cf-a4bb-2977319097a1","Mammalia","Dasyuromorphia","Dasyuridae","Antechinus","","Antechinus Species",NA,"2024-07-22 21:45:49",1,"","",NA,NA,NA,NA,"false",NA,NA,"CC-BY-NC","",2004409,"S05_T18",151.75131,-32.24646167,"2024-07-22 00:00:00","2024-07-25 00:00:00","Other","Universal mammal bait","None",NA,2085510,"S05_T18",0,"Camera Functioning","Knee height",NA,"Parallel",NA,NA,NA,NA,"Site_05",NA,NA,NA,NA,NA,NA,2024-07-22 21:45:49,307,5,0.1,0
2004409,"S05_T18_2024","2622cbd2-d359-40a0-84c0-21156aead9c9","Site05__2024_site5_trap18__2024-07-22__22-41-59(1).JPG","gs://145625598251_2004409_606_usyd_tfe_2022__main/deployment/2310283/prod/directUpload/2622cbd2-d359-40a0-84c0-21156aead9c9.JPG",0,"Lauren Singleton","6e975946-43db-40cf-a4bb-2977319097a1","Mammalia","Dasyuromorphia","Dasyuridae","Antechinus","","Antechinus Species",NA,"2024-07-22 22:41:59",1,"","",NA,NA,NA,NA,"false",NA,NA,"CC-BY-NC","{""{\""detectionBox\"":[0.788533568,0,0.94582355,0.152503401]}""}",2004409,"S05_T18",151.75131,-32.24646167,"2024-07-22 00:00:00","2024-07-25 00:00:00","Other","Universal mammal bait","None",NA,2085510,"S05_T18",0,"Camera Functioning","Knee height",NA,"Parallel",NA,NA,NA,NA,"Site_05",NA,NA,NA,NA,NA,NA,2024-07-22 22:41:59,3370,56,0.9,0
2004409,"S05_T18_2024","22cc9c45-512f-4d27-bc50-a0dfdc96313d","Site05__2024_site5_trap18__2024-07-23__02-54-56(1).JPG","gs://145625598251_2004409_606_usyd_tfe_2022__main/deployment/2310283/prod/directUpload/22cc9c45-512f-4d27-bc50-a0dfdc96313d.JPG",0,"Lauren Singleton","6e975946-43db-40cf-a4bb-2977319097a1","Mammalia","Dasyuromorphia","Dasyuridae","Antechinus","","Antechinus Species",NA,"2024-07-23 02:54:56",1,"","",NA,NA,NA,NA,"false",NA,NA,"CC-BY-NC","{""{\""detectionBox\"":[0.490495652,0.150035948,0.71060282,0.262654185]}""}",2004409,"S05_T18",151.75131,-32.24646167,"2024-07-22 00:00:00","2024-07-25 00:00:00","Other","Universal mammal bait","None",NA,2085510,"S05_T18",0,"Camera Functioning","Knee height",NA,"Parallel",NA,NA,NA,NA,"Site_05",NA,NA,NA,NA,NA,NA,2024-07-23 02:54:56,15177,253,4.2,0.2
2004409,"S05_T18_2024","15531e04-55cc-49f7-a4e2-f4b95f57240b","Site05__2024_site5_trap18__2024-07-23__03-00-11(1).JPG","gs://145625598251_2004409_606_usyd_tfe_2022__main/deployment/2310283/prod/directUpload/15531e04-55cc-49f7-a4e2-f4b95f57240b.JPG",0,"Lauren Singleton","6e975946-43db-40cf-a4bb-2977319097a1","Mammalia","Dasyuromorphia","Dasyuridae","Antechinus","","Antechinus Species",NA,"2024-07-23 03:00:11",1,"","",NA,NA,NA,NA,"false",NA,NA,"CC-BY-NC","",2004409,"S05_T18",151.75131,-32.24646167,"2024-07-22 00:00:00","2024-07-25 00:00:00","Other","Universal mammal bait","None",NA,2085510,"S05_T18",0,"Camera Functioning","Knee height",NA,"Parallel",NA,NA,NA,NA,"Site_05",NA,NA,NA,NA,NA,NA,2024-07-23 03:00:11,315,5,0.1,0
2004409,"S05_T18_2024","113893c5-9abb-4a87-8cbe-33a6c5ff3dea","Site05__2024_site5_trap18__2024-07-23__03-10-09(1).JPG","gs://145625598251_2004409_606_usyd_tfe_2022__main/deployment/2310283/prod/directUpload/113893c5-9abb-4a87-8cbe-33a6c5ff3dea.JPG",0,"Lauren Singleton","6e975946-43db-40cf-a4bb-2977319097a1","Mammalia","Dasyuromorphia","Dasyuridae","Antechinus","","Antechinus Species",NA,"2024-07-23 03:10:09",1,"","",NA,NA,NA,NA,"false",NA,NA,"CC-BY-NC","{""{\""detectionBox\"":[0.802424729,0.360295504,0.977860808,0.449777931]}""}",2004409,"S05_T18",151.75131,-32.24646167,"2024-07-22 00:00:00","2024-07-25 00:00:00","Other","Universal mammal bait","None",NA,2085510,"S05_T18",0,"Camera Functioning","Knee height",NA,"Parallel",NA,NA,NA,NA,"Site_05",NA,NA,NA,NA,NA,NA,2024-07-23 03:10:09,598,10,0.2,0
2004409,"S05_T18_2024","34b8d01c-f543-478d-afe6-cdfb45bea424","Site05__2024_site5_trap18__2024-07-23__18-35-35(1).JPG","gs://145625598251_2004409_606_usyd_tfe_2022__main/deployment/2310283/prod/directUpload/34b8d01c-f543-478d-afe6-cdfb45bea424.JPG",0,"Lauren Singleton","6e975946-43db-40cf-a4bb-2977319097a1","Mammalia","Dasyuromorphia","Dasyuridae","Antechinus","","Antechinus Species",NA,"2024-07-23 18:35:35",1,"","",NA,NA,NA,NA,"false",NA,NA,"CC-BY-NC","",2004409,"S05_T18",151.75131,-32.24646167,"2024-07-22 00:00:00","2024-07-25 00:00:00","Other","Universal mammal bait","None",NA,2085510,"S05_T18",0,"Camera Functioning","Knee height",NA,"Parallel",NA,NA,NA,NA,"Site_05",NA,NA,NA,NA,NA,NA,2024-07-23 18:35:35,55526,925,15.4,0.6
2004409,"S05_T18_2024","9a8ae51a-d139-4412-872d-66714cfdb070","Site05__2024_site5_trap18__2024-07-23__21-23-37(1).JPG","gs://145625598251_2004409_606_usyd_tfe_2022__main/deployment/2310283/prod/directUpload/9a8ae51a-d139-4412-872d-66714cfdb070.JPG",0,"Lauren Singleton","6e975946-43db-40cf-a4bb-2977319097a1","Mammalia","Dasyuromorphia","Dasyuridae","Antechinus","","Antechinus Species",NA,"2024-07-23 21:23:37",1,"","",NA,NA,NA,NA,"false",NA,NA,"CC-BY-NC","{""{\""detectionBox\"":[0.633455276,0.00034320727,0.751051,0.0953879058]}""}",2004409,"S05_T18",151.75131,-32.24646167,"2024-07-22 00:00:00","2024-07-25 00:00:00","Other","Universal mammal bait","None",NA,2085510,"S05_T18",0,"Camera Functioning","Knee height",NA,"Parallel",NA,NA,NA,NA,"Site_05",NA,NA,NA,NA,NA,NA,2024-07-23 21:23:37,10082,168,2.8,0.1
2004409,"S05_T18_2024","520d67c6-b48f-4d70-b4c0-828cffd4131e","Site05__2024_site5_trap18__2024-07-24__18-22-13(1).JPG","gs://145625598251_2004409_606_usyd_tfe_2022__main/deployment/2310283/prod/directUpload/520d67c6-b48f-4d70-b4c0-828cffd4131e.JPG",0,"Lauren Singleton","6e975946-43db-40cf-a4bb-2977319097a1","Mammalia","Dasyuromorphia","Dasyuridae","Antechinus","","Antechinus Species",NA,"2024-07-24 18:22:13",1,"","",NA,NA,NA,NA,"false",NA,NA,"CC-BY-NC","",2004409,"S05_T18",151.75131,-32.24646167,"2024-07-22 00:00:00","2024-07-25 00:00:00","Other","Universal mammal bait","None",NA,2085510,"S05_T18",0,"Camera Functioning","Knee height",NA,"Parallel",NA,NA,NA,NA,"Site_05",NA,NA,NA,NA,NA,NA,2024-07-24 18:22:13,75516,1259,21,0.9
2004409,"S05_T18_2024","32267685-23c7-4113-a4be-c205cb6854cf","Site05__2024_site5_trap18__2024-07-25__02-43-39(1).JPG","gs://145625598251_2004409_606_usyd_tfe_2022__main/deployment/2310283/prod/directUpload/32267685-23c7-4113-a4be-c205cb6854cf.JPG",0,"Lauren Singleton","6e975946-43db-40cf-a4bb-2977319097a1","Mammalia","Dasyuromorphia","Dasyuridae","Antechinus","","Antechinus Species",NA,"2024-07-25 02:43:39",1,"","",NA,NA,NA,NA,"false",NA,NA,"CC-BY-NC","{""{\""detectionBox\"":[0.501995623,0.124683663,0.758410215,0.343310773]}""}",2004409,"S05_T18",151.75131,-32.24646167,"2024-07-22 00:00:00","2024-07-25 00:00:00","Other","Universal mammal bait","None",NA,2085510,"S05_T18",0,"Camera Functioning","Knee height",NA,"Parallel",NA,NA,NA,NA,"Site_05",NA,NA,NA,NA,NA,NA,2024-07-25 02:43:39,30086,501,8.3,0.3
2004409,"S05_T18_2024","6cfb4021-ab76-43ed-9f93-c28f446fd469","Site05__2024_site5_trap18__2024-07-25__09-39-14(10).JPG","gs://145625598251_2004409_606_usyd_tfe_2022__main/deployment/2310283/prod/directUpload/6cfb4021-ab76-43ed-9f93-c28f446fd469.JPG",0,"Lauren Singleton","6ccf0c56-72ce-49c5-84bd-3aca403c1b26","Mammalia","Dasyuromorphia","Dasyuridae","Antechinus","stuartii","Brown Antechinus",NA,"2024-07-25 09:39:14",1,"","",NA,NA,NA,NA,"false",NA,NA,"CC-BY-NC","{""{\""detectionBox\"":[0.0277867224,0.372633159,0.981502831,0.991911948]}""}",2004409,"S05_T18",151.75131,-32.24646167,"2024-07-22 00:00:00","2024-07-25 00:00:00","Other","Universal mammal bait","None",NA,2085510,"S05_T18",0,"Camera Functioning","Knee height",NA,"Parallel",NA,NA,NA,NA,"Site_05",NA,NA,NA,NA,NA,NA,2024-07-25 09:39:14,0,0,0,0
2004409,"S05_T18_2024","3ec99d05-5938-48f0-b1bd-a919db4d8659","Site05__2024_site5_trap18__2024-07-22__18-20-54(1).JPG","gs://145625598251_2004409_606_usyd_tfe_2022__main/deployment/2310283/prod/directUpload/3ec99d05-5938-48f0-b1bd-a919db4d8659.JPG",0,"Lauren Singleton","90d950db-2106-4bd9-a4c1-777604c3eada","Mammalia","Rodentia","","","","Rodent",NA,"2024-07-22 18:20:54",1,"","",NA,NA,NA,NA,"false",NA,NA,"CC-BY-NC","{""{\""detectionBox\"":[0.47585246,0.120074317,0.760271072,0.309540033]}""}",2004409,"S05_T18",151.75131,-32.24646167,"2024-07-22 00:00:00","2024-07-25 00:00:00","Other","Universal mammal bait","None",NA,2085510,"S05_T18",0,"Camera Functioning","Knee height",NA,"Parallel",NA,NA,NA,NA,"Site_05",NA,NA,NA,NA,NA,NA,2024-07-22 18:20:54,0,0,0,0
2004409,"S05_T20_2024","4facc2fd-5dd9-4988-8bb8-ad0d8d6e5138","Site05__2024_site5_trap20__2024-07-22__21-10-15(1).JPG","gs://145625598251_2004409_606_usyd_tfe_2022__main/deployment/2310284/prod/directUpload/4facc2fd-5dd9-4988-8bb8-ad0d8d6e5138.JPG",0,"Lauren Singleton","6e975946-43db-40cf-a4bb-2977319097a1","Mammalia","Dasyuromorphia","Dasyuridae","Antechinus","","Antechinus Species",NA,"2024-07-22 21:10:15",1,"","",NA,NA,NA,NA,"false",NA,NA,"CC-BY-NC","{""{\""detectionBox\"":[0.82123065,0.197791368,0.974539101,0.340053827]}""}",2004409,"S05_T20",151.751165,-32.24647167,"2024-07-22 00:00:00","2024-07-25 00:00:00","Other","Universal mammal bait","None",NA,2085511,"S05_T20",0,"Camera Functioning","Knee height",NA,"Parallel",NA,NA,NA,NA,"Site_05",NA,NA,NA,NA,NA,NA,2024-07-22 21:10:15,0,0,0,0
2004409,"S05_T20_2024","b73dbccc-f7ae-4a87-9e4b-1cea99ebbf87","Site05__2024_site5_trap20__2024-07-23__06-29-48(1).JPG","gs://145625598251_2004409_606_usyd_tfe_2022__main/deployment/2310284/prod/directUpload/b73dbccc-f7ae-4a87-9e4b-1cea99ebbf87.JPG",0,"Lauren Singleton","6e975946-43db-40cf-a4bb-2977319097a1","Mammalia","Dasyuromorphia","Dasyuridae","Antechinus","","Antechinus Species",NA,"2024-07-23 06:29:48",1,"","",NA,NA,NA,NA,"false",NA,NA,"CC-BY-NC","{""{\""detectionBox\"":[0.779232442,0.345225483,0.923233926,0.419722408]}""}",2004409,"S05_T20",151.751165,-32.24647167,"2024-07-22 00:00:00","2024-07-25 00:00:00","Other","Universal mammal bait","None",NA,2085511,"S05_T20",0,"Camera Functioning","Knee height",NA,"Parallel",NA,NA,NA,NA,"Site_05",NA,NA,NA,NA,NA,NA,2024-07-23 06:29:48,33573,560,9.3,0.4
2004409,"S05_T22_2024","ae2ea7fa-2953-4a27-a132-b5519b724564","Site05__2024_site5_trap22__2024-07-23__18-39-55(1).JPG","gs://145625598251_2004409_606_usyd_tfe_2022__main/deployment/2310285/prod/directUpload/ae2ea7fa-2953-4a27-a132-b5519b724564.JPG",0,"Lauren Singleton","f97e5485-9bda-4eeb-83a3-d65ba57f410c","Mammalia","Rodentia","Muridae","Rattus","fuscipes","Bush Rat",NA,"2024-07-23 18:39:55",1,"","",NA,NA,NA,NA,"false",NA,NA,"CC-BY-NC","{""{\""detectionBox\"":[0.831977189,0.419896096,0.97700268,0.535227776]}""}",2004409,"S05_T22",151.7509833,-32.24643667,"2024-07-22 00:00:00","2024-07-25 00:00:00","Other","Universal mammal bait","None",NA,2085512,"S05_T22",0,"Camera Functioning","Knee height",NA,"Parallel",NA,NA,NA,NA,"Site_05",NA,NA,NA,NA,NA,NA,2024-07-23 18:39:55,0,0,0,0
2004409,"S05_T22_2024","39f3b410-9df0-4bea-9ef4-fece36292117","Site05__2024_site5_trap22__2024-07-25__10-07-06(1).JPG","gs://145625598251_2004409_606_usyd_tfe_2022__main/deployment/2310285/prod/directUpload/39f3b410-9df0-4bea-9ef4-fece36292117.JPG",0,"Lauren Singleton","3450b781-acf9-4bdf-af8f-c555034e0271","Aves","Passeriformes","Acanthizidae","Sericornis","citreogularis","Yellow-throated Scrubwren",NA,"2024-07-25 10:07:06",1,"","",NA,NA,NA,NA,"false",NA,NA,"CC-BY-NC","",2004409,"S05_T22",151.7509833,-32.24643667,"2024-07-22 00:00:00","2024-07-25 00:00:00","Other","Universal mammal bait","None",NA,2085512,"S05_T22",0,"Camera Functioning","Knee height",NA,"Parallel",NA,NA,NA,NA,"Site_05",NA,NA,NA,NA,NA,NA,2024-07-25 10:07:06,0,0,0,0
2004409,"S05_T24_2024","a2e00719-f963-4ece-82c7-ee76d443f6c7","Site05__2024_site5_trap24__2024-07-23__10-32-57(10).JPG","gs://145625598251_2004409_606_usyd_tfe_2022__main/deployment/2310286/prod/directUpload/a2e00719-f963-4ece-82c7-ee76d443f6c7.JPG",0,"Aaron Greenville","1f689929-883d-4dae-958c-3d57ab5b6c16","","","","","","Animal",NA,"2024-07-23 10:32:57",1,"","",NA,NA,NA,NA,"false",NA,NA,"CC-BY-NC","",2004409,"S05_T24",151.7508067,-32.24637333,"2024-07-22 00:00:00","2024-07-25 00:00:00","Other","Universal mammal bait","None",NA,2085513,"S05_T24",0,"Camera Functioning","Knee height",NA,"Parallel",NA,NA,NA,NA,"Site_05",NA,NA,NA,NA,NA,NA,2024-07-23 10:32:57,0,0,0,0
2004409,"S05_T24_2024","085a95f3-7474-4b21-ae3d-1652c52cf13e","Site05__2024_site5_trap24__2024-07-23__18-18-20(1).JPG","gs://145625598251_2004409_606_usyd_tfe_2022__main/deployment/2310286/prod/directUpload/085a95f3-7474-4b21-ae3d-1652c52cf13e.JPG",0,"Lauren Singleton","f97e5485-9bda-4eeb-83a3-d65ba57f410c","Mammalia","Rodentia","Muridae","Rattus","fuscipes","Bush Rat",NA,"2024-07-23 18:18:20",1,"","",NA,NA,NA,NA,"false",NA,NA,"CC-BY-NC","",2004409,"S05_T24",151.7508067,-32.24637333,"2024-07-22 00:00:00","2024-07-25 00:00:00","Other","Universal mammal bait","None",NA,2085513,"S05_T24",0,"Camera Functioning","Knee height",NA,"Parallel",NA,NA,NA,NA,"Site_05",NA,NA,NA,NA,NA,NA,2024-07-23 18:18:20,0,0,0,0
2004409,"S05_T24_2024","7e2ae30b-04d8-4ee0-8b27-b5c67b5b900f","Site05__2024_site5_trap24__2024-07-24__19-29-58(1).JPG","gs://145625598251_2004409_606_usyd_tfe_2022__main/deployment/2310286/prod/directUpload/7e2ae30b-04d8-4ee0-8b27-b5c67b5b900f.JPG",0,"Lauren Singleton","f97e5485-9bda-4eeb-83a3-d65ba57f410c","Mammalia","Rodentia","Muridae","Rattus","fuscipes","Bush Rat",NA,"2024-07-24 19:29:58",1,"","",NA,NA,NA,NA,"false",NA,NA,"CC-BY-NC","{""{\""detectionBox\"":[0.400387198,0.302235425,0.517299771,0.513548851]}""}",2004409,"S05_T24",151.7508067,-32.24637333,"2024-07-22 00:00:00","2024-07-25 00:00:00","Other","Universal mammal bait","None",NA,2085513,"S05_T24",0,"Camera Functioning","Knee height",NA,"Parallel",NA,NA,NA,NA,"Site_05",NA,NA,NA,NA,NA,NA,2024-07-24 19:29:58,90698,1512,25.2,1
2004409,"S05_T24_2024","29569848-6c0f-4f55-96d1-d3592f55799f","Site05__2024_site5_trap24__2024-07-25__02-59-34(4).JPG","gs://145625598251_2004409_606_usyd_tfe_2022__main/deployment/2310286/prod/directUpload/29569848-6c0f-4f55-96d1-d3592f55799f.JPG",0,"Lauren Singleton","f97e5485-9bda-4eeb-83a3-d65ba57f410c","Mammalia","Rodentia","Muridae","Rattus","fuscipes","Bush Rat",NA,"2024-07-25 02:59:34",1,"","",NA,NA,NA,NA,"false",NA,NA,"CC-BY-NC","{""{\""detectionBox\"":[0.660231292,0.0710582286,0.888049424,0.239424929]}""}",2004409,"S05_T24",151.7508067,-32.24637333,"2024-07-22 00:00:00","2024-07-25 00:00:00","Other","Universal mammal bait","None",NA,2085513,"S05_T24",0,"Camera Functioning","Knee height",NA,"Parallel",NA,NA,NA,NA,"Site_05",NA,NA,NA,NA,NA,NA,2024-07-25 02:59:34,26976,450,7.5,0.3
2004409,"S05_T24_2024","f87f49d7-f15b-4f1b-b068-ffb5f4966644","Site05__2024_site5_trap24__2024-07-22__11-56-21(1).JPG","gs://145625598251_2004409_606_usyd_tfe_2022__main/deployment/2310286/prod/directUpload/f87f49d7-f15b-4f1b-b068-ffb5f4966644.JPG",0,"Lauren Singleton","44e634c2-78f9-4183-9e00-33f36a4a141e","Aves","Passeriformes","Petroicidae","Eopsaltria","australis","Eastern Yellow Robin",NA,"2024-07-22 11:56:21",1,"","",NA,NA,NA,NA,"false",NA,NA,"CC-BY-NC","",2004409,"S05_T24",151.7508067,-32.24637333,"2024-07-22 00:00:00","2024-07-25 00:00:00","Other","Universal mammal bait","None",NA,2085513,"S05_T24",0,"Camera Functioning","Knee height",NA,"Parallel",NA,NA,NA,NA,"Site_05",NA,NA,NA,NA,NA,NA,2024-07-22 11:56:21,0,0,0,0
2004409,"S05_T24_2024","021222e6-05dc-4610-a59a-232b0ac98055","Site05__2024_site5_trap24__2024-07-23__18-18-21(2).JPG","gs://145625598251_2004409_606_usyd_tfe_2022__main/deployment/2310286/prod/directUpload/021222e6-05dc-4610-a59a-232b0ac98055.JPG",0,"Lauren Singleton","f2d233e3-80e3-433d-9687-e29ecc7a467a","Mammalia","","","","","Mammal",NA,"2024-07-23 18:18:21",1,"","",NA,NA,NA,NA,"false",NA,NA,"CC-BY-NC","{""{\""detectionBox\"":[0.589544296,0.0662901476,0.908422351,0.265563488]}""}",2004409,"S05_T24",151.7508067,-32.24637333,"2024-07-22 00:00:00","2024-07-25 00:00:00","Other","Universal mammal bait","None",NA,2085513,"S05_T24",0,"Camera Functioning","Knee height",NA,"Parallel",NA,NA,NA,NA,"Site_05",NA,NA,NA,NA,NA,NA,2024-07-23 18:18:21,0,0,0,0
2004409,"S05_T24_2024","438f1c63-2d8d-46a7-94bf-c9a639732099","Site05__2024_site5_trap24__2024-07-24__19-31-39(7).JPG","gs://145625598251_2004409_606_usyd_tfe_2022__main/deployment/2310286/prod/directUpload/438f1c63-2d8d-46a7-94bf-c9a639732099.JPG",0,"Lauren Singleton","f2d233e3-80e3-433d-9687-e29ecc7a467a","Mammalia","","","","","Mammal",NA,"2024-07-24 19:31:39",1,"","",NA,NA,NA,NA,"false",NA,NA,"CC-BY-NC","",2004409,"S05_T24",151.7508067,-32.24637333,"2024-07-22 00:00:00","2024-07-25 00:00:00","Other","Universal mammal bait","None",NA,2085513,"S05_T24",0,"Camera Functioning","Knee height",NA,"Parallel",NA,NA,NA,NA,"Site_05",NA,NA,NA,NA,NA,NA,2024-07-24 19:31:39,90798,1513,25.2,1
2004409,"S05_T24_2024","ab9113e3-c4bf-4218-ad7f-be113ebcf6a3","Site05__2024_site5_trap24__2024-07-24__19-30-12(2).JPG","gs://145625598251_2004409_606_usyd_tfe_2022__main/deployment/2310286/prod/directUpload/ab9113e3-c4bf-4218-ad7f-be113ebcf6a3.JPG",0,"Lauren Singleton","00049ff0-2ffa-4d82-8cf3-c861fbbfa9d5","Mammalia","Rodentia","Muridae","Rattus","","Rattus Species",NA,"2024-07-24 19:30:12",1,"","",NA,NA,NA,NA,"false",NA,NA,"CC-BY-NC","{""{\""detectionBox\"":[0.464875311,0.516509354,0.568664312,0.638230622]}""}",2004409,"S05_T24",151.7508067,-32.24637333,"2024-07-22 00:00:00","2024-07-25 00:00:00","Other","Universal mammal bait","None",NA,2085513,"S05_T24",0,"Camera Functioning","Knee height",NA,"Parallel",NA,NA,NA,NA,"Site_05",NA,NA,NA,NA,NA,NA,2024-07-24 19:30:12,0,0,0,0
2004409,"S05_T24_2024","dab2d30a-0daf-4960-a979-fb510b2bdeb5","Site05__2024_site5_trap24__2024-07-25__02-59-27(1).JPG","gs://145625598251_2004409_606_usyd_tfe_2022__main/deployment/2310286/prod/directUpload/dab2d30a-0daf-4960-a979-fb510b2bdeb5.JPG",0,"Lauren Singleton","00049ff0-2ffa-4d82-8cf3-c861fbbfa9d5","Mammalia","Rodentia","Muridae","Rattus","","Rattus Species",NA,"2024-07-25 02:59:27",1,"","",NA,NA,NA,NA,"false",NA,NA,"CC-BY-NC","",2004409,"S05_T24",151.7508067,-32.24637333,"2024-07-22 00:00:00","2024-07-25 00:00:00","Other","Universal mammal bait","None",NA,2085513,"S05_T24",0,"Camera Functioning","Knee height",NA,"Parallel",NA,NA,NA,NA,"Site_05",NA,NA,NA,NA,NA,NA,2024-07-25 02:59:27,26955,449,7.5,0.3
2004409,"S05_T24_2024","1fac61dd-95d6-40a3-b5de-4eea8a8c9bec","Site05__2024_site5_trap24__2024-07-24__19-05-03(1).JPG","gs://145625598251_2004409_606_usyd_tfe_2022__main/deployment/2310286/prod/directUpload/1fac61dd-95d6-40a3-b5de-4eea8a8c9bec.JPG",0,"Lauren Singleton","90d950db-2106-4bd9-a4c1-777604c3eada","Mammalia","Rodentia","","","","Rodent",NA,"2024-07-24 19:05:03",1,"","",NA,NA,NA,NA,"false",NA,NA,"CC-BY-NC","{""{\""detectionBox\"":[0.54325217,0.934296,0.688154876,0.999850392]}""}",2004409,"S05_T24",151.7508067,-32.24637333,"2024-07-22 00:00:00","2024-07-25 00:00:00","Other","Universal mammal bait","None",NA,2085513,"S05_T24",0,"Camera Functioning","Knee height",NA,"Parallel",NA,NA,NA,NA,"Site_05",NA,NA,NA,NA,NA,NA,2024-07-24 19:05:03,0,0,0,0
